2026-09-27 04:55:50, Info                  IBS    InstallWindows:Successfully loaded resource language [en-us]
2026-09-27 04:55:50, Info                  IBS    ------------------------------------------------
2026-09-27 04:55:50, Info       [0x0601c1] IBS    InstallWindows:Install Path = X:\sources
2026-09-27 04:55:50, Info       [0x0601c2] IBS    InstallWindows:Setup Phase = 2
2026-09-27 04:55:50, Info       [0x0606cc] IBS    LogBootDeviceInfo:The firmware boot device ARC path is [multi(0)disk(0)rdisk(2)partition(1)] and NT path is [].
2026-09-27 04:55:50, Info       [0x0606cc] IBS    LogBootDeviceInfo:The system boot device ARC path is [ramdisk(0)] and NT path is [\Device\Ramdisk{d9b257fc-684e-4dcb-ab79-03cfa2f6b750}].
2026-09-27 04:55:50, Info       [0x0601e9] IBS    CheckWinPEVersion:Compatible WinPE Version 10.0.19041 sp 0.0
2026-09-27 04:55:50, Info       [0x0601c9] IBS    InstallWindows:Starting a new install from WinPE
2026-09-27 04:55:50, Info                  IBS    InstallWindows: Setup working directory = X:\windows\panther
2026-09-27 04:55:50, Info       [0x0601ce] IBS    Setup has started phase 2 at 2026-09-27 04:55:50
2026-09-27 04:55:50, Info       [0x0601cf] IBS    Install source is X:\sources
2026-09-27 04:55:50, Info       [0x0601d0] IBS    Build version is 10.0.19041.3636 (WinBuild.160101.0800)
2026-09-27 04:55:50, Info       [0x06403f] IBSLIB CreateSetupBlackboard:Creating a new persistent blackboard. Path is [X:\windows\panther\SetupInfo] Setup phase is [2]
2026-09-27 04:55:50, Info       [0x090008] PANTHR CBlackboard::Open: X:\windows\panther\SetupInfo succeeded.
2026-09-27 04:55:50, Info       [0x064043] IBSLIB CreateSetupBlackboard:Successfully created/opened Setup black board path is [X:\windows\panther\SetupInfo]
2026-09-27 04:55:50, Info                  IBS    InstallWindows:No UI language from a previous boot was found on the blackboard. Using selected language [en-us].
2026-09-27 04:55:50, Info                  IBS    InstallWindows:Setup architecture is [x64]
2026-09-27 04:55:50, Info       [0x0601d5] IBS    InstallWindows:Starting with Empty Queue. Setup Phase = 2
2026-09-27 04:55:50, Info                  PANTHR InitializedCriticalSection for pExecQueue->csLock;
2026-09-27 04:55:50, Info                  PANTHR InitializeModule: Initializing ExecQueue->csLock;
2026-09-27 04:55:50, Info                  PANTHR InitializeModule: Initializing ExecQueue->csLock;
2026-09-27 04:55:50, Info       [0x0601a4] IBS    LoadWorkerModules:Successfully added worker module ScenarioDetect in winsetup.dll
2026-09-27 04:55:50, Info                  PANTHR InitializeModule: Initializing ExecQueue->csLock;
2026-09-27 04:55:50, Info       [0x0601a4] IBS    LoadWorkerModules:Successfully added worker module Engine in winsetup.dll
2026-09-27 04:55:50, Info                  PANTHR InitializeModule: Initializing ExecQueue->csLock;
2026-09-27 04:55:50, Info       [0x0601a4] IBS    LoadWorkerModules:Successfully added worker module Internal in winsetup.dll
2026-09-27 04:55:50, Info                  PANTHR InitializeModule: Initializing ExecQueue->csLock;
2026-09-27 04:55:50, Info       [0x0601a4] IBS    LoadWorkerModules:Successfully added worker module ErrorHandler in winsetup.dll
2026-09-27 04:55:50, Info                  PANTHR InitializeModule: Initializing ExecQueue->csLock;
2026-09-27 04:55:50, Info       [0x0601a4] IBS    LoadWorkerModules:Successfully added worker module Diagnostic in diagnostic.dll
2026-09-27 04:55:50, Info                  PANTHR InitializeModule: Initializing ExecQueue->csLock;
2026-09-27 04:55:50, Info       [0x0601a4] IBS    LoadWorkerModules:Successfully added worker module Unattend in winsetup.dll
2026-09-27 04:55:50, Info                  PANTHR InitializeModule: Initializing ExecQueue->csLock;
2026-09-27 04:55:50, Info       [0x0601a4] IBS    LoadWorkerModules:Successfully added worker module ParseCommandLine in winsetup.dll
2026-09-27 04:55:50, Info                  PANTHR InitializeModule: Initializing ExecQueue->csLock;
2026-09-27 04:55:50, Info       [0x0601a4] IBS    LoadWorkerModules:Successfully added worker module Ems  in winsetup.dll
2026-09-27 04:55:50, Info                  PANTHR InitializeModule: Initializing ExecQueue->csLock;
2026-09-27 04:55:50, Info       [0x0601a4] IBS    LoadWorkerModules:Successfully added worker module PrepareInstallDrive in winsetup.dll
2026-09-27 04:55:50, Info                  PANTHR InitializeModule: Initializing ExecQueue->csLock;
2026-09-27 04:55:50, Info       [0x0601a4] IBS    LoadWorkerModules:Successfully added worker module TempDrive in winsetup.dll
2026-09-27 04:55:50, Info                  PANTHR InitializeModule: Initializing ExecQueue->csLock;
2026-09-27 04:55:50, Info       [0x0601a4] IBS    LoadWorkerModules:Successfully added worker module CopySetupFiles in winsetup.dll
2026-09-27 04:55:50, Info                  PANTHR InitializeModule: Initializing ExecQueue->csLock;
2026-09-27 04:55:50, Info       [0x0601a4] IBS    LoadWorkerModules:Successfully added worker module BootPrep in winsetup.dll
2026-09-27 04:55:50, Info                  PANTHR InitializeModule: Initializing ExecQueue->csLock;
2026-09-27 04:55:50, Info       [0x0601a4] IBS    LoadWorkerModules:Successfully added worker module BootEntries in winsetup.dll
2026-09-27 04:55:50, Info                  PANTHR InitializeModule: Initializing ExecQueue->csLock;
2026-09-27 04:55:50, Info       [0x0601a4] IBS    LoadWorkerModules:Successfully added worker module CopyPrivates in winsetup.dll
2026-09-27 04:55:50, Info                  PANTHR InitializeModule: Initializing ExecQueue->csLock;
2026-09-27 04:55:50, Info       [0x0601a4] IBS    LoadWorkerModules:Successfully added worker module ProductKey in winsetup.dll
2026-09-27 04:55:50, Info                  PANTHR InitializeModule: Initializing ExecQueue->csLock;
2026-09-27 04:55:50, Info       [0x0601a4] IBS    LoadWorkerModules:Successfully added worker module ComputerName in winsetup.dll
2026-09-27 04:55:50, Info                  PANTHR InitializeModule: Initializing ExecQueue->csLock;
2026-09-27 04:55:50, Info       [0x0601a4] IBS    LoadWorkerModules:Successfully added worker module License in winsetup.dll
2026-09-27 04:55:50, Info                  PANTHR InitializeModule: Initializing ExecQueue->csLock;
2026-09-27 04:55:50, Info       [0x0601a4] IBS    LoadWorkerModules:Successfully added worker module DiskInformation in winsetup.dll
2026-09-27 04:55:50, Info                  PANTHR InitializeModule: Initializing ExecQueue->csLock;
2026-09-27 04:55:50, Info       [0x0601a4] IBS    LoadWorkerModules:Successfully added worker module FixBBPaths in winsetup.dll
2026-09-27 04:55:50, Info                  PANTHR InitializeModule: Initializing ExecQueue->csLock;
2026-09-27 04:55:50, Info       [0x0601a4] IBS    LoadWorkerModules:Successfully added worker module DiskConfig in winsetup.dll
2026-09-27 04:55:50, Info                  PANTHR InitializeModule: Initializing ExecQueue->csLock;
2026-09-27 04:55:50, Info       [0x0601a4] IBS    LoadWorkerModules:Successfully added worker module CreatePageFile in winsetup.dll
2026-09-27 04:55:50, Info                  PANTHR InitializeModule: Initializing ExecQueue->csLock;
2026-09-27 04:55:50, Info       [0x0601a4] IBS    LoadWorkerModules:Successfully added worker module Imaging in winsetup.dll
2026-09-27 04:55:50, Info                  PANTHR InitializeModule: Initializing ExecQueue->csLock;
2026-09-27 04:55:50, Info       [0x0601a4] IBS    LoadWorkerModules:Successfully added worker module CopyImages in winsetup.dll
2026-09-27 04:55:50, Info                  PANTHR InitializeModule: Initializing ExecQueue->csLock;
2026-09-27 04:55:50, Info       [0x0601a4] IBS    LoadWorkerModules:Successfully added worker module DeployImages in winsetup.dll
2026-09-27 04:55:50, Info                  PANTHR InitializeModule: Initializing ExecQueue->csLock;
2026-09-27 04:55:50, Info       [0x0601a4] IBS    LoadWorkerModules:Successfully added worker module DiskSpace in winsetup.dll
2026-09-27 04:55:50, Info                  PANTHR InitializeModule: Initializing ExecQueue->csLock;
2026-09-27 04:55:50, Info       [0x0601a4] IBS    LoadWorkerModules:Successfully added worker module Completion in winsetup.dll
2026-09-27 04:55:50, Info                  PANTHR InitializeModule: Initializing ExecQueue->csLock;
2026-09-27 04:55:50, Info       [0x0601a4] IBS    LoadWorkerModules:Successfully added worker module MountDev in winsetup.dll
2026-09-27 04:55:50, Info                  PANTHR InitializeModule: Initializing ExecQueue->csLock;
2026-09-27 04:55:50, Info       [0x0601a4] IBS    LoadWorkerModules:Successfully added worker module Cmi in cmisetup.dll
2026-09-27 04:55:50, Info                  PANTHR InitializeModule: Initializing ExecQueue->csLock;
2026-09-27 04:55:50, Info       [0x0601a4] IBS    LoadWorkerModules:Successfully added worker module SystemRestore in winsetup.dll
2026-09-27 04:55:50, Info                  PANTHR InitializeModule: Initializing ExecQueue->csLock;
2026-09-27 04:55:50, Info       [0x0601a4] IBS    LoadWorkerModules:Successfully added worker module FirstBootCleanup in winsetup.dll
2026-09-27 04:55:50, Info                  PANTHR InitializeModule: Initializing ExecQueue->csLock;
2026-09-27 04:55:50, Info       [0x0601a4] IBS    LoadWorkerModules:Successfully added worker module RestartModule in winsetup.dll
2026-09-27 04:55:50, Info                  PANTHR InitializeModule: Initializing ExecQueue->csLock;
2026-09-27 04:55:50, Info       [0x0601a4] IBS    LoadWorkerModules:Successfully added worker module ExternalDrivers in winsetup.dll
2026-09-27 04:55:50, Info                  PANTHR InitializeModule: Initializing ExecQueue->csLock;
2026-09-27 04:55:50, Info       [0x0601a4] IBS    LoadWorkerModules:Successfully added worker module CBS in winsetup.dll
2026-09-27 04:55:50, Info                  PANTHR InitializeModule: Initializing ExecQueue->csLock;
2026-09-27 04:55:50, Info       [0x0601a4] IBS    LoadWorkerModules:Successfully added worker module SkuAssembly in cmisetup.dll
2026-09-27 04:55:50, Info                  PANTHR InitializeModule: Initializing ExecQueue->csLock;
2026-09-27 04:55:50, Info       [0x0601a4] IBS    LoadWorkerModules:Successfully added worker module LanguagePack in winsetup.dll
2026-09-27 04:55:50, Info                  PANTHR InitializeModule: Initializing ExecQueue->csLock;
2026-09-27 04:55:50, Info       [0x0601a4] IBS    LoadWorkerModules:Successfully added worker module ConfigSet in winsetup.dll
2026-09-27 04:55:50, Info                  PANTHR InitializeModule: Initializing ExecQueue->csLock;
2026-09-27 04:55:50, Info       [0x0601a4] IBS    LoadWorkerModules:Successfully added worker module UnattendImgInstall in winsetup.dll
2026-09-27 04:55:50, Info                  PANTHR InitializeModule: Initializing ExecQueue->csLock;
2026-09-27 04:55:50, Info       [0x0601a4] IBS    LoadWorkerModules:Successfully added worker module CFGOfflineImage in winsetup.dll
2026-09-27 04:55:50, Info                  PANTHR InitializeModule: Initializing ExecQueue->csLock;
2026-09-27 04:55:50, Info                         PnPIBS: Initializing the PnP IBS Module ...
2026-09-27 04:55:50, Info                         PnPIBS: Successfully initialized the PnP IBS Module.
2026-09-27 04:55:50, Info       [0x0601a4] IBS    LoadWorkerModules:Successfully added worker module PnP IBS module in pnpibs.dll
2026-09-27 04:55:50, Info                  PANTHR InitializeModule: Initializing ExecQueue->csLock;
2026-09-27 04:55:50, Info       [0x0601a4] IBS    LoadWorkerModules:Successfully added worker module Compliance in winsetup.dll
2026-09-27 04:55:50, Info                  PANTHR InitializeModule: Initializing ExecQueue->csLock;
2026-09-27 04:55:50, Info       [0x0601a4] IBS    LoadWorkerModules:Successfully added worker module Rollback in winsetup.dll
2026-09-27 04:55:50, Info                  PANTHR InitializeModule: Initializing ExecQueue->csLock;
2026-09-27 04:55:50, Info       [0x0601a4] IBS    LoadWorkerModules:Successfully added worker module Locale in winsetup.dll
2026-09-27 04:55:50, Info                  PANTHR InitializeModule: Initializing ExecQueue->csLock;
2026-09-27 04:55:50, Info       [0x0601a4] IBS    LoadWorkerModules:Successfully added worker module Source media module in winsetup.dll
2026-09-27 04:55:50, Info       [0x060359] IBS    Callback_ScenarioDetect:Setup is starting from [2] phase 
2026-09-27 04:55:50, Info                  IBS    Callback_BootEnvironmentDetect:FirmwareType 2.
2026-09-27 04:55:50, Info                  IBS    Callback_BootEnvironmentDetect: Detected boot environment: EFI
2026-09-27 04:55:50, Info                  PANTHR InitializeModule: Initializing ExecQueue->csLock;
2026-09-27 04:55:50, Info       [0x0601a4] IBS    LoadWorkerModules:Successfully added worker module WinPEUI in win32ui.dll
2026-09-27 04:55:50, Info                  PANTHR InitializeModule: Initializing ExecQueue->csLock;
2026-09-27 04:55:50, Info       [0x0601a4] IBS    LoadWorkerModules:Successfully added worker module WinPEProgress in spprgrss.dll
2026-09-27 04:55:50, Info                  PANTHR InitializeModule: Initializing ExecQueue->csLock;
2026-09-27 04:55:50, Info       [0x0601a4] IBS    LoadWorkerModules:Successfully added worker module WinPEUpgLoader in upgloader.dll
2026-09-27 04:55:50, Info                  PANTHR InitializeModule: Initializing ExecQueue->csLock;
2026-09-27 04:55:50, Info       [0x0601a4] IBS    LoadWorkerModules:Successfully added worker module WdsClient in wdsclient.dll
2026-09-27 04:55:50, Info                  PANTHR InitializeModule: Initializing ExecQueue->csLock;
2026-09-27 04:55:50, Info       [0x0601a4] IBS    LoadWorkerModules:Successfully added worker module WpeUntndBtstrp in winsetup.dll
2026-09-27 04:55:50, Info                  PANTHR InitializeModule: Initializing ExecQueue->csLock;
2026-09-27 04:55:50, Info       [0x0601a4] IBS    LoadWorkerModules:Successfully added worker module Cryptography in cryptosetup.dll
2026-09-27 04:55:50, Info       [0x060004] IBS    Callback_UpdateDrivePathsOnBB:No need to update the blackboard paths.
2026-09-27 04:55:50, Info                  IBS    Callback_Engine_StartupScenarioIsWinPE:Setup is running from RAM drive. Path is [X:\sources]
2026-09-27 04:55:50, Info                  IBS    LoadHWCompatData:Successfully opened HW compat file [X:\sources\hwcompat.txt]
2026-09-27 04:55:50, Info                  IBS    LoadHWCompatData:Successfully opened HW compat file [X:\sources\hwexclude.txt]
2026-09-27 04:55:50, Info                  IBS    Callback_Compliance_LoadDeviceCompatDB:Count of Device IDs is [22102], count of exclusions is [1]
2026-09-27 04:55:50, Info                  IBS    EnumOnlineDriverStoreForInjectedDriverPackages:Enumerating online driver store for injected driver packages.
2026-09-27 04:55:50, Info                  IBS    EnumOnlineDriverStoreCallback:Found non inbox driver package [X:\windows\System32\DriverStore\FileRepository\igdlh64.inf_amd64_60d4859a890d55c0\igdlh64.inf]
2026-09-27 04:55:50, Info                  IBS    GatherDeviceIDsInDriverPackage:Driver package path is [X:\windows\System32\DriverStore\FileRepository\igdlh64.inf_amd64_60d4859a890d55c0\igdlh64.inf]
2026-09-27 04:55:50, Info                         GetModelSectionNameEx:Using section name [IntelGfx.NTamd64.10.0...14393]
2026-09-27 04:55:50, Info                  IBS    AddDeviceIDsToInjectedDriverNodeHelper:Model section name is [IntelGfx.NTamd64.10.0...14393]
2026-09-27 04:55:50, Info                  IBS    GatherDeviceIDsInDriverPackage:Successfully gathered device ID's from [X:\windows\System32\DriverStore\FileRepository\igdlh64.inf_amd64_60d4859a890d55c0\igdlh64.inf]
2026-09-27 04:55:50, Info                  IBS    EnumOnlineDriverStoreForInjectedDriverPackages:Enumerated online driver store. Return code is [0x0]
2026-09-27 04:55:50, Info       [0x070035] DIAG   CallBack_DiagnosticDataGeneration: Called with notification for Initialization
2026-09-27 04:55:50, Info       [0x07003b] DIAG   CallBack_DiagnosticDataGeneration: Starting Timer as we are starting new phase
2026-09-27 04:55:50, Info       [0x06019f] IBS    CallBack_ParseCommandLine:Publishing command line option [/InstallFrom:E:\sources\install.wim]
2026-09-27 04:55:50, Info                  IBS    Callback_Engine_ValidateSystemRequirements:Current OS version [10.0.19041] Service pack version [0.0]
2026-09-27 04:55:50, Info                  IBS    Callback_Engine_ValidateSystemRequirements:System has enough memory: [8060 MB] >= [376 MB]
2026-09-27 04:55:50, Info                  IBS    Callback_Engine_ValidateProcessorRequirements: Processor met minimum system requirements.
2026-09-27 04:55:50, Info                         Callback_GatherDiskInfo: Entry: flags = [0x0]; major = [Initialization] / minor = [0x30005]
2026-09-27 04:55:50, Info                         RefreshDiskInfo: Using VDS
2026-09-27 04:55:50, Info       [0x0606cc] IBS    InitVDSService:Creating VDS loader...
2026-09-27 04:55:50, Info       [0x0606cc] IBS    InitVDSService:Loading VDS service... 
2026-09-27 04:55:55, Info       [0x0606cc] IBS    InitVDSService:Successfully launched service.
2026-09-27 04:55:55, Info       [0x0606cc] IBS    GatherDiskInfo_ThreadFunc:Querying disk information...
2026-09-27 04:55:56, Info       [0x0606cc] IBS    GatherVolumeDriveLetters: Querying drive letters...
2026-09-27 04:55:56, Info       [0x0606cc] IBS    GatherVolumeDriveLetters: Done querying drive letters.
2026-09-27 04:55:56, Info       [0x0606cc] IBS    GatherDiskInfo_ThreadFunc:Finished gathering disk information.
2026-09-27 04:55:56, Info                         PublishDiskInfoOnBlackboard: Serializing disk info...
2026-09-27 04:55:56, Info                         GatherCapabilityParams: Can't tell if user is attempting cross-architecture install (image selection may not be done)
2026-09-27 04:55:56, Info       [0x0606cc] IBS    GetSystemDiskNTPath: Unable to get required buffer size for system disk from BCD APIs; status = 0xc0000452
2026-09-27 04:55:56, Info                         PublishDiskInfoOnBlackboard: Successfully serialized disk info.
2026-09-27 04:55:56, Info                         Callback_GatherDiskInfo: Exit
2026-09-27 04:55:56, Info       [0x070035] DIAG   CallBack_DiagnosticDataGeneration: Called with notification for Initialization
2026-09-27 04:55:56, Info       [0x07003a] DIAG   CallBack_DiagnosticDataGeneration: Obtaining Install information
2026-09-27 04:55:56, Info       [0x070030] DIAG   Install Data logging to BB
2026-09-27 04:55:56, Info       [0x07003f] DIAG   CallBack_DiagnosticDataGeneration: Obtaining New OS information
2026-09-27 04:55:56, Info       [0x07005f] DIAG   Failed to get the EditionId from the blackboard.[gle=0x00000490]
2026-09-27 04:55:56, Info       [0x070066] DIAG   Failed to get the target language from the blackboard.[gle=0x00000490]
2026-09-27 04:55:56, Info       [0x07002e] DIAG   Logging New OS to BB
2026-09-27 04:55:56, Info                  IBS    Unattend: Setup is running in WinPE; will wait for removable storage devices to initialize before unattend search
2026-09-27 04:55:56, Info                  IBS    Unattend: Removable storage devices initialized; waited 0ms (status 0x00000000)
2026-09-27 04:55:56, Info                         [setup.exe] UnattendSearchExplicitPath: Found unattend file at [E:\autounattend.xml]; examining for applicability.
2026-09-27 04:55:56, Info                         [setup.exe] UnattendSearchExplicitPath: Found usable unattend file for pass [windowsPE] at [E:\autounattend.xml].
2026-09-27 04:55:56, Warning                      [setup.exe] UnattendSearchSetupSourceDrive: Unable to convert ARC path [MULTI(0)DISK(0)RDISK(2)PARTITION(1)] to NT path; status = 0x80070002.
2026-09-27 04:55:56, Info                  IBS    Callback_Unattend_InitEngine:Using unattend file found at [E:\autounattend.xml].
2026-09-27 04:55:56, Info                  IBS    Setup created HKLM\SYSTEM\Setup\Schema key; status 0x00000000
2026-09-27 04:55:56, Info                  IBS    Restoring SMI schema hive to HKLM\SYSTEM\Setup\Schema from [X:\sources\schema.dat]; status 0x00000000
2026-09-27 04:55:56, Info                  IBS    Restored schema hive; status 0x00000000
2026-09-27 04:55:56, Info                  IBS    ValidateUnattendFile: prepared schema hive for WinPE-related pass; status = 0x00000000
2026-09-27 04:55:56, Info                         [setup.exe] ValidateSMIPass: serialized settings stream; status 0x00000000
2026-09-27 04:55:56, Info                         [setup.exe] ValidateSMIPass: construct settings context; status 0x00000000
2026-09-27 04:55:56, Info                         [setup.exe] ValidateSMIPass: load SMI settings; status 0x00000000
2026-09-27 04:55:56, Info       [0x0600c0] IBS    Callback_Unattend_InitEngine:Successfully deserialized and validated unattend file [E:\autounattend.xml].
2026-09-27 04:55:56, Info                  IBS    CallBack_LanguagePack_ReadLangIni:About to read languages from lang.ini file.
2026-09-27 04:55:56, Info                  IBS    CallBack_LanguagePack_ReadLangIni:Langpack root directory is [X:\Langpacks].
2026-09-27 04:55:56, Info                  IBS    CallBack_LanguagePack_ReadLangIni:Language [en-us] was determined to be on media number [0].
2026-09-27 04:55:56, Info                  IBS    CallBack_LanguagePack_ReadLangIni:Added language [en-us] to language list.
2026-09-27 04:55:56, Info                  IBS    CallBack_LanguagePack_ReadLangIni:Storing language [en-us] as lang.ini default language.
2026-09-27 04:55:56, Info                  IBS    CallBack_LanguagePack_ReadLangIni:Language [en-us] has already been installed in the image.
2026-09-27 04:55:56, Info                  IBS    CallBack_LanguagePack_ReadLangIni:[en-us] is the only language in the lang.ini. Storing it as the target language.
2026-09-27 04:55:56, Info                  MIG    Callback_CompliancePrerequisites: event MigLoader:0x170006 occured
2026-09-27 04:55:56, Info       [0x060538] IBS    Callback_License_LoadLicenseText: Could not find edition ID information on blackboard
2026-09-27 04:55:56, Info       [0x060537] IBS    Callback_License_LoadLicenseText: Could not find channel ID information on blackboard; assuming default channel.
2026-09-27 04:55:56, Info                  IBS    Callback_License_LoadLicenseText: Could not find locale information on blackboard; assuming default locale.
2026-09-27 04:55:56, Info                  IBS    CallBack_LanguagePack_ReadLangIni:Successfully gathered language list from lang.ini.
2026-09-27 04:55:56, Info       [0x064047] IBSLIB MarkUnattendSettingAsProcessed: Marking unattend setting [WpeBootstrapSettings] as processed.
2026-09-27 04:55:56, Info                  IBS    ==== Initializing Display Settings ====
2026-09-27 04:55:56, Info                  IBS    No display settings specified
2026-09-27 04:55:56, Info                  IBS    STATUS: SUCCESS (0x00000001)
2026-09-27 04:55:56, Info                  IBS    ==== Initializing Computer Name ====
2026-09-27 04:55:56, Info                  IBS    Generating a random computer name
2026-09-27 04:55:56, Info                  IBS    No computer name specified, generating a random name.
2026-09-27 04:55:56, Info                  IBS    Renaming computer to MININT-39D8T2Q.
2026-09-27 04:55:56, Info                  IBS    Waiting on the profiling mutex handle
2026-09-27 04:55:56, Info                  IBS    Acquired profiling mutex
2026-09-27 04:55:56, Info                  IBS    Service winmgmt disable: 0x00000000
2026-09-27 04:55:56, Info                  IBS    Service winmgmt stop: 0x00000000
2026-09-27 04:55:56, Info                  IBS    Service winmgmt enable: 0x00000000
2026-09-27 04:55:56, Info                  IBS    Released profiling mutex
2026-09-27 04:55:56, Info                  IBS    STATUS: SUCCESS (0x00000000)
2026-09-27 04:55:56, Info                  IBS    ==== Initializing Virtual Memory Paging File ====
2026-09-27 04:55:56, Info                  IBS    No WinPE page file setting specified
2026-09-27 04:55:56, Info                  IBS    STATUS: SUCCESS (0x00000001)
2026-09-27 04:55:56, Info                  IBS    ==== Initializing Optional Components ====
2026-09-27 04:55:56, Info                  IBS    STATUS: SUCCESS (0x00000001)
2026-09-27 04:55:56, Info                  IBS    ==== Initializing Network Access and Applying Configuration ====
2026-09-27 04:55:56, Info                  IBS    No EnableNetwork unattend setting was specified; the default action for this context is to disable networking support.
2026-09-27 04:55:56, Info                  IBS    Networking support will not be enabled.
2026-09-27 04:55:56, Info                  IBS    STATUS: SUCCESS (0x00000001)
2026-09-27 04:55:56, Info                  IBS    ==== Applying Firewall Settings ====
2026-09-27 04:55:56, Info                  IBS    STATUS: SUCCESS (0x00000001)
2026-09-27 04:55:56, Info                  IBS    ==== Executing Synchronous User-Provided Commands ====
2026-09-27 04:55:56, Info                  IBS    STATUS: SUCCESS (0x00000001)
2026-09-27 04:55:56, Info                  IBS    ==== Executing Asynchronous User-Provided Commands ====
2026-09-27 04:55:56, Info                  IBS    STATUS: SUCCESS (0x00000001)
2026-09-27 04:55:56, Info                  IBS    ==== Applying Shutdown Settings ====
2026-09-27 04:55:56, Info                  IBS    No shutdown setting was specified
2026-09-27 04:55:56, Info                  IBS    STATUS: SUCCESS (0x00000001)
2026-09-27 04:55:56, Info                  IBS    Successfully applied WinPE bootstrap unattend settings
2026-09-27 04:55:56, Info       [0x0604d4] IBS    Callback_ConfigSetProcessUnattend: UseConfigurationSet is false.
2026-09-27 04:55:56, Info       [0x064047] IBSLIB MarkUnattendSettingAsProcessed: Marking unattend setting [ImageInfo] as processed.
2026-09-27 04:55:56, Info                  IBS    Callback_ImageInstallProcessUnattend
2026-09-27 04:55:56, Info                  IBS    No <ImageInstall> section is specified in the unattend
2026-09-27 04:55:56, Info                  IBS    Callback_SetWinPEAndOSImageInfoOnBB: Cannot set image info as source path is not yet set.
2026-09-27 04:55:56, Info                         PnPIBS: Entering PnP callback to install drivers on WinPE ...
2026-09-27 04:55:56, Info                         PnPIBS: Checking for pre-configured driver paths ...
2026-09-27 04:55:56, Info                         PnPIBS: Checking for pre-configured driver directory C:\$WinPEDriver$.
2026-09-27 04:55:56, Info                         PnPIBS: Checking for pre-configured driver directory E:\$WinPEDriver$.
2026-09-27 04:55:56, Info                         PnPIBS: Found pre-configured driver directory E:\$WinPEDriver$.
2026-09-27 04:55:56, Info                         PnPIBS: Checking for pre-configured driver directory X:\$WinPEDriver$.
2026-09-27 04:55:56, Info                         PnPIBS: Finished checking for pre-configured driver paths.
2026-09-27 04:55:56, Info                         PnPIBS: Reading driver paths from unattend.xml ...
2026-09-27 04:55:56, Info                         PnPIBS: \$WinPEDriver$ is listed as a driver path in unattend.xml ...
2026-09-27 04:55:56, Info                         PnPIBS: Finished reading driver paths from unattend.xml.
2026-09-27 04:55:56, Info                         PnPIBS: Building the list of drivers in the path \$WinPEDriver$ ...
2026-09-27 04:55:56, Error                        PnPIBS: Error 0x3 occurred while enumerating the files and subdirectories.[gle=0x00000003]
2026-09-27 04:55:56, Info                         PnPIBS: Finished building list of drivers in the path \$WinPEDriver$.
2026-09-27 04:55:56, Info                         PnPIBS: WARNING: Could not build list of driver packages at \$WinPEDriver$.
2026-09-27 04:55:56, Info                         PnPIBS: Building the list of drivers in the path E:\$WinPEDriver$ ...
2026-09-27 04:55:56, Info                         PnPIBS: Found the directory AppleBluetoothBroadcom64.
2026-09-27 04:55:56, Info                         PnPIBS: Building the list of drivers in the path E:\$WinPEDriver$\AppleBluetoothBroadcom64 ...
2026-09-27 04:55:56, Info                         PnPIBS: Found the file AppleBTBC.cat
2026-09-27 04:55:56, Info                         PnPIBS: Skipping the file AppleBTBC.cat because it is not an INF file.
2026-09-27 04:55:56, Info                         PnPIBS: Found the file AppleBTBC.inf
2026-09-27 04:55:56, Info                         PnPIBS: Added driver E:\$WinPEDriver$\AppleBluetoothBroadcom64\AppleBTBC.inf to the list of drivers.
2026-09-27 04:55:56, Info                         PnPIBS: Found the file AppleBTBC.sys
2026-09-27 04:55:56, Info                         PnPIBS: Skipping the file AppleBTBC.sys because it is not an INF file.
2026-09-27 04:55:56, Info                         PnPIBS: Found the file ArabicLicense.txt
2026-09-27 04:55:56, Info                         PnPIBS: Skipping the file ArabicLicense.txt because it is not an INF file.
2026-09-27 04:55:56, Info                         PnPIBS: Found the file BrazilianPortugueseLicense.txt
2026-09-27 04:55:56, Info                         PnPIBS: Skipping the file BrazilianPortugueseLicense.txt because it is not an INF file.
2026-09-27 04:55:56, Info                         PnPIBS: Found the file CzechLicense.txt
2026-09-27 04:55:56, Info                         PnPIBS: Skipping the file CzechLicense.txt because it is not an INF file.
2026-09-27 04:55:56, Info                         PnPIBS: Found the file DPInst.exe
2026-09-27 04:55:56, Info                         PnPIBS: Skipping the file DPInst.exe because it is not an INF file.
2026-09-27 04:55:56, Info                         PnPIBS: Found the file DPInst.xml
2026-09-27 04:55:56, Info                         PnPIBS: Skipping the file DPInst.xml because it is not an INF file.
2026-09-27 04:55:56, Info                         PnPIBS: Found the file DanishLicense.txt
2026-09-27 04:55:56, Info                         PnPIBS: Skipping the file DanishLicense.txt because it is not an INF file.
2026-09-27 04:55:56, Info                         PnPIBS: Found the file DutchLicense.txt
2026-09-27 04:55:56, Info                         PnPIBS: Skipping the file DutchLicense.txt because it is not an INF file.
2026-09-27 04:55:56, Info                         PnPIBS: Found the file EnglishLicense.txt
2026-09-27 04:55:56, Info                         PnPIBS: Skipping the file EnglishLicense.txt because it is not an INF file.
2026-09-27 04:55:56, Info                         PnPIBS: Found the file FinnishLicense.txt
2026-09-27 04:55:56, Info                         PnPIBS: Skipping the file FinnishLicense.txt because it is not an INF file.
2026-09-27 04:55:56, Info                         PnPIBS: Found the file FrenchLicense.txt
2026-09-27 04:55:56, Info                         PnPIBS: Skipping the file FrenchLicense.txt because it is not an INF file.
2026-09-27 04:55:56, Info                         PnPIBS: Found the file GermanLicense.txt
2026-09-27 04:55:56, Info                         PnPIBS: Skipping the file GermanLicense.txt because it is not an INF file.
2026-09-27 04:55:56, Info                         PnPIBS: Found the file HungarianLicense.txt
2026-09-27 04:55:56, Info                         PnPIBS: Skipping the file HungarianLicense.txt because it is not an INF file.
2026-09-27 04:55:56, Info                         PnPIBS: Found the file ItalianLicense.txt
2026-09-27 04:55:56, Info                         PnPIBS: Skipping the file ItalianLicense.txt because it is not an INF file.
2026-09-27 04:55:56, Info                         PnPIBS: Found the file JapaneseLicense.txt
2026-09-27 04:55:56, Info                         PnPIBS: Skipping the file JapaneseLicense.txt because it is not an INF file.
2026-09-27 04:55:56, Info                         PnPIBS: Found the file KoreanLicense.txt
2026-09-27 04:55:56, Info                         PnPIBS: Skipping the file KoreanLicense.txt because it is not an INF file.
2026-09-27 04:55:56, Info                         PnPIBS: Found the file NorwegianLicense.txt
2026-09-27 04:55:56, Info                         PnPIBS: Skipping the file NorwegianLicense.txt because it is not an INF file.
2026-09-27 04:55:56, Info                         PnPIBS: Found the file PolishLicense.txt
2026-09-27 04:55:56, Info                         PnPIBS: Skipping the file PolishLicense.txt because it is not an INF file.
2026-09-27 04:55:56, Info                         PnPIBS: Found the file PortugueseLicense.txt
2026-09-27 04:55:56, Info                         PnPIBS: Skipping the file PortugueseLicense.txt because it is not an INF file.
2026-09-27 04:55:56, Info                         PnPIBS: Found the file RussianLicense.txt
2026-09-27 04:55:56, Info                         PnPIBS: Skipping the file RussianLicense.txt because it is not an INF file.
2026-09-27 04:55:56, Info                         PnPIBS: Found the file SimplifiedChineseLicense.txt
2026-09-27 04:55:56, Info                         PnPIBS: Skipping the file SimplifiedChineseLicense.txt because it is not an INF file.
2026-09-27 04:55:56, Info                         PnPIBS: Found the file SpanishLicense.txt
2026-09-27 04:55:56, Info                         PnPIBS: Skipping the file SpanishLicense.txt because it is not an INF file.
2026-09-27 04:55:56, Info                         PnPIBS: Found the file SwedishLicense.txt
2026-09-27 04:55:56, Info                         PnPIBS: Skipping the file SwedishLicense.txt because it is not an INF file.
2026-09-27 04:55:56, Info                         PnPIBS: Found the file TraditionalChineseLicense.txt
2026-09-27 04:55:56, Info                         PnPIBS: Skipping the file TraditionalChineseLicense.txt because it is not an INF file.
2026-09-27 04:55:56, Info                         PnPIBS: Found the file TurkishLicense.txt
2026-09-27 04:55:56, Info                         PnPIBS: Skipping the file TurkishLicense.txt because it is not an INF file.
2026-09-27 04:55:56, Info                         PnPIBS: Found the file WdfCoinstaller01011.dll
2026-09-27 04:55:56, Info                         PnPIBS: Skipping the file WdfCoinstaller01011.dll because it is not an INF file.
2026-09-27 04:55:56, Info                         PnPIBS: Finished building list of drivers in the path E:\$WinPEDriver$\AppleBluetoothBroadcom64.
2026-09-27 04:55:56, Info                         PnPIBS: Found the directory AppleCamera64.
2026-09-27 04:55:56, Info                         PnPIBS: Building the list of drivers in the path E:\$WinPEDriver$\AppleCamera64 ...
2026-09-27 04:55:56, Info                         PnPIBS: Found the file AppleCamera.sys
2026-09-27 04:55:56, Info                         PnPIBS: Skipping the file AppleCamera.sys because it is not an INF file.
2026-09-27 04:55:56, Info                         PnPIBS: Found the file AppleCamera64.cat
2026-09-27 04:55:56, Info                         PnPIBS: Skipping the file AppleCamera64.cat because it is not an INF file.
2026-09-27 04:55:56, Info                         PnPIBS: Found the file AppleCamera64.inf
2026-09-27 04:55:56, Info                         PnPIBS: Added driver E:\$WinPEDriver$\AppleCamera64\AppleCamera64.inf to the list of drivers.
2026-09-27 04:55:56, Info                         PnPIBS: Found the file ArabicLicense.txt
2026-09-27 04:55:56, Info                         PnPIBS: Skipping the file ArabicLicense.txt because it is not an INF file.
2026-09-27 04:55:56, Info                         PnPIBS: Found the file BrazilianPortugueseLicense.txt
2026-09-27 04:55:56, Info                         PnPIBS: Skipping the file BrazilianPortugueseLicense.txt because it is not an INF file.
2026-09-27 04:55:56, Info                         PnPIBS: Found the file CzechLicense.txt
2026-09-27 04:55:56, Info                         PnPIBS: Skipping the file CzechLicense.txt because it is not an INF file.
2026-09-27 04:55:56, Info                         PnPIBS: Found the file DPInst.exe
2026-09-27 04:55:56, Info                         PnPIBS: Skipping the file DPInst.exe because it is not an INF file.
2026-09-27 04:55:56, Info                         PnPIBS: Found the file DPInst.xml
2026-09-27 04:55:56, Info                         PnPIBS: Skipping the file DPInst.xml because it is not an INF file.
2026-09-27 04:55:56, Info                         PnPIBS: Found the file DanishLicense.txt
2026-09-27 04:55:56, Info                         PnPIBS: Skipping the file DanishLicense.txt because it is not an INF file.
2026-09-27 04:55:56, Info                         PnPIBS: Found the file DutchLicense.txt
2026-09-27 04:55:56, Info                         PnPIBS: Skipping the file DutchLicense.txt because it is not an INF file.
2026-09-27 04:55:56, Info                         PnPIBS: Found the file EnglishLicense.txt
2026-09-27 04:55:56, Info                         PnPIBS: Skipping the file EnglishLicense.txt because it is not an INF file.
2026-09-27 04:55:56, Info                         PnPIBS: Found the file FinnishLicense.txt
2026-09-27 04:55:56, Info                         PnPIBS: Skipping the file FinnishLicense.txt because it is not an INF file.
2026-09-27 04:55:56, Info                         PnPIBS: Found the file FrenchLicense.txt
2026-09-27 04:55:56, Info                         PnPIBS: Skipping the file FrenchLicense.txt because it is not an INF file.
2026-09-27 04:55:56, Info                         PnPIBS: Found the file GermanLicense.txt
2026-09-27 04:55:56, Info                         PnPIBS: Skipping the file GermanLicense.txt because it is not an INF file.
2026-09-27 04:55:56, Info                         PnPIBS: Found the file HungarianLicense.txt
2026-09-27 04:55:56, Info                         PnPIBS: Skipping the file HungarianLicense.txt because it is not an INF file.
2026-09-27 04:55:56, Info                         PnPIBS: Found the file ItalianLicense.txt
2026-09-27 04:55:56, Info                         PnPIBS: Skipping the file ItalianLicense.txt because it is not an INF file.
2026-09-27 04:55:56, Info                         PnPIBS: Found the file JapaneseLicense.txt
2026-09-27 04:55:56, Info                         PnPIBS: Skipping the file JapaneseLicense.txt because it is not an INF file.
2026-09-27 04:55:56, Info                         PnPIBS: Found the file KoreanLicense.txt
2026-09-27 04:55:56, Info                         PnPIBS: Skipping the file KoreanLicense.txt because it is not an INF file.
2026-09-27 04:55:56, Info                         PnPIBS: Found the file NorwegianLicense.txt
2026-09-27 04:55:56, Info                         PnPIBS: Skipping the file NorwegianLicense.txt because it is not an INF file.
2026-09-27 04:55:56, Info                         PnPIBS: Found the file PolishLicense.txt
2026-09-27 04:55:56, Info                         PnPIBS: Skipping the file PolishLicense.txt because it is not an INF file.
2026-09-27 04:55:56, Info                         PnPIBS: Found the file PortugueseLicense.txt
2026-09-27 04:55:56, Info                         PnPIBS: Skipping the file PortugueseLicense.txt because it is not an INF file.
2026-09-27 04:55:56, Info                         PnPIBS: Found the file RussianLicense.txt
2026-09-27 04:55:56, Info                         PnPIBS: Skipping the file RussianLicense.txt because it is not an INF file.
2026-09-27 04:55:56, Info                         PnPIBS: Found the file SimplifiedChineseLicense.txt
2026-09-27 04:55:56, Info                         PnPIBS: Skipping the file SimplifiedChineseLicense.txt because it is not an INF file.
2026-09-27 04:55:56, Info                         PnPIBS: Found the file SpanishLicense.txt
2026-09-27 04:55:56, Info                         PnPIBS: Skipping the file SpanishLicense.txt because it is not an INF file.
2026-09-27 04:55:56, Info                         PnPIBS: Found the file SwedishLicense.txt
2026-09-27 04:55:56, Info                         PnPIBS: Skipping the file SwedishLicense.txt because it is not an INF file.
2026-09-27 04:55:56, Info                         PnPIBS: Found the file TraditionalChineseLicense.txt
2026-09-27 04:55:56, Info                         PnPIBS: Skipping the file TraditionalChineseLicense.txt because it is not an INF file.
2026-09-27 04:55:56, Info                         PnPIBS: Found the file TurkishLicense.txt
2026-09-27 04:55:56, Info                         PnPIBS: Skipping the file TurkishLicense.txt because it is not an INF file.
2026-09-27 04:55:56, Info                         PnPIBS: Finished building list of drivers in the path E:\$WinPEDriver$\AppleCamera64.
2026-09-27 04:55:56, Info                         PnPIBS: Found the directory AppleDFR64.
2026-09-27 04:55:56, Info                         PnPIBS: Building the list of drivers in the path E:\$WinPEDriver$\AppleDFR64 ...
2026-09-27 04:55:56, Info                         PnPIBS: Found the file AppleDFR.cat
2026-09-27 04:55:56, Info                         PnPIBS: Skipping the file AppleDFR.cat because it is not an INF file.
2026-09-27 04:55:56, Info                         PnPIBS: Found the file AppleDFR.inf
2026-09-27 04:55:56, Info                         PnPIBS: Added driver E:\$WinPEDriver$\AppleDFR64\AppleDFR.inf to the list of drivers.
2026-09-27 04:55:56, Info                         PnPIBS: Found the file AppleDFR.sys
2026-09-27 04:55:56, Info                         PnPIBS: Skipping the file AppleDFR.sys because it is not an INF file.
2026-09-27 04:55:56, Info                         PnPIBS: Found the file ArabicLicense.txt
2026-09-27 04:55:56, Info                         PnPIBS: Skipping the file ArabicLicense.txt because it is not an INF file.
2026-09-27 04:55:56, Info                         PnPIBS: Found the file BrazilianPortugueseLicense.txt
2026-09-27 04:55:56, Info                         PnPIBS: Skipping the file BrazilianPortugueseLicense.txt because it is not an INF file.
2026-09-27 04:55:56, Info                         PnPIBS: Found the file CzechLicense.txt
2026-09-27 04:55:56, Info                         PnPIBS: Skipping the file CzechLicense.txt because it is not an INF file.
2026-09-27 04:55:56, Info                         PnPIBS: Found the file DPInst.exe
2026-09-27 04:55:56, Info                         PnPIBS: Skipping the file DPInst.exe because it is not an INF file.
2026-09-27 04:55:56, Info                         PnPIBS: Found the file DPInst.xml
2026-09-27 04:55:56, Info                         PnPIBS: Skipping the file DPInst.xml because it is not an INF file.
2026-09-27 04:55:56, Info                         PnPIBS: Found the file DanishLicense.txt
2026-09-27 04:55:56, Info                         PnPIBS: Skipping the file DanishLicense.txt because it is not an INF file.
2026-09-27 04:55:56, Info                         PnPIBS: Found the file DutchLicense.txt
2026-09-27 04:55:56, Info                         PnPIBS: Skipping the file DutchLicense.txt because it is not an INF file.
2026-09-27 04:55:56, Info                         PnPIBS: Found the file EnglishLicense.txt
2026-09-27 04:55:56, Info                         PnPIBS: Skipping the file EnglishLicense.txt because it is not an INF file.
2026-09-27 04:55:56, Info                         PnPIBS: Found the file FinnishLicense.txt
2026-09-27 04:55:56, Info                         PnPIBS: Skipping the file FinnishLicense.txt because it is not an INF file.
2026-09-27 04:55:56, Info                         PnPIBS: Found the file FrenchLicense.txt
2026-09-27 04:55:56, Info                         PnPIBS: Skipping the file FrenchLicense.txt because it is not an INF file.
2026-09-27 04:55:56, Info                         PnPIBS: Found the file GermanLicense.txt
2026-09-27 04:55:56, Info                         PnPIBS: Skipping the file GermanLicense.txt because it is not an INF file.
2026-09-27 04:55:56, Info                         PnPIBS: Found the file HungarianLicense.txt
2026-09-27 04:55:56, Info                         PnPIBS: Skipping the file HungarianLicense.txt because it is not an INF file.
2026-09-27 04:55:56, Info                         PnPIBS: Found the file ItalianLicense.txt
2026-09-27 04:55:56, Info                         PnPIBS: Skipping the file ItalianLicense.txt because it is not an INF file.
2026-09-27 04:55:56, Info                         PnPIBS: Found the file JapaneseLicense.txt
2026-09-27 04:55:56, Info                         PnPIBS: Skipping the file JapaneseLicense.txt because it is not an INF file.
2026-09-27 04:55:56, Info                         PnPIBS: Found the file KoreanLicense.txt
2026-09-27 04:55:56, Info                         PnPIBS: Skipping the file KoreanLicense.txt because it is not an INF file.
2026-09-27 04:55:56, Info                         PnPIBS: Found the file NorwegianLicense.txt
2026-09-27 04:55:56, Info                         PnPIBS: Skipping the file NorwegianLicense.txt because it is not an INF file.
2026-09-27 04:55:56, Info                         PnPIBS: Found the file PolishLicense.txt
2026-09-27 04:55:56, Info                         PnPIBS: Skipping the file PolishLicense.txt because it is not an INF file.
2026-09-27 04:55:56, Info                         PnPIBS: Found the file PortugueseLicense.txt
2026-09-27 04:55:56, Info                         PnPIBS: Skipping the file PortugueseLicense.txt because it is not an INF file.
2026-09-27 04:55:56, Info                         PnPIBS: Found the file RussianLicense.txt
2026-09-27 04:55:56, Info                         PnPIBS: Skipping the file RussianLicense.txt because it is not an INF file.
2026-09-27 04:55:56, Info                         PnPIBS: Found the file SimplifiedChineseLicense.txt
2026-09-27 04:55:56, Info                         PnPIBS: Skipping the file SimplifiedChineseLicense.txt because it is not an INF file.
2026-09-27 04:55:56, Info                         PnPIBS: Found the file SpanishLicense.txt
2026-09-27 04:55:56, Info                         PnPIBS: Skipping the file SpanishLicense.txt because it is not an INF file.
2026-09-27 04:55:56, Info                         PnPIBS: Found the file SwedishLicense.txt
2026-09-27 04:55:56, Info                         PnPIBS: Skipping the file SwedishLicense.txt because it is not an INF file.
2026-09-27 04:55:56, Info                         PnPIBS: Found the file TraditionalChineseLicense.txt
2026-09-27 04:55:56, Info                         PnPIBS: Skipping the file TraditionalChineseLicense.txt because it is not an INF file.
2026-09-27 04:55:56, Info                         PnPIBS: Found the file TurkishLicense.txt
2026-09-27 04:55:56, Info                         PnPIBS: Skipping the file TurkishLicense.txt because it is not an INF file.
2026-09-27 04:55:56, Info                         PnPIBS: Finished building list of drivers in the path E:\$WinPEDriver$\AppleDFR64.
2026-09-27 04:55:56, Info                         PnPIBS: Found the directory AppleDisplayInstaller64.
2026-09-27 04:55:56, Info                         PnPIBS: Building the list of drivers in the path E:\$WinPEDriver$\AppleDisplayInstaller64 ...
2026-09-27 04:55:56, Info                         PnPIBS: Found the file ArabicLicense.txt
2026-09-27 04:55:56, Info                         PnPIBS: Skipping the file ArabicLicense.txt because it is not an INF file.
2026-09-27 04:55:56, Info                         PnPIBS: Found the file BrazilianPortugueseLicense.txt
2026-09-27 04:55:56, Info                         PnPIBS: Skipping the file BrazilianPortugueseLicense.txt because it is not an INF file.
2026-09-27 04:55:56, Info                         PnPIBS: Found the file CzechLicense.txt
2026-09-27 04:55:56, Info                         PnPIBS: Skipping the file CzechLicense.txt because it is not an INF file.
2026-09-27 04:55:56, Info                         PnPIBS: Found the file DPInst.exe
2026-09-27 04:55:56, Info                         PnPIBS: Skipping the file DPInst.exe because it is not an INF file.
2026-09-27 04:55:56, Info                         PnPIBS: Found the file DPInst.xml
2026-09-27 04:55:56, Info                         PnPIBS: Skipping the file DPInst.xml because it is not an INF file.
2026-09-27 04:55:56, Info                         PnPIBS: Found the file DanishLicense.txt
2026-09-27 04:55:56, Info                         PnPIBS: Skipping the file DanishLicense.txt because it is not an INF file.
2026-09-27 04:55:56, Info                         PnPIBS: Found the file DutchLicense.txt
2026-09-27 04:55:56, Info                         PnPIBS: Skipping the file DutchLicense.txt because it is not an INF file.
2026-09-27 04:55:56, Info                         PnPIBS: Found the file EnglishLicense.txt
2026-09-27 04:55:56, Info                         PnPIBS: Skipping the file EnglishLicense.txt because it is not an INF file.
2026-09-27 04:55:56, Info                         PnPIBS: Found the file FinnishLicense.txt
2026-09-27 04:55:56, Info                         PnPIBS: Skipping the file FinnishLicense.txt because it is not an INF file.
2026-09-27 04:55:56, Info                         PnPIBS: Found the file FrenchLicense.txt
2026-09-27 04:55:56, Info                         PnPIBS: Skipping the file FrenchLicense.txt because it is not an INF file.
2026-09-27 04:55:56, Info                         PnPIBS: Found the file GermanLicense.txt
2026-09-27 04:55:56, Info                         PnPIBS: Skipping the file GermanLicense.txt because it is not an INF file.
2026-09-27 04:55:56, Info                         PnPIBS: Found the file HungarianLicense.txt
2026-09-27 04:55:56, Info                         PnPIBS: Skipping the file HungarianLicense.txt because it is not an INF file.
2026-09-27 04:55:56, Info                         PnPIBS: Found the file ItalianLicense.txt
2026-09-27 04:55:56, Info                         PnPIBS: Skipping the file ItalianLicense.txt because it is not an INF file.
2026-09-27 04:55:56, Info                         PnPIBS: Found the file JapaneseLicense.txt
2026-09-27 04:55:56, Info                         PnPIBS: Skipping the file JapaneseLicense.txt because it is not an INF file.
2026-09-27 04:55:56, Info                         PnPIBS: Found the file KoreanLicense.txt
2026-09-27 04:55:56, Info                         PnPIBS: Skipping the file KoreanLicense.txt because it is not an INF file.
2026-09-27 04:55:56, Info                         PnPIBS: Found the file NorwegianLicense.txt
2026-09-27 04:55:56, Info                         PnPIBS: Skipping the file NorwegianLicense.txt because it is not an INF file.
2026-09-27 04:55:56, Info                         PnPIBS: Found the file PolishLicense.txt
2026-09-27 04:55:56, Info                         PnPIBS: Skipping the file PolishLicense.txt because it is not an INF file.
2026-09-27 04:55:56, Info                         PnPIBS: Found the file PortugueseLicense.txt
2026-09-27 04:55:56, Info                         PnPIBS: Skipping the file PortugueseLicense.txt because it is not an INF file.
2026-09-27 04:55:56, Info                         PnPIBS: Found the file RussianLicense.txt
2026-09-27 04:55:56, Info                         PnPIBS: Skipping the file RussianLicense.txt because it is not an INF file.
2026-09-27 04:55:56, Info                         PnPIBS: Found the file SimplifiedChineseLicense.txt
2026-09-27 04:55:56, Info                         PnPIBS: Skipping the file SimplifiedChineseLicense.txt because it is not an INF file.
2026-09-27 04:55:56, Info                         PnPIBS: Found the file SpanishLicense.txt
2026-09-27 04:55:56, Info                         PnPIBS: Skipping the file SpanishLicense.txt because it is not an INF file.
2026-09-27 04:55:56, Info                         PnPIBS: Found the file SwedishLicense.txt
2026-09-27 04:55:56, Info                         PnPIBS: Skipping the file SwedishLicense.txt because it is not an INF file.
2026-09-27 04:55:56, Info                         PnPIBS: Found the file TraditionalChineseLicense.txt
2026-09-27 04:55:56, Info                         PnPIBS: Skipping the file TraditionalChineseLicense.txt because it is not an INF file.
2026-09-27 04:55:56, Info                         PnPIBS: Found the file TurkishLicense.txt
2026-09-27 04:55:56, Info                         PnPIBS: Skipping the file TurkishLicense.txt because it is not an INF file.
2026-09-27 04:55:56, Info                         PnPIBS: Found the file WdfCoInstaller01005.dll
2026-09-27 04:55:56, Info                         PnPIBS: Skipping the file WdfCoInstaller01005.dll because it is not an INF file.
2026-09-27 04:55:56, Info                         PnPIBS: Found the file aaplmonf.sys
2026-09-27 04:55:56, Info                         PnPIBS: Skipping the file aaplmonf.sys because it is not an INF file.
2026-09-27 04:55:56, Info                         PnPIBS: Found the file aaplmonf64.cat
2026-09-27 04:55:56, Info                         PnPIBS: Skipping the file aaplmonf64.cat because it is not an INF file.
2026-09-27 04:55:56, Info                         PnPIBS: Found the file aaplmonf64.inf
2026-09-27 04:55:56, Info                         PnPIBS: Added driver E:\$WinPEDriver$\AppleDisplayInstaller64\aaplmonf64.inf to the list of drivers.
2026-09-27 04:55:56, Info                         PnPIBS: Finished building list of drivers in the path E:\$WinPEDriver$\AppleDisplayInstaller64.
2026-09-27 04:55:56, Info                         PnPIBS: Found the directory AppleKeyboardInstaller64.
2026-09-27 04:55:56, Info                         PnPIBS: Building the list of drivers in the path E:\$WinPEDriver$\AppleKeyboardInstaller64 ...
2026-09-27 04:55:56, Info                         PnPIBS: Found the file ArabicLicense.txt
2026-09-27 04:55:56, Info                         PnPIBS: Skipping the file ArabicLicense.txt because it is not an INF file.
2026-09-27 04:55:56, Info                         PnPIBS: Found the file BrazilianPortugueseLicense.txt
2026-09-27 04:55:56, Info                         PnPIBS: Skipping the file BrazilianPortugueseLicense.txt because it is not an INF file.
2026-09-27 04:55:56, Info                         PnPIBS: Found the file CzechLicense.txt
2026-09-27 04:55:56, Info                         PnPIBS: Skipping the file CzechLicense.txt because it is not an INF file.
2026-09-27 04:55:56, Info                         PnPIBS: Found the file DPInst.exe
2026-09-27 04:55:56, Info                         PnPIBS: Skipping the file DPInst.exe because it is not an INF file.
2026-09-27 04:55:56, Info                         PnPIBS: Found the file DPInst.xml
2026-09-27 04:55:56, Info                         PnPIBS: Skipping the file DPInst.xml because it is not an INF file.
2026-09-27 04:55:56, Info                         PnPIBS: Found the file DanishLicense.txt
2026-09-27 04:55:56, Info                         PnPIBS: Skipping the file DanishLicense.txt because it is not an INF file.
2026-09-27 04:55:56, Info                         PnPIBS: Found the file DutchLicense.txt
2026-09-27 04:55:56, Info                         PnPIBS: Skipping the file DutchLicense.txt because it is not an INF file.
2026-09-27 04:55:56, Info                         PnPIBS: Found the file EnglishLicense.txt
2026-09-27 04:55:56, Info                         PnPIBS: Skipping the file EnglishLicense.txt because it is not an INF file.
2026-09-27 04:55:56, Info                         PnPIBS: Found the file FinnishLicense.txt
2026-09-27 04:55:56, Info                         PnPIBS: Skipping the file FinnishLicense.txt because it is not an INF file.
2026-09-27 04:55:56, Info                         PnPIBS: Found the file FrenchLicense.txt
2026-09-27 04:55:56, Info                         PnPIBS: Skipping the file FrenchLicense.txt because it is not an INF file.
2026-09-27 04:55:56, Info                         PnPIBS: Found the file GermanLicense.txt
2026-09-27 04:55:56, Info                         PnPIBS: Skipping the file GermanLicense.txt because it is not an INF file.
2026-09-27 04:55:56, Info                         PnPIBS: Found the file HungarianLicense.txt
2026-09-27 04:55:56, Info                         PnPIBS: Skipping the file HungarianLicense.txt because it is not an INF file.
2026-09-27 04:55:56, Info                         PnPIBS: Found the file ItalianLicense.txt
2026-09-27 04:55:56, Info                         PnPIBS: Skipping the file ItalianLicense.txt because it is not an INF file.
2026-09-27 04:55:56, Info                         PnPIBS: Found the file JapaneseLicense.txt
2026-09-27 04:55:56, Info                         PnPIBS: Skipping the file JapaneseLicense.txt because it is not an INF file.
2026-09-27 04:55:56, Info                         PnPIBS: Found the file Keymagic.sys
2026-09-27 04:55:56, Info                         PnPIBS: Skipping the file Keymagic.sys because it is not an INF file.
2026-09-27 04:55:56, Info                         PnPIBS: Found the file Keymagic64.cat
2026-09-27 04:55:56, Info                         PnPIBS: Skipping the file Keymagic64.cat because it is not an INF file.
2026-09-27 04:55:56, Info                         PnPIBS: Found the file Keymagic64.inf
2026-09-27 04:55:56, Info                         PnPIBS: Added driver E:\$WinPEDriver$\AppleKeyboardInstaller64\Keymagic64.inf to the list of drivers.
2026-09-27 04:55:56, Info                         PnPIBS: Found the file KoreanLicense.txt
2026-09-27 04:55:56, Info                         PnPIBS: Skipping the file KoreanLicense.txt because it is not an INF file.
2026-09-27 04:55:56, Info                         PnPIBS: Found the file NorwegianLicense.txt
2026-09-27 04:55:56, Info                         PnPIBS: Skipping the file NorwegianLicense.txt because it is not an INF file.
2026-09-27 04:55:56, Info                         PnPIBS: Found the file PolishLicense.txt
2026-09-27 04:55:56, Info                         PnPIBS: Skipping the file PolishLicense.txt because it is not an INF file.
2026-09-27 04:55:56, Info                         PnPIBS: Found the file PortugueseLicense.txt
2026-09-27 04:55:56, Info                         PnPIBS: Skipping the file PortugueseLicense.txt because it is not an INF file.
2026-09-27 04:55:56, Info                         PnPIBS: Found the file RussianLicense.txt
2026-09-27 04:55:56, Info                         PnPIBS: Skipping the file RussianLicense.txt because it is not an INF file.
2026-09-27 04:55:56, Info                         PnPIBS: Found the file SimplifiedChineseLicense.txt
2026-09-27 04:55:56, Info                         PnPIBS: Skipping the file SimplifiedChineseLicense.txt because it is not an INF file.
2026-09-27 04:55:56, Info                         PnPIBS: Found the file SpanishLicense.txt
2026-09-27 04:55:56, Info                         PnPIBS: Skipping the file SpanishLicense.txt because it is not an INF file.
2026-09-27 04:55:56, Info                         PnPIBS: Found the file SwedishLicense.txt
2026-09-27 04:55:56, Info                         PnPIBS: Skipping the file SwedishLicense.txt because it is not an INF file.
2026-09-27 04:55:56, Info                         PnPIBS: Found the file TraditionalChineseLicense.txt
2026-09-27 04:55:56, Info                         PnPIBS: Skipping the file TraditionalChineseLicense.txt because it is not an INF file.
2026-09-27 04:55:56, Info                         PnPIBS: Found the file TurkishLicense.txt
2026-09-27 04:55:56, Info                         PnPIBS: Skipping the file TurkishLicense.txt because it is not an INF file.
2026-09-27 04:55:56, Info                         PnPIBS: Found the file WdfCoinstaller01011.dll
2026-09-27 04:55:56, Info                         PnPIBS: Skipping the file WdfCoinstaller01011.dll because it is not an INF file.
2026-09-27 04:55:56, Info                         PnPIBS: Finished building list of drivers in the path E:\$WinPEDriver$\AppleKeyboardInstaller64.
2026-09-27 04:55:56, Info                         PnPIBS: Found the directory AppleMultiTouchTrackPadInstaller64.
2026-09-27 04:55:56, Info                         PnPIBS: Building the list of drivers in the path E:\$WinPEDriver$\AppleMultiTouchTrackPadInstaller64 ...
2026-09-27 04:55:56, Info                         PnPIBS: Found the file AppleMTP.sys
2026-09-27 04:55:56, Info                         PnPIBS: Skipping the file AppleMTP.sys because it is not an INF file.
2026-09-27 04:55:56, Info                         PnPIBS: Found the file AppleMTP64.cat
2026-09-27 04:55:56, Info                         PnPIBS: Skipping the file AppleMTP64.cat because it is not an INF file.
2026-09-27 04:55:56, Info                         PnPIBS: Found the file AppleMTP64.inf
2026-09-27 04:55:56, Info                         PnPIBS: Added driver E:\$WinPEDriver$\AppleMultiTouchTrackPadInstaller64\AppleMTP64.inf to the list of drivers.
2026-09-27 04:55:56, Info                         PnPIBS: Found the file ArabicLicense.txt
2026-09-27 04:55:56, Info                         PnPIBS: Skipping the file ArabicLicense.txt because it is not an INF file.
2026-09-27 04:55:56, Info                         PnPIBS: Found the file BrazilianPortugueseLicense.txt
2026-09-27 04:55:56, Info                         PnPIBS: Skipping the file BrazilianPortugueseLicense.txt because it is not an INF file.
2026-09-27 04:55:56, Info                         PnPIBS: Found the file CzechLicense.txt
2026-09-27 04:55:56, Info                         PnPIBS: Skipping the file CzechLicense.txt because it is not an INF file.
2026-09-27 04:55:56, Info                         PnPIBS: Found the file DPInst.exe
2026-09-27 04:55:56, Info                         PnPIBS: Skipping the file DPInst.exe because it is not an INF file.
2026-09-27 04:55:56, Info                         PnPIBS: Found the file DPInst.xml
2026-09-27 04:55:56, Info                         PnPIBS: Skipping the file DPInst.xml because it is not an INF file.
2026-09-27 04:55:56, Info                         PnPIBS: Found the file DanishLicense.txt
2026-09-27 04:55:56, Info                         PnPIBS: Skipping the file DanishLicense.txt because it is not an INF file.
2026-09-27 04:55:56, Info                         PnPIBS: Found the file DutchLicense.txt
2026-09-27 04:55:56, Info                         PnPIBS: Skipping the file DutchLicense.txt because it is not an INF file.
2026-09-27 04:55:56, Info                         PnPIBS: Found the file EnglishLicense.txt
2026-09-27 04:55:56, Info                         PnPIBS: Skipping the file EnglishLicense.txt because it is not an INF file.
2026-09-27 04:55:56, Info                         PnPIBS: Found the file FinnishLicense.txt
2026-09-27 04:55:56, Info                         PnPIBS: Skipping the file FinnishLicense.txt because it is not an INF file.
2026-09-27 04:55:56, Info                         PnPIBS: Found the file FrenchLicense.txt
2026-09-27 04:55:56, Info                         PnPIBS: Skipping the file FrenchLicense.txt because it is not an INF file.
2026-09-27 04:55:56, Info                         PnPIBS: Found the file GermanLicense.txt
2026-09-27 04:55:56, Info                         PnPIBS: Skipping the file GermanLicense.txt because it is not an INF file.
2026-09-27 04:55:56, Info                         PnPIBS: Found the file HungarianLicense.txt
2026-09-27 04:55:56, Info                         PnPIBS: Skipping the file HungarianLicense.txt because it is not an INF file.
2026-09-27 04:55:56, Info                         PnPIBS: Found the file ItalianLicense.txt
2026-09-27 04:55:56, Info                         PnPIBS: Skipping the file ItalianLicense.txt because it is not an INF file.
2026-09-27 04:55:56, Info                         PnPIBS: Found the file JapaneseLicense.txt
2026-09-27 04:55:56, Info                         PnPIBS: Skipping the file JapaneseLicense.txt because it is not an INF file.
2026-09-27 04:55:56, Info                         PnPIBS: Found the file KoreanLicense.txt
2026-09-27 04:55:56, Info                         PnPIBS: Skipping the file KoreanLicense.txt because it is not an INF file.
2026-09-27 04:55:56, Info                         PnPIBS: Found the file NorwegianLicense.txt
2026-09-27 04:55:56, Info                         PnPIBS: Skipping the file NorwegianLicense.txt because it is not an INF file.
2026-09-27 04:55:56, Info                         PnPIBS: Found the file PolishLicense.txt
2026-09-27 04:55:56, Info                         PnPIBS: Skipping the file PolishLicense.txt because it is not an INF file.
2026-09-27 04:55:56, Info                         PnPIBS: Found the file PortugueseLicense.txt
2026-09-27 04:55:56, Info                         PnPIBS: Skipping the file PortugueseLicense.txt because it is not an INF file.
2026-09-27 04:55:56, Info                         PnPIBS: Found the file RussianLicense.txt
2026-09-27 04:55:56, Info                         PnPIBS: Skipping the file RussianLicense.txt because it is not an INF file.
2026-09-27 04:55:56, Info                         PnPIBS: Found the file SimplifiedChineseLicense.txt
2026-09-27 04:55:56, Info                         PnPIBS: Skipping the file SimplifiedChineseLicense.txt because it is not an INF file.
2026-09-27 04:55:56, Info                         PnPIBS: Found the file SpanishLicense.txt
2026-09-27 04:55:56, Info                         PnPIBS: Skipping the file SpanishLicense.txt because it is not an INF file.
2026-09-27 04:55:56, Info                         PnPIBS: Found the file SwedishLicense.txt
2026-09-27 04:55:56, Info                         PnPIBS: Skipping the file SwedishLicense.txt because it is not an INF file.
2026-09-27 04:55:56, Info                         PnPIBS: Found the file TraditionalChineseLicense.txt
2026-09-27 04:55:56, Info                         PnPIBS: Skipping the file TraditionalChineseLicense.txt because it is not an INF file.
2026-09-27 04:55:56, Info                         PnPIBS: Found the file TurkishLicense.txt
2026-09-27 04:55:56, Info                         PnPIBS: Skipping the file TurkishLicense.txt because it is not an INF file.
2026-09-27 04:55:56, Info                         PnPIBS: Found the file WdfCoinstaller01011.dll
2026-09-27 04:55:56, Info                         PnPIBS: Skipping the file WdfCoinstaller01011.dll because it is not an INF file.
2026-09-27 04:55:56, Info                         PnPIBS: Finished building list of drivers in the path E:\$WinPEDriver$\AppleMultiTouchTrackPadInstaller64.
2026-09-27 04:55:56, Info                         PnPIBS: Found the directory AppleMultiTouchTrackPadProInstaller64.
2026-09-27 04:55:56, Info                         PnPIBS: Building the list of drivers in the path E:\$WinPEDriver$\AppleMultiTouchTrackPadProInstaller64 ...
2026-09-27 04:55:56, Info                         PnPIBS: Found the file AppleTPP.sys
2026-09-27 04:55:56, Info                         PnPIBS: Skipping the file AppleTPP.sys because it is not an INF file.
2026-09-27 04:55:56, Info                         PnPIBS: Found the file AppleTPP64.inf
2026-09-27 04:55:56, Info                         PnPIBS: Added driver E:\$WinPEDriver$\AppleMultiTouchTrackPadProInstaller64\AppleTPP64.inf to the list of drivers.
2026-09-27 04:55:56, Info                         PnPIBS: Found the file ArabicLicense.txt
2026-09-27 04:55:56, Info                         PnPIBS: Skipping the file ArabicLicense.txt because it is not an INF file.
2026-09-27 04:55:56, Info                         PnPIBS: Found the file BrazilianPortugueseLicense.txt
2026-09-27 04:55:56, Info                         PnPIBS: Skipping the file BrazilianPortugueseLicense.txt because it is not an INF file.
2026-09-27 04:55:56, Info                         PnPIBS: Found the file CzechLicense.txt
2026-09-27 04:55:56, Info                         PnPIBS: Skipping the file CzechLicense.txt because it is not an INF file.
2026-09-27 04:55:56, Info                         PnPIBS: Found the file DPInst.exe
2026-09-27 04:55:56, Info                         PnPIBS: Skipping the file DPInst.exe because it is not an INF file.
2026-09-27 04:55:56, Info                         PnPIBS: Found the file DPInst.xml
2026-09-27 04:55:56, Info                         PnPIBS: Skipping the file DPInst.xml because it is not an INF file.
2026-09-27 04:55:56, Info                         PnPIBS: Found the file DanishLicense.txt
2026-09-27 04:55:56, Info                         PnPIBS: Skipping the file DanishLicense.txt because it is not an INF file.
2026-09-27 04:55:56, Info                         PnPIBS: Found the file DutchLicense.txt
2026-09-27 04:55:56, Info                         PnPIBS: Skipping the file DutchLicense.txt because it is not an INF file.
2026-09-27 04:55:56, Info                         PnPIBS: Found the file EnglishLicense.txt
2026-09-27 04:55:56, Info                         PnPIBS: Skipping the file EnglishLicense.txt because it is not an INF file.
2026-09-27 04:55:56, Info                         PnPIBS: Found the file FinnishLicense.txt
2026-09-27 04:55:56, Info                         PnPIBS: Skipping the file FinnishLicense.txt because it is not an INF file.
2026-09-27 04:55:56, Info                         PnPIBS: Found the file FrenchLicense.txt
2026-09-27 04:55:56, Info                         PnPIBS: Skipping the file FrenchLicense.txt because it is not an INF file.
2026-09-27 04:55:56, Info                         PnPIBS: Found the file GermanLicense.txt
2026-09-27 04:55:56, Info                         PnPIBS: Skipping the file GermanLicense.txt because it is not an INF file.
2026-09-27 04:55:56, Info                         PnPIBS: Found the file HungarianLicense.txt
2026-09-27 04:55:56, Info                         PnPIBS: Skipping the file HungarianLicense.txt because it is not an INF file.
2026-09-27 04:55:56, Info                         PnPIBS: Found the file ItalianLicense.txt
2026-09-27 04:55:56, Info                         PnPIBS: Skipping the file ItalianLicense.txt because it is not an INF file.
2026-09-27 04:55:56, Info                         PnPIBS: Found the file JapaneseLicense.txt
2026-09-27 04:55:56, Info                         PnPIBS: Skipping the file JapaneseLicense.txt because it is not an INF file.
2026-09-27 04:55:56, Info                         PnPIBS: Found the file KoreanLicense.txt
2026-09-27 04:55:56, Info                         PnPIBS: Skipping the file KoreanLicense.txt because it is not an INF file.
2026-09-27 04:55:56, Info                         PnPIBS: Found the file NorwegianLicense.txt
2026-09-27 04:55:56, Info                         PnPIBS: Skipping the file NorwegianLicense.txt because it is not an INF file.
2026-09-27 04:55:56, Info                         PnPIBS: Found the file PolishLicense.txt
2026-09-27 04:55:56, Info                         PnPIBS: Skipping the file PolishLicense.txt because it is not an INF file.
2026-09-27 04:55:56, Info                         PnPIBS: Found the file PortugueseLicense.txt
2026-09-27 04:55:56, Info                         PnPIBS: Skipping the file PortugueseLicense.txt because it is not an INF file.
2026-09-27 04:55:56, Info                         PnPIBS: Found the file RussianLicense.txt
2026-09-27 04:55:56, Info                         PnPIBS: Skipping the file RussianLicense.txt because it is not an INF file.
2026-09-27 04:55:56, Info                         PnPIBS: Found the file SimplifiedChineseLicense.txt
2026-09-27 04:55:56, Info                         PnPIBS: Skipping the file SimplifiedChineseLicense.txt because it is not an INF file.
2026-09-27 04:55:56, Info                         PnPIBS: Found the file SpanishLicense.txt
2026-09-27 04:55:56, Info                         PnPIBS: Skipping the file SpanishLicense.txt because it is not an INF file.
2026-09-27 04:55:56, Info                         PnPIBS: Found the file SwedishLicense.txt
2026-09-27 04:55:56, Info                         PnPIBS: Skipping the file SwedishLicense.txt because it is not an INF file.
2026-09-27 04:55:56, Info                         PnPIBS: Found the file TraditionalChineseLicense.txt
2026-09-27 04:55:56, Info                         PnPIBS: Skipping the file TraditionalChineseLicense.txt because it is not an INF file.
2026-09-27 04:55:56, Info                         PnPIBS: Found the file TurkishLicense.txt
2026-09-27 04:55:56, Info                         PnPIBS: Skipping the file TurkishLicense.txt because it is not an INF file.
2026-09-27 04:55:56, Info                         PnPIBS: Found the file WdfCoinstaller01011.dll
2026-09-27 04:55:56, Info                         PnPIBS: Skipping the file WdfCoinstaller01011.dll because it is not an INF file.
2026-09-27 04:55:56, Info                         PnPIBS: Found the file appletpp64.cat
2026-09-27 04:55:56, Info                         PnPIBS: Skipping the file appletpp64.cat because it is not an INF file.
2026-09-27 04:55:56, Info                         PnPIBS: Finished building list of drivers in the path E:\$WinPEDriver$\AppleMultiTouchTrackPadProInstaller64.
2026-09-27 04:55:56, Info                         PnPIBS: Found the directory AppleNullDriver64.
2026-09-27 04:55:56, Info                         PnPIBS: Building the list of drivers in the path E:\$WinPEDriver$\AppleNullDriver64 ...
2026-09-27 04:55:56, Info                         PnPIBS: Found the file AppleNull64.cat
2026-09-27 04:55:56, Info                         PnPIBS: Skipping the file AppleNull64.cat because it is not an INF file.
2026-09-27 04:55:56, Info                         PnPIBS: Found the file AppleNull64.inf
2026-09-27 04:55:56, Info                         PnPIBS: Added driver E:\$WinPEDriver$\AppleNullDriver64\AppleNull64.inf to the list of drivers.
2026-09-27 04:55:56, Info                         PnPIBS: Found the file ArabicLicense.txt
2026-09-27 04:55:56, Info                         PnPIBS: Skipping the file ArabicLicense.txt because it is not an INF file.
2026-09-27 04:55:56, Info                         PnPIBS: Found the file BrazilianPortugueseLicense.txt
2026-09-27 04:55:56, Info                         PnPIBS: Skipping the file BrazilianPortugueseLicense.txt because it is not an INF file.
2026-09-27 04:55:56, Info                         PnPIBS: Found the file CzechLicense.txt
2026-09-27 04:55:56, Info                         PnPIBS: Skipping the file CzechLicense.txt because it is not an INF file.
2026-09-27 04:55:56, Info                         PnPIBS: Found the file DPInst.exe
2026-09-27 04:55:56, Info                         PnPIBS: Skipping the file DPInst.exe because it is not an INF file.
2026-09-27 04:55:56, Info                         PnPIBS: Found the file DPInst.xml
2026-09-27 04:55:56, Info                         PnPIBS: Skipping the file DPInst.xml because it is not an INF file.
2026-09-27 04:55:56, Info                         PnPIBS: Found the file DanishLicense.txt
2026-09-27 04:55:56, Info                         PnPIBS: Skipping the file DanishLicense.txt because it is not an INF file.
2026-09-27 04:55:56, Info                         PnPIBS: Found the file DutchLicense.txt
2026-09-27 04:55:56, Info                         PnPIBS: Skipping the file DutchLicense.txt because it is not an INF file.
2026-09-27 04:55:56, Info                         PnPIBS: Found the file EnglishLicense.txt
2026-09-27 04:55:56, Info                         PnPIBS: Skipping the file EnglishLicense.txt because it is not an INF file.
2026-09-27 04:55:56, Info                         PnPIBS: Found the file FinnishLicense.txt
2026-09-27 04:55:56, Info                         PnPIBS: Skipping the file FinnishLicense.txt because it is not an INF file.
2026-09-27 04:55:56, Info                         PnPIBS: Found the file FrenchLicense.txt
2026-09-27 04:55:56, Info                         PnPIBS: Skipping the file FrenchLicense.txt because it is not an INF file.
2026-09-27 04:55:56, Info                         PnPIBS: Found the file GermanLicense.txt
2026-09-27 04:55:56, Info                         PnPIBS: Skipping the file GermanLicense.txt because it is not an INF file.
2026-09-27 04:55:56, Info                         PnPIBS: Found the file HungarianLicense.txt
2026-09-27 04:55:56, Info                         PnPIBS: Skipping the file HungarianLicense.txt because it is not an INF file.
2026-09-27 04:55:56, Info                         PnPIBS: Found the file ItalianLicense.txt
2026-09-27 04:55:56, Info                         PnPIBS: Skipping the file ItalianLicense.txt because it is not an INF file.
2026-09-27 04:55:56, Info                         PnPIBS: Found the file JapaneseLicense.txt
2026-09-27 04:55:56, Info                         PnPIBS: Skipping the file JapaneseLicense.txt because it is not an INF file.
2026-09-27 04:55:56, Info                         PnPIBS: Found the file KoreanLicense.txt
2026-09-27 04:55:56, Info                         PnPIBS: Skipping the file KoreanLicense.txt because it is not an INF file.
2026-09-27 04:55:56, Info                         PnPIBS: Found the file NorwegianLicense.txt
2026-09-27 04:55:56, Info                         PnPIBS: Skipping the file NorwegianLicense.txt because it is not an INF file.
2026-09-27 04:55:56, Info                         PnPIBS: Found the file PolishLicense.txt
2026-09-27 04:55:56, Info                         PnPIBS: Skipping the file PolishLicense.txt because it is not an INF file.
2026-09-27 04:55:56, Info                         PnPIBS: Found the file PortugueseLicense.txt
2026-09-27 04:55:56, Info                         PnPIBS: Skipping the file PortugueseLicense.txt because it is not an INF file.
2026-09-27 04:55:56, Info                         PnPIBS: Found the file RussianLicense.txt
2026-09-27 04:55:56, Info                         PnPIBS: Skipping the file RussianLicense.txt because it is not an INF file.
2026-09-27 04:55:56, Info                         PnPIBS: Found the file SimplifiedChineseLicense.txt
2026-09-27 04:55:56, Info                         PnPIBS: Skipping the file SimplifiedChineseLicense.txt because it is not an INF file.
2026-09-27 04:55:56, Info                         PnPIBS: Found the file SpanishLicense.txt
2026-09-27 04:55:56, Info                         PnPIBS: Skipping the file SpanishLicense.txt because it is not an INF file.
2026-09-27 04:55:56, Info                         PnPIBS: Found the file SwedishLicense.txt
2026-09-27 04:55:56, Info                         PnPIBS: Skipping the file SwedishLicense.txt because it is not an INF file.
2026-09-27 04:55:56, Info                         PnPIBS: Found the file TraditionalChineseLicense.txt
2026-09-27 04:55:56, Info                         PnPIBS: Skipping the file TraditionalChineseLicense.txt because it is not an INF file.
2026-09-27 04:55:56, Info                         PnPIBS: Found the file TurkishLicense.txt
2026-09-27 04:55:56, Info                         PnPIBS: Skipping the file TurkishLicense.txt because it is not an INF file.
2026-09-27 04:55:56, Info                         PnPIBS: Finished building list of drivers in the path E:\$WinPEDriver$\AppleNullDriver64.
2026-09-27 04:55:56, Info                         PnPIBS: Found the directory AppleODDInstaller64.
2026-09-27 04:55:56, Info                         PnPIBS: Building the list of drivers in the path E:\$WinPEDriver$\AppleODDInstaller64 ...
2026-09-27 04:55:56, Info                         PnPIBS: Found the file AppleODD.sys
2026-09-27 04:55:56, Info                         PnPIBS: Skipping the file AppleODD.sys because it is not an INF file.
2026-09-27 04:55:56, Info                         PnPIBS: Found the file AppleODD64.cat
2026-09-27 04:55:56, Info                         PnPIBS: Skipping the file AppleODD64.cat because it is not an INF file.
2026-09-27 04:55:56, Info                         PnPIBS: Found the file AppleODD64.inf
2026-09-27 04:55:56, Info                         PnPIBS: Added driver E:\$WinPEDriver$\AppleODDInstaller64\AppleODD64.inf to the list of drivers.
2026-09-27 04:55:56, Info                         PnPIBS: Found the file ArabicLicense.txt
2026-09-27 04:55:56, Info                         PnPIBS: Skipping the file ArabicLicense.txt because it is not an INF file.
2026-09-27 04:55:56, Info                         PnPIBS: Found the file BrazilianPortugueseLicense.txt
2026-09-27 04:55:56, Info                         PnPIBS: Skipping the file BrazilianPortugueseLicense.txt because it is not an INF file.
2026-09-27 04:55:56, Info                         PnPIBS: Found the file CzechLicense.txt
2026-09-27 04:55:56, Info                         PnPIBS: Skipping the file CzechLicense.txt because it is not an INF file.
2026-09-27 04:55:56, Info                         PnPIBS: Found the file DPInst.exe
2026-09-27 04:55:56, Info                         PnPIBS: Skipping the file DPInst.exe because it is not an INF file.
2026-09-27 04:55:56, Info                         PnPIBS: Found the file DPInst.xml
2026-09-27 04:55:56, Info                         PnPIBS: Skipping the file DPInst.xml because it is not an INF file.
2026-09-27 04:55:56, Info                         PnPIBS: Found the file DanishLicense.txt
2026-09-27 04:55:56, Info                         PnPIBS: Skipping the file DanishLicense.txt because it is not an INF file.
2026-09-27 04:55:56, Info                         PnPIBS: Found the file DutchLicense.txt
2026-09-27 04:55:56, Info                         PnPIBS: Skipping the file DutchLicense.txt because it is not an INF file.
2026-09-27 04:55:56, Info                         PnPIBS: Found the file EnglishLicense.txt
2026-09-27 04:55:56, Info                         PnPIBS: Skipping the file EnglishLicense.txt because it is not an INF file.
2026-09-27 04:55:56, Info                         PnPIBS: Found the file FinnishLicense.txt
2026-09-27 04:55:56, Info                         PnPIBS: Skipping the file FinnishLicense.txt because it is not an INF file.
2026-09-27 04:55:56, Info                         PnPIBS: Found the file FrenchLicense.txt
2026-09-27 04:55:56, Info                         PnPIBS: Skipping the file FrenchLicense.txt because it is not an INF file.
2026-09-27 04:55:56, Info                         PnPIBS: Found the file GermanLicense.txt
2026-09-27 04:55:56, Info                         PnPIBS: Skipping the file GermanLicense.txt because it is not an INF file.
2026-09-27 04:55:56, Info                         PnPIBS: Found the file HungarianLicense.txt
2026-09-27 04:55:56, Info                         PnPIBS: Skipping the file HungarianLicense.txt because it is not an INF file.
2026-09-27 04:55:56, Info                         PnPIBS: Found the file ItalianLicense.txt
2026-09-27 04:55:56, Info                         PnPIBS: Skipping the file ItalianLicense.txt because it is not an INF file.
2026-09-27 04:55:56, Info                         PnPIBS: Found the file JapaneseLicense.txt
2026-09-27 04:55:56, Info                         PnPIBS: Skipping the file JapaneseLicense.txt because it is not an INF file.
2026-09-27 04:55:56, Info                         PnPIBS: Found the file KoreanLicense.txt
2026-09-27 04:55:56, Info                         PnPIBS: Skipping the file KoreanLicense.txt because it is not an INF file.
2026-09-27 04:55:56, Info                         PnPIBS: Found the file NorwegianLicense.txt
2026-09-27 04:55:56, Info                         PnPIBS: Skipping the file NorwegianLicense.txt because it is not an INF file.
2026-09-27 04:55:56, Info                         PnPIBS: Found the file PolishLicense.txt
2026-09-27 04:55:56, Info                         PnPIBS: Skipping the file PolishLicense.txt because it is not an INF file.
2026-09-27 04:55:56, Info                         PnPIBS: Found the file PortugueseLicense.txt
2026-09-27 04:55:56, Info                         PnPIBS: Skipping the file PortugueseLicense.txt because it is not an INF file.
2026-09-27 04:55:56, Info                         PnPIBS: Found the file RussianLicense.txt
2026-09-27 04:55:56, Info                         PnPIBS: Skipping the file RussianLicense.txt because it is not an INF file.
2026-09-27 04:55:56, Info                         PnPIBS: Found the file SimplifiedChineseLicense.txt
2026-09-27 04:55:56, Info                         PnPIBS: Skipping the file SimplifiedChineseLicense.txt because it is not an INF file.
2026-09-27 04:55:56, Info                         PnPIBS: Found the file SpanishLicense.txt
2026-09-27 04:55:56, Info                         PnPIBS: Skipping the file SpanishLicense.txt because it is not an INF file.
2026-09-27 04:55:56, Info                         PnPIBS: Found the file SwedishLicense.txt
2026-09-27 04:55:56, Info                         PnPIBS: Skipping the file SwedishLicense.txt because it is not an INF file.
2026-09-27 04:55:56, Info                         PnPIBS: Found the file TraditionalChineseLicense.txt
2026-09-27 04:55:56, Info                         PnPIBS: Skipping the file TraditionalChineseLicense.txt because it is not an INF file.
2026-09-27 04:55:56, Info                         PnPIBS: Found the file TurkishLicense.txt
2026-09-27 04:55:56, Info                         PnPIBS: Skipping the file TurkishLicense.txt because it is not an INF file.
2026-09-27 04:55:56, Info                         PnPIBS: Found the file WdfCoInstaller01005.dll
2026-09-27 04:55:56, Info                         PnPIBS: Skipping the file WdfCoInstaller01005.dll because it is not an INF file.
2026-09-27 04:55:56, Info                         PnPIBS: Finished building list of drivers in the path E:\$WinPEDriver$\AppleODDInstaller64.
2026-09-27 04:55:56, Info                         PnPIBS: Found the directory AppleSOC64.
2026-09-27 04:55:56, Info                         PnPIBS: Building the list of drivers in the path E:\$WinPEDriver$\AppleSOC64 ...
2026-09-27 04:55:56, Info                         PnPIBS: Found the file AppleSOC.cat
2026-09-27 04:55:56, Info                         PnPIBS: Skipping the file AppleSOC.cat because it is not an INF file.
2026-09-27 04:55:56, Info                         PnPIBS: Found the file AppleSOC.inf
2026-09-27 04:55:56, Info                         PnPIBS: Added driver E:\$WinPEDriver$\AppleSOC64\AppleSOC.inf to the list of drivers.
2026-09-27 04:55:56, Info                         PnPIBS: Found the file AppleSOC.sys
2026-09-27 04:55:56, Info                         PnPIBS: Skipping the file AppleSOC.sys because it is not an INF file.
2026-09-27 04:55:56, Info                         PnPIBS: Found the file ArabicLicense.txt
2026-09-27 04:55:56, Info                         PnPIBS: Skipping the file ArabicLicense.txt because it is not an INF file.
2026-09-27 04:55:56, Info                         PnPIBS: Found the file BrazilianPortugueseLicense.txt
2026-09-27 04:55:56, Info                         PnPIBS: Skipping the file BrazilianPortugueseLicense.txt because it is not an INF file.
2026-09-27 04:55:56, Info                         PnPIBS: Found the file CzechLicense.txt
2026-09-27 04:55:56, Info                         PnPIBS: Skipping the file CzechLicense.txt because it is not an INF file.
2026-09-27 04:55:56, Info                         PnPIBS: Found the file DPInst.exe
2026-09-27 04:55:56, Info                         PnPIBS: Skipping the file DPInst.exe because it is not an INF file.
2026-09-27 04:55:56, Info                         PnPIBS: Found the file DPInst.xml
2026-09-27 04:55:56, Info                         PnPIBS: Skipping the file DPInst.xml because it is not an INF file.
2026-09-27 04:55:56, Info                         PnPIBS: Found the file DanishLicense.txt
2026-09-27 04:55:56, Info                         PnPIBS: Skipping the file DanishLicense.txt because it is not an INF file.
2026-09-27 04:55:56, Info                         PnPIBS: Found the file DutchLicense.txt
2026-09-27 04:55:56, Info                         PnPIBS: Skipping the file DutchLicense.txt because it is not an INF file.
2026-09-27 04:55:56, Info                         PnPIBS: Found the file EnglishLicense.txt
2026-09-27 04:55:56, Info                         PnPIBS: Skipping the file EnglishLicense.txt because it is not an INF file.
2026-09-27 04:55:56, Info                         PnPIBS: Found the file FinnishLicense.txt
2026-09-27 04:55:56, Info                         PnPIBS: Skipping the file FinnishLicense.txt because it is not an INF file.
2026-09-27 04:55:56, Info                         PnPIBS: Found the file FrenchLicense.txt
2026-09-27 04:55:56, Info                         PnPIBS: Skipping the file FrenchLicense.txt because it is not an INF file.
2026-09-27 04:55:56, Info                         PnPIBS: Found the file GermanLicense.txt
2026-09-27 04:55:56, Info                         PnPIBS: Skipping the file GermanLicense.txt because it is not an INF file.
2026-09-27 04:55:56, Info                         PnPIBS: Found the file HungarianLicense.txt
2026-09-27 04:55:56, Info                         PnPIBS: Skipping the file HungarianLicense.txt because it is not an INF file.
2026-09-27 04:55:56, Info                         PnPIBS: Found the file ItalianLicense.txt
2026-09-27 04:55:56, Info                         PnPIBS: Skipping the file ItalianLicense.txt because it is not an INF file.
2026-09-27 04:55:56, Info                         PnPIBS: Found the file JapaneseLicense.txt
2026-09-27 04:55:56, Info                         PnPIBS: Skipping the file JapaneseLicense.txt because it is not an INF file.
2026-09-27 04:55:56, Info                         PnPIBS: Found the file KoreanLicense.txt
2026-09-27 04:55:56, Info                         PnPIBS: Skipping the file KoreanLicense.txt because it is not an INF file.
2026-09-27 04:55:56, Info                         PnPIBS: Found the file NorwegianLicense.txt
2026-09-27 04:55:56, Info                         PnPIBS: Skipping the file NorwegianLicense.txt because it is not an INF file.
2026-09-27 04:55:56, Info                         PnPIBS: Found the file PolishLicense.txt
2026-09-27 04:55:56, Info                         PnPIBS: Skipping the file PolishLicense.txt because it is not an INF file.
2026-09-27 04:55:56, Info                         PnPIBS: Found the file PortugueseLicense.txt
2026-09-27 04:55:56, Info                         PnPIBS: Skipping the file PortugueseLicense.txt because it is not an INF file.
2026-09-27 04:55:56, Info                         PnPIBS: Found the file RussianLicense.txt
2026-09-27 04:55:56, Info                         PnPIBS: Skipping the file RussianLicense.txt because it is not an INF file.
2026-09-27 04:55:56, Info                         PnPIBS: Found the file SimplifiedChineseLicense.txt
2026-09-27 04:55:56, Info                         PnPIBS: Skipping the file SimplifiedChineseLicense.txt because it is not an INF file.
2026-09-27 04:55:56, Info                         PnPIBS: Found the file SpanishLicense.txt
2026-09-27 04:55:56, Info                         PnPIBS: Skipping the file SpanishLicense.txt because it is not an INF file.
2026-09-27 04:55:56, Info                         PnPIBS: Found the file SwedishLicense.txt
2026-09-27 04:55:56, Info                         PnPIBS: Skipping the file SwedishLicense.txt because it is not an INF file.
2026-09-27 04:55:56, Info                         PnPIBS: Found the file TraditionalChineseLicense.txt
2026-09-27 04:55:56, Info                         PnPIBS: Skipping the file TraditionalChineseLicense.txt because it is not an INF file.
2026-09-27 04:55:56, Info                         PnPIBS: Found the file TurkishLicense.txt
2026-09-27 04:55:56, Info                         PnPIBS: Skipping the file TurkishLicense.txt because it is not an INF file.
2026-09-27 04:55:56, Info                         PnPIBS: Finished building list of drivers in the path E:\$WinPEDriver$\AppleSOC64.
2026-09-27 04:55:56, Info                         PnPIBS: Found the directory AppleSPIDevice.
2026-09-27 04:55:56, Info                         PnPIBS: Building the list of drivers in the path E:\$WinPEDriver$\AppleSPIDevice ...
2026-09-27 04:55:56, Info                         PnPIBS: Found the file AppleSPIDevice.cat
2026-09-27 04:55:56, Info                         PnPIBS: Skipping the file AppleSPIDevice.cat because it is not an INF file.
2026-09-27 04:55:56, Info                         PnPIBS: Found the file AppleSPIDevice.inf
2026-09-27 04:55:56, Info                         PnPIBS: Added driver E:\$WinPEDriver$\AppleSPIDevice\AppleSPIDevice.inf to the list of drivers.
2026-09-27 04:55:56, Info                         PnPIBS: Found the file AppleSPIDevice.sys
2026-09-27 04:55:56, Info                         PnPIBS: Skipping the file AppleSPIDevice.sys because it is not an INF file.
2026-09-27 04:55:56, Info                         PnPIBS: Found the file ArabicLicense.txt
2026-09-27 04:55:56, Info                         PnPIBS: Skipping the file ArabicLicense.txt because it is not an INF file.
2026-09-27 04:55:56, Info                         PnPIBS: Found the file BrazilianPortugueseLicense.txt
2026-09-27 04:55:56, Info                         PnPIBS: Skipping the file BrazilianPortugueseLicense.txt because it is not an INF file.
2026-09-27 04:55:56, Info                         PnPIBS: Found the file CzechLicense.txt
2026-09-27 04:55:56, Info                         PnPIBS: Skipping the file CzechLicense.txt because it is not an INF file.
2026-09-27 04:55:56, Info                         PnPIBS: Found the file DPInst.exe
2026-09-27 04:55:56, Info                         PnPIBS: Skipping the file DPInst.exe because it is not an INF file.
2026-09-27 04:55:56, Info                         PnPIBS: Found the file DPInst.xml
2026-09-27 04:55:56, Info                         PnPIBS: Skipping the file DPInst.xml because it is not an INF file.
2026-09-27 04:55:56, Info                         PnPIBS: Found the file DanishLicense.txt
2026-09-27 04:55:56, Info                         PnPIBS: Skipping the file DanishLicense.txt because it is not an INF file.
2026-09-27 04:55:56, Info                         PnPIBS: Found the file DutchLicense.txt
2026-09-27 04:55:56, Info                         PnPIBS: Skipping the file DutchLicense.txt because it is not an INF file.
2026-09-27 04:55:56, Info                         PnPIBS: Found the file EnglishLicense.txt
2026-09-27 04:55:56, Info                         PnPIBS: Skipping the file EnglishLicense.txt because it is not an INF file.
2026-09-27 04:55:56, Info                         PnPIBS: Found the file FinnishLicense.txt
2026-09-27 04:55:56, Info                         PnPIBS: Skipping the file FinnishLicense.txt because it is not an INF file.
2026-09-27 04:55:56, Info                         PnPIBS: Found the file FrenchLicense.txt
2026-09-27 04:55:56, Info                         PnPIBS: Skipping the file FrenchLicense.txt because it is not an INF file.
2026-09-27 04:55:56, Info                         PnPIBS: Found the file GermanLicense.txt
2026-09-27 04:55:56, Info                         PnPIBS: Skipping the file GermanLicense.txt because it is not an INF file.
2026-09-27 04:55:56, Info                         PnPIBS: Found the file HungarianLicense.txt
2026-09-27 04:55:56, Info                         PnPIBS: Skipping the file HungarianLicense.txt because it is not an INF file.
2026-09-27 04:55:56, Info                         PnPIBS: Found the file ItalianLicense.txt
2026-09-27 04:55:56, Info                         PnPIBS: Skipping the file ItalianLicense.txt because it is not an INF file.
2026-09-27 04:55:56, Info                         PnPIBS: Found the file JapaneseLicense.txt
2026-09-27 04:55:56, Info                         PnPIBS: Skipping the file JapaneseLicense.txt because it is not an INF file.
2026-09-27 04:55:56, Info                         PnPIBS: Found the file KoreanLicense.txt
2026-09-27 04:55:56, Info                         PnPIBS: Skipping the file KoreanLicense.txt because it is not an INF file.
2026-09-27 04:55:56, Info                         PnPIBS: Found the file NorwegianLicense.txt
2026-09-27 04:55:56, Info                         PnPIBS: Skipping the file NorwegianLicense.txt because it is not an INF file.
2026-09-27 04:55:56, Info                         PnPIBS: Found the file PolishLicense.txt
2026-09-27 04:55:56, Info                         PnPIBS: Skipping the file PolishLicense.txt because it is not an INF file.
2026-09-27 04:55:56, Info                         PnPIBS: Found the file PortugueseLicense.txt
2026-09-27 04:55:56, Info                         PnPIBS: Skipping the file PortugueseLicense.txt because it is not an INF file.
2026-09-27 04:55:56, Info                         PnPIBS: Found the file RussianLicense.txt
2026-09-27 04:55:56, Info                         PnPIBS: Skipping the file RussianLicense.txt because it is not an INF file.
2026-09-27 04:55:56, Info                         PnPIBS: Found the file SimplifiedChineseLicense.txt
2026-09-27 04:55:56, Info                         PnPIBS: Skipping the file SimplifiedChineseLicense.txt because it is not an INF file.
2026-09-27 04:55:56, Info                         PnPIBS: Found the file SpanishLicense.txt
2026-09-27 04:55:56, Info                         PnPIBS: Skipping the file SpanishLicense.txt because it is not an INF file.
2026-09-27 04:55:56, Info                         PnPIBS: Found the file SwedishLicense.txt
2026-09-27 04:55:56, Info                         PnPIBS: Skipping the file SwedishLicense.txt because it is not an INF file.
2026-09-27 04:55:56, Info                         PnPIBS: Found the file TraditionalChineseLicense.txt
2026-09-27 04:55:56, Info                         PnPIBS: Skipping the file TraditionalChineseLicense.txt because it is not an INF file.
2026-09-27 04:55:56, Info                         PnPIBS: Found the file TurkishLicense.txt
2026-09-27 04:55:56, Info                         PnPIBS: Skipping the file TurkishLicense.txt because it is not an INF file.
2026-09-27 04:55:56, Info                         PnPIBS: Found the file WdfCoinstaller01011.dll
2026-09-27 04:55:56, Info                         PnPIBS: Skipping the file WdfCoinstaller01011.dll because it is not an INF file.
2026-09-27 04:55:56, Info                         PnPIBS: Finished building list of drivers in the path E:\$WinPEDriver$\AppleSPIDevice.
2026-09-27 04:55:56, Info                         PnPIBS: Found the directory AppleSPIKeyboard.
2026-09-27 04:55:56, Info                         PnPIBS: Building the list of drivers in the path E:\$WinPEDriver$\AppleSPIKeyboard ...
2026-09-27 04:55:56, Info                         PnPIBS: Found the file AppleSPIKeyboard.cat
2026-09-27 04:55:56, Info                         PnPIBS: Skipping the file AppleSPIKeyboard.cat because it is not an INF file.
2026-09-27 04:55:56, Info                         PnPIBS: Found the file AppleSPIKeyboard.inf
2026-09-27 04:55:56, Info                         PnPIBS: Added driver E:\$WinPEDriver$\AppleSPIKeyboard\AppleSPIKeyboard.inf to the list of drivers.
2026-09-27 04:55:56, Info                         PnPIBS: Found the file AppleSPIKeyboard.sys
2026-09-27 04:55:56, Info                         PnPIBS: Skipping the file AppleSPIKeyboard.sys because it is not an INF file.
2026-09-27 04:55:56, Info                         PnPIBS: Found the file ArabicLicense.txt
2026-09-27 04:55:56, Info                         PnPIBS: Skipping the file ArabicLicense.txt because it is not an INF file.
2026-09-27 04:55:56, Info                         PnPIBS: Found the file BrazilianPortugueseLicense.txt
2026-09-27 04:55:56, Info                         PnPIBS: Skipping the file BrazilianPortugueseLicense.txt because it is not an INF file.
2026-09-27 04:55:56, Info                         PnPIBS: Found the file CzechLicense.txt
2026-09-27 04:55:56, Info                         PnPIBS: Skipping the file CzechLicense.txt because it is not an INF file.
2026-09-27 04:55:56, Info                         PnPIBS: Found the file DPInst.exe
2026-09-27 04:55:56, Info                         PnPIBS: Skipping the file DPInst.exe because it is not an INF file.
2026-09-27 04:55:56, Info                         PnPIBS: Found the file DPInst.xml
2026-09-27 04:55:56, Info                         PnPIBS: Skipping the file DPInst.xml because it is not an INF file.
2026-09-27 04:55:56, Info                         PnPIBS: Found the file DanishLicense.txt
2026-09-27 04:55:56, Info                         PnPIBS: Skipping the file DanishLicense.txt because it is not an INF file.
2026-09-27 04:55:56, Info                         PnPIBS: Found the file DutchLicense.txt
2026-09-27 04:55:56, Info                         PnPIBS: Skipping the file DutchLicense.txt because it is not an INF file.
2026-09-27 04:55:56, Info                         PnPIBS: Found the file EnglishLicense.txt
2026-09-27 04:55:56, Info                         PnPIBS: Skipping the file EnglishLicense.txt because it is not an INF file.
2026-09-27 04:55:56, Info                         PnPIBS: Found the file FinnishLicense.txt
2026-09-27 04:55:56, Info                         PnPIBS: Skipping the file FinnishLicense.txt because it is not an INF file.
2026-09-27 04:55:56, Info                         PnPIBS: Found the file FrenchLicense.txt
2026-09-27 04:55:56, Info                         PnPIBS: Skipping the file FrenchLicense.txt because it is not an INF file.
2026-09-27 04:55:56, Info                         PnPIBS: Found the file GermanLicense.txt
2026-09-27 04:55:56, Info                         PnPIBS: Skipping the file GermanLicense.txt because it is not an INF file.
2026-09-27 04:55:56, Info                         PnPIBS: Found the file HungarianLicense.txt
2026-09-27 04:55:56, Info                         PnPIBS: Skipping the file HungarianLicense.txt because it is not an INF file.
2026-09-27 04:55:56, Info                         PnPIBS: Found the file ItalianLicense.txt
2026-09-27 04:55:56, Info                         PnPIBS: Skipping the file ItalianLicense.txt because it is not an INF file.
2026-09-27 04:55:56, Info                         PnPIBS: Found the file JapaneseLicense.txt
2026-09-27 04:55:56, Info                         PnPIBS: Skipping the file JapaneseLicense.txt because it is not an INF file.
2026-09-27 04:55:56, Info                         PnPIBS: Found the file KoreanLicense.txt
2026-09-27 04:55:56, Info                         PnPIBS: Skipping the file KoreanLicense.txt because it is not an INF file.
2026-09-27 04:55:56, Info                         PnPIBS: Found the file NorwegianLicense.txt
2026-09-27 04:55:56, Info                         PnPIBS: Skipping the file NorwegianLicense.txt because it is not an INF file.
2026-09-27 04:55:56, Info                         PnPIBS: Found the file PolishLicense.txt
2026-09-27 04:55:56, Info                         PnPIBS: Skipping the file PolishLicense.txt because it is not an INF file.
2026-09-27 04:55:56, Info                         PnPIBS: Found the file PortugueseLicense.txt
2026-09-27 04:55:56, Info                         PnPIBS: Skipping the file PortugueseLicense.txt because it is not an INF file.
2026-09-27 04:55:56, Info                         PnPIBS: Found the file RussianLicense.txt
2026-09-27 04:55:56, Info                         PnPIBS: Skipping the file RussianLicense.txt because it is not an INF file.
2026-09-27 04:55:56, Info                         PnPIBS: Found the file SimplifiedChineseLicense.txt
2026-09-27 04:55:56, Info                         PnPIBS: Skipping the file SimplifiedChineseLicense.txt because it is not an INF file.
2026-09-27 04:55:56, Info                         PnPIBS: Found the file SpanishLicense.txt
2026-09-27 04:55:56, Info                         PnPIBS: Skipping the file SpanishLicense.txt because it is not an INF file.
2026-09-27 04:55:56, Info                         PnPIBS: Found the file SwedishLicense.txt
2026-09-27 04:55:56, Info                         PnPIBS: Skipping the file SwedishLicense.txt because it is not an INF file.
2026-09-27 04:55:56, Info                         PnPIBS: Found the file TraditionalChineseLicense.txt
2026-09-27 04:55:56, Info                         PnPIBS: Skipping the file TraditionalChineseLicense.txt because it is not an INF file.
2026-09-27 04:55:56, Info                         PnPIBS: Found the file TurkishLicense.txt
2026-09-27 04:55:56, Info                         PnPIBS: Skipping the file TurkishLicense.txt because it is not an INF file.
2026-09-27 04:55:56, Info                         PnPIBS: Found the file WdfCoinstaller01011.dll
2026-09-27 04:55:56, Info                         PnPIBS: Skipping the file WdfCoinstaller01011.dll because it is not an INF file.
2026-09-27 04:55:56, Info                         PnPIBS: Finished building list of drivers in the path E:\$WinPEDriver$\AppleSPIKeyboard.
2026-09-27 04:55:56, Info                         PnPIBS: Found the directory AppleSPITrackpad.
2026-09-27 04:55:56, Info                         PnPIBS: Building the list of drivers in the path E:\$WinPEDriver$\AppleSPITrackpad ...
2026-09-27 04:55:56, Info                         PnPIBS: Found the file AppleSPITrackpad.cat
2026-09-27 04:55:56, Info                         PnPIBS: Skipping the file AppleSPITrackpad.cat because it is not an INF file.
2026-09-27 04:55:56, Info                         PnPIBS: Found the file AppleSPITrackpad.inf
2026-09-27 04:55:56, Info                         PnPIBS: Added driver E:\$WinPEDriver$\AppleSPITrackpad\AppleSPITrackpad.inf to the list of drivers.
2026-09-27 04:55:56, Info                         PnPIBS: Found the file AppleSPITrackpad.sys
2026-09-27 04:55:56, Info                         PnPIBS: Skipping the file AppleSPITrackpad.sys because it is not an INF file.
2026-09-27 04:55:56, Info                         PnPIBS: Found the file ArabicLicense.txt
2026-09-27 04:55:56, Info                         PnPIBS: Skipping the file ArabicLicense.txt because it is not an INF file.
2026-09-27 04:55:56, Info                         PnPIBS: Found the file BrazilianPortugueseLicense.txt
2026-09-27 04:55:56, Info                         PnPIBS: Skipping the file BrazilianPortugueseLicense.txt because it is not an INF file.
2026-09-27 04:55:56, Info                         PnPIBS: Found the file CzechLicense.txt
2026-09-27 04:55:56, Info                         PnPIBS: Skipping the file CzechLicense.txt because it is not an INF file.
2026-09-27 04:55:56, Info                         PnPIBS: Found the file DPInst.exe
2026-09-27 04:55:56, Info                         PnPIBS: Skipping the file DPInst.exe because it is not an INF file.
2026-09-27 04:55:56, Info                         PnPIBS: Found the file DPInst.xml
2026-09-27 04:55:56, Info                         PnPIBS: Skipping the file DPInst.xml because it is not an INF file.
2026-09-27 04:55:56, Info                         PnPIBS: Found the file DanishLicense.txt
2026-09-27 04:55:56, Info                         PnPIBS: Skipping the file DanishLicense.txt because it is not an INF file.
2026-09-27 04:55:56, Info                         PnPIBS: Found the file DutchLicense.txt
2026-09-27 04:55:56, Info                         PnPIBS: Skipping the file DutchLicense.txt because it is not an INF file.
2026-09-27 04:55:56, Info                         PnPIBS: Found the file EnglishLicense.txt
2026-09-27 04:55:56, Info                         PnPIBS: Skipping the file EnglishLicense.txt because it is not an INF file.
2026-09-27 04:55:56, Info                         PnPIBS: Found the file FinnishLicense.txt
2026-09-27 04:55:56, Info                         PnPIBS: Skipping the file FinnishLicense.txt because it is not an INF file.
2026-09-27 04:55:56, Info                         PnPIBS: Found the file FrenchLicense.txt
2026-09-27 04:55:56, Info                         PnPIBS: Skipping the file FrenchLicense.txt because it is not an INF file.
2026-09-27 04:55:56, Info                         PnPIBS: Found the file GermanLicense.txt
2026-09-27 04:55:56, Info                         PnPIBS: Skipping the file GermanLicense.txt because it is not an INF file.
2026-09-27 04:55:56, Info                         PnPIBS: Found the file HungarianLicense.txt
2026-09-27 04:55:56, Info                         PnPIBS: Skipping the file HungarianLicense.txt because it is not an INF file.
2026-09-27 04:55:56, Info                         PnPIBS: Found the file ItalianLicense.txt
2026-09-27 04:55:56, Info                         PnPIBS: Skipping the file ItalianLicense.txt because it is not an INF file.
2026-09-27 04:55:56, Info                         PnPIBS: Found the file JapaneseLicense.txt
2026-09-27 04:55:56, Info                         PnPIBS: Skipping the file JapaneseLicense.txt because it is not an INF file.
2026-09-27 04:55:56, Info                         PnPIBS: Found the file KoreanLicense.txt
2026-09-27 04:55:56, Info                         PnPIBS: Skipping the file KoreanLicense.txt because it is not an INF file.
2026-09-27 04:55:56, Info                         PnPIBS: Found the file NorwegianLicense.txt
2026-09-27 04:55:56, Info                         PnPIBS: Skipping the file NorwegianLicense.txt because it is not an INF file.
2026-09-27 04:55:56, Info                         PnPIBS: Found the file PolishLicense.txt
2026-09-27 04:55:56, Info                         PnPIBS: Skipping the file PolishLicense.txt because it is not an INF file.
2026-09-27 04:55:56, Info                         PnPIBS: Found the file PortugueseLicense.txt
2026-09-27 04:55:56, Info                         PnPIBS: Skipping the file PortugueseLicense.txt because it is not an INF file.
2026-09-27 04:55:56, Info                         PnPIBS: Found the file RussianLicense.txt
2026-09-27 04:55:56, Info                         PnPIBS: Skipping the file RussianLicense.txt because it is not an INF file.
2026-09-27 04:55:56, Info                         PnPIBS: Found the file SimplifiedChineseLicense.txt
2026-09-27 04:55:56, Info                         PnPIBS: Skipping the file SimplifiedChineseLicense.txt because it is not an INF file.
2026-09-27 04:55:56, Info                         PnPIBS: Found the file SpanishLicense.txt
2026-09-27 04:55:56, Info                         PnPIBS: Skipping the file SpanishLicense.txt because it is not an INF file.
2026-09-27 04:55:56, Info                         PnPIBS: Found the file SwedishLicense.txt
2026-09-27 04:55:56, Info                         PnPIBS: Skipping the file SwedishLicense.txt because it is not an INF file.
2026-09-27 04:55:56, Info                         PnPIBS: Found the file TraditionalChineseLicense.txt
2026-09-27 04:55:56, Info                         PnPIBS: Skipping the file TraditionalChineseLicense.txt because it is not an INF file.
2026-09-27 04:55:56, Info                         PnPIBS: Found the file TurkishLicense.txt
2026-09-27 04:55:56, Info                         PnPIBS: Skipping the file TurkishLicense.txt because it is not an INF file.
2026-09-27 04:55:56, Info                         PnPIBS: Found the file WdfCoinstaller01011.dll
2026-09-27 04:55:56, Info                         PnPIBS: Skipping the file WdfCoinstaller01011.dll because it is not an INF file.
2026-09-27 04:55:56, Info                         PnPIBS: Finished building list of drivers in the path E:\$WinPEDriver$\AppleSPITrackpad.
2026-09-27 04:55:56, Info                         PnPIBS: Found the directory AppleSSD64.
2026-09-27 04:55:56, Info                         PnPIBS: Building the list of drivers in the path E:\$WinPEDriver$\AppleSSD64 ...
2026-09-27 04:55:56, Info                         PnPIBS: Found the file AppleSSD.cat
2026-09-27 04:55:56, Info                         PnPIBS: Skipping the file AppleSSD.cat because it is not an INF file.
2026-09-27 04:55:56, Info                         PnPIBS: Found the file AppleSSD.inf
2026-09-27 04:55:56, Info                         PnPIBS: Added driver E:\$WinPEDriver$\AppleSSD64\AppleSSD.inf to the list of drivers.
2026-09-27 04:55:56, Info                         PnPIBS: Found the file AppleSSD.sys
2026-09-27 04:55:56, Info                         PnPIBS: Skipping the file AppleSSD.sys because it is not an INF file.
2026-09-27 04:55:56, Info                         PnPIBS: Found the file ArabicLicense.txt
2026-09-27 04:55:56, Info                         PnPIBS: Skipping the file ArabicLicense.txt because it is not an INF file.
2026-09-27 04:55:56, Info                         PnPIBS: Found the file BrazilianPortugueseLicense.txt
2026-09-27 04:55:56, Info                         PnPIBS: Skipping the file BrazilianPortugueseLicense.txt because it is not an INF file.
2026-09-27 04:55:56, Info                         PnPIBS: Found the file CzechLicense.txt
2026-09-27 04:55:56, Info                         PnPIBS: Skipping the file CzechLicense.txt because it is not an INF file.
2026-09-27 04:55:56, Info                         PnPIBS: Found the file DPInst.exe
2026-09-27 04:55:56, Info                         PnPIBS: Skipping the file DPInst.exe because it is not an INF file.
2026-09-27 04:55:56, Info                         PnPIBS: Found the file DPInst.xml
2026-09-27 04:55:56, Info                         PnPIBS: Skipping the file DPInst.xml because it is not an INF file.
2026-09-27 04:55:56, Info                         PnPIBS: Found the file DanishLicense.txt
2026-09-27 04:55:56, Info                         PnPIBS: Skipping the file DanishLicense.txt because it is not an INF file.
2026-09-27 04:55:56, Info                         PnPIBS: Found the file DutchLicense.txt
2026-09-27 04:55:56, Info                         PnPIBS: Skipping the file DutchLicense.txt because it is not an INF file.
2026-09-27 04:55:56, Info                         PnPIBS: Found the file EnglishLicense.txt
2026-09-27 04:55:56, Info                         PnPIBS: Skipping the file EnglishLicense.txt because it is not an INF file.
2026-09-27 04:55:56, Info                         PnPIBS: Found the file FinnishLicense.txt
2026-09-27 04:55:56, Info                         PnPIBS: Skipping the file FinnishLicense.txt because it is not an INF file.
2026-09-27 04:55:56, Info                         PnPIBS: Found the file FrenchLicense.txt
2026-09-27 04:55:56, Info                         PnPIBS: Skipping the file FrenchLicense.txt because it is not an INF file.
2026-09-27 04:55:56, Info                         PnPIBS: Found the file GermanLicense.txt
2026-09-27 04:55:56, Info                         PnPIBS: Skipping the file GermanLicense.txt because it is not an INF file.
2026-09-27 04:55:56, Info                         PnPIBS: Found the file HungarianLicense.txt
2026-09-27 04:55:56, Info                         PnPIBS: Skipping the file HungarianLicense.txt because it is not an INF file.
2026-09-27 04:55:56, Info                         PnPIBS: Found the file ItalianLicense.txt
2026-09-27 04:55:56, Info                         PnPIBS: Skipping the file ItalianLicense.txt because it is not an INF file.
2026-09-27 04:55:56, Info                         PnPIBS: Found the file JapaneseLicense.txt
2026-09-27 04:55:56, Info                         PnPIBS: Skipping the file JapaneseLicense.txt because it is not an INF file.
2026-09-27 04:55:56, Info                         PnPIBS: Found the file KoreanLicense.txt
2026-09-27 04:55:56, Info                         PnPIBS: Skipping the file KoreanLicense.txt because it is not an INF file.
2026-09-27 04:55:56, Info                         PnPIBS: Found the file NorwegianLicense.txt
2026-09-27 04:55:56, Info                         PnPIBS: Skipping the file NorwegianLicense.txt because it is not an INF file.
2026-09-27 04:55:56, Info                         PnPIBS: Found the file PolishLicense.txt
2026-09-27 04:55:56, Info                         PnPIBS: Skipping the file PolishLicense.txt because it is not an INF file.
2026-09-27 04:55:56, Info                         PnPIBS: Found the file PortugueseLicense.txt
2026-09-27 04:55:56, Info                         PnPIBS: Skipping the file PortugueseLicense.txt because it is not an INF file.
2026-09-27 04:55:56, Info                         PnPIBS: Found the file RussianLicense.txt
2026-09-27 04:55:56, Info                         PnPIBS: Skipping the file RussianLicense.txt because it is not an INF file.
2026-09-27 04:55:56, Info                         PnPIBS: Found the file SimplifiedChineseLicense.txt
2026-09-27 04:55:56, Info                         PnPIBS: Skipping the file SimplifiedChineseLicense.txt because it is not an INF file.
2026-09-27 04:55:56, Info                         PnPIBS: Found the file SpanishLicense.txt
2026-09-27 04:55:56, Info                         PnPIBS: Skipping the file SpanishLicense.txt because it is not an INF file.
2026-09-27 04:55:56, Info                         PnPIBS: Found the file SwedishLicense.txt
2026-09-27 04:55:56, Info                         PnPIBS: Skipping the file SwedishLicense.txt because it is not an INF file.
2026-09-27 04:55:56, Info                         PnPIBS: Found the file TraditionalChineseLicense.txt
2026-09-27 04:55:56, Info                         PnPIBS: Skipping the file TraditionalChineseLicense.txt because it is not an INF file.
2026-09-27 04:55:56, Info                         PnPIBS: Found the file TurkishLicense.txt
2026-09-27 04:55:56, Info                         PnPIBS: Skipping the file TurkishLicense.txt because it is not an INF file.
2026-09-27 04:55:56, Info                         PnPIBS: Finished building list of drivers in the path E:\$WinPEDriver$\AppleSSD64.
2026-09-27 04:55:56, Info                         PnPIBS: Found the directory AppleUSBCompositeDevice64.
2026-09-27 04:55:56, Info                         PnPIBS: Building the list of drivers in the path E:\$WinPEDriver$\AppleUSBCompositeDevice64 ...
2026-09-27 04:55:56, Info                         PnPIBS: Found the file AppleUSBCompositeDevice.cat
2026-09-27 04:55:56, Info                         PnPIBS: Skipping the file AppleUSBCompositeDevice.cat because it is not an INF file.
2026-09-27 04:55:56, Info                         PnPIBS: Found the file AppleUSBCompositeDevice.inf
2026-09-27 04:55:56, Info                         PnPIBS: Added driver E:\$WinPEDriver$\AppleUSBCompositeDevice64\AppleUSBCompositeDevice.inf to the list of drivers.
2026-09-27 04:55:56, Info                         PnPIBS: Found the file ArabicLicense.txt
2026-09-27 04:55:56, Info                         PnPIBS: Skipping the file ArabicLicense.txt because it is not an INF file.
2026-09-27 04:55:56, Info                         PnPIBS: Found the file BrazilianPortugueseLicense.txt
2026-09-27 04:55:56, Info                         PnPIBS: Skipping the file BrazilianPortugueseLicense.txt because it is not an INF file.
2026-09-27 04:55:56, Info                         PnPIBS: Found the file CzechLicense.txt
2026-09-27 04:55:56, Info                         PnPIBS: Skipping the file CzechLicense.txt because it is not an INF file.
2026-09-27 04:55:56, Info                         PnPIBS: Found the file DPInst.exe
2026-09-27 04:55:56, Info                         PnPIBS: Skipping the file DPInst.exe because it is not an INF file.
2026-09-27 04:55:56, Info                         PnPIBS: Found the file DPInst.xml
2026-09-27 04:55:56, Info                         PnPIBS: Skipping the file DPInst.xml because it is not an INF file.
2026-09-27 04:55:56, Info                         PnPIBS: Found the file DanishLicense.txt
2026-09-27 04:55:56, Info                         PnPIBS: Skipping the file DanishLicense.txt because it is not an INF file.
2026-09-27 04:55:56, Info                         PnPIBS: Found the file DutchLicense.txt
2026-09-27 04:55:56, Info                         PnPIBS: Skipping the file DutchLicense.txt because it is not an INF file.
2026-09-27 04:55:56, Info                         PnPIBS: Found the file EnglishLicense.txt
2026-09-27 04:55:56, Info                         PnPIBS: Skipping the file EnglishLicense.txt because it is not an INF file.
2026-09-27 04:55:56, Info                         PnPIBS: Found the file FinnishLicense.txt
2026-09-27 04:55:56, Info                         PnPIBS: Skipping the file FinnishLicense.txt because it is not an INF file.
2026-09-27 04:55:56, Info                         PnPIBS: Found the file FrenchLicense.txt
2026-09-27 04:55:56, Info                         PnPIBS: Skipping the file FrenchLicense.txt because it is not an INF file.
2026-09-27 04:55:56, Info                         PnPIBS: Found the file GermanLicense.txt
2026-09-27 04:55:56, Info                         PnPIBS: Skipping the file GermanLicense.txt because it is not an INF file.
2026-09-27 04:55:56, Info                         PnPIBS: Found the file HungarianLicense.txt
2026-09-27 04:55:56, Info                         PnPIBS: Skipping the file HungarianLicense.txt because it is not an INF file.
2026-09-27 04:55:56, Info                         PnPIBS: Found the file ItalianLicense.txt
2026-09-27 04:55:56, Info                         PnPIBS: Skipping the file ItalianLicense.txt because it is not an INF file.
2026-09-27 04:55:56, Info                         PnPIBS: Found the file JapaneseLicense.txt
2026-09-27 04:55:56, Info                         PnPIBS: Skipping the file JapaneseLicense.txt because it is not an INF file.
2026-09-27 04:55:56, Info                         PnPIBS: Found the file KoreanLicense.txt
2026-09-27 04:55:56, Info                         PnPIBS: Skipping the file KoreanLicense.txt because it is not an INF file.
2026-09-27 04:55:56, Info                         PnPIBS: Found the file NorwegianLicense.txt
2026-09-27 04:55:56, Info                         PnPIBS: Skipping the file NorwegianLicense.txt because it is not an INF file.
2026-09-27 04:55:56, Info                         PnPIBS: Found the file PolishLicense.txt
2026-09-27 04:55:56, Info                         PnPIBS: Skipping the file PolishLicense.txt because it is not an INF file.
2026-09-27 04:55:56, Info                         PnPIBS: Found the file PortugueseLicense.txt
2026-09-27 04:55:56, Info                         PnPIBS: Skipping the file PortugueseLicense.txt because it is not an INF file.
2026-09-27 04:55:56, Info                         PnPIBS: Found the file RussianLicense.txt
2026-09-27 04:55:56, Info                         PnPIBS: Skipping the file RussianLicense.txt because it is not an INF file.
2026-09-27 04:55:56, Info                         PnPIBS: Found the file SimplifiedChineseLicense.txt
2026-09-27 04:55:56, Info                         PnPIBS: Skipping the file SimplifiedChineseLicense.txt because it is not an INF file.
2026-09-27 04:55:56, Info                         PnPIBS: Found the file SpanishLicense.txt
2026-09-27 04:55:56, Info                         PnPIBS: Skipping the file SpanishLicense.txt because it is not an INF file.
2026-09-27 04:55:56, Info                         PnPIBS: Found the file SwedishLicense.txt
2026-09-27 04:55:56, Info                         PnPIBS: Skipping the file SwedishLicense.txt because it is not an INF file.
2026-09-27 04:55:56, Info                         PnPIBS: Found the file TraditionalChineseLicense.txt
2026-09-27 04:55:56, Info                         PnPIBS: Skipping the file TraditionalChineseLicense.txt because it is not an INF file.
2026-09-27 04:55:56, Info                         PnPIBS: Found the file TurkishLicense.txt
2026-09-27 04:55:56, Info                         PnPIBS: Skipping the file TurkishLicense.txt because it is not an INF file.
2026-09-27 04:55:56, Info                         PnPIBS: Finished building list of drivers in the path E:\$WinPEDriver$\AppleUSBCompositeDevice64.
2026-09-27 04:55:56, Info                         PnPIBS: Found the directory AppleWirelessMouse64.
2026-09-27 04:55:56, Info                         PnPIBS: Building the list of drivers in the path E:\$WinPEDriver$\AppleWirelessMouse64 ...
2026-09-27 04:55:56, Info                         PnPIBS: Found the file AppleWirelessMouse.cat
2026-09-27 04:55:56, Info                         PnPIBS: Skipping the file AppleWirelessMouse.cat because it is not an INF file.
2026-09-27 04:55:56, Info                         PnPIBS: Found the file AppleWirelessMouse.inf
2026-09-27 04:55:56, Info                         PnPIBS: Added driver E:\$WinPEDriver$\AppleWirelessMouse64\AppleWirelessMouse.inf to the list of drivers.
2026-09-27 04:55:56, Info                         PnPIBS: Found the file AppleWirelessMouse.sys
2026-09-27 04:55:56, Info                         PnPIBS: Skipping the file AppleWirelessMouse.sys because it is not an INF file.
2026-09-27 04:55:56, Info                         PnPIBS: Found the file ArabicLicense.txt
2026-09-27 04:55:56, Info                         PnPIBS: Skipping the file ArabicLicense.txt because it is not an INF file.
2026-09-27 04:55:56, Info                         PnPIBS: Found the file BrazilianPortugueseLicense.txt
2026-09-27 04:55:56, Info                         PnPIBS: Skipping the file BrazilianPortugueseLicense.txt because it is not an INF file.
2026-09-27 04:55:56, Info                         PnPIBS: Found the file CzechLicense.txt
2026-09-27 04:55:56, Info                         PnPIBS: Skipping the file CzechLicense.txt because it is not an INF file.
2026-09-27 04:55:56, Info                         PnPIBS: Found the file DPInst.exe
2026-09-27 04:55:56, Info                         PnPIBS: Skipping the file DPInst.exe because it is not an INF file.
2026-09-27 04:55:56, Info                         PnPIBS: Found the file DPInst.xml
2026-09-27 04:55:56, Info                         PnPIBS: Skipping the file DPInst.xml because it is not an INF file.
2026-09-27 04:55:56, Info                         PnPIBS: Found the file DanishLicense.txt
2026-09-27 04:55:56, Info                         PnPIBS: Skipping the file DanishLicense.txt because it is not an INF file.
2026-09-27 04:55:56, Info                         PnPIBS: Found the file DutchLicense.txt
2026-09-27 04:55:56, Info                         PnPIBS: Skipping the file DutchLicense.txt because it is not an INF file.
2026-09-27 04:55:56, Info                         PnPIBS: Found the file EnglishLicense.txt
2026-09-27 04:55:56, Info                         PnPIBS: Skipping the file EnglishLicense.txt because it is not an INF file.
2026-09-27 04:55:56, Info                         PnPIBS: Found the file FinnishLicense.txt
2026-09-27 04:55:56, Info                         PnPIBS: Skipping the file FinnishLicense.txt because it is not an INF file.
2026-09-27 04:55:56, Info                         PnPIBS: Found the file FrenchLicense.txt
2026-09-27 04:55:56, Info                         PnPIBS: Skipping the file FrenchLicense.txt because it is not an INF file.
2026-09-27 04:55:56, Info                         PnPIBS: Found the file GermanLicense.txt
2026-09-27 04:55:56, Info                         PnPIBS: Skipping the file GermanLicense.txt because it is not an INF file.
2026-09-27 04:55:56, Info                         PnPIBS: Found the file HungarianLicense.txt
2026-09-27 04:55:56, Info                         PnPIBS: Skipping the file HungarianLicense.txt because it is not an INF file.
2026-09-27 04:55:56, Info                         PnPIBS: Found the file ItalianLicense.txt
2026-09-27 04:55:56, Info                         PnPIBS: Skipping the file ItalianLicense.txt because it is not an INF file.
2026-09-27 04:55:56, Info                         PnPIBS: Found the file JapaneseLicense.txt
2026-09-27 04:55:56, Info                         PnPIBS: Skipping the file JapaneseLicense.txt because it is not an INF file.
2026-09-27 04:55:56, Info                         PnPIBS: Found the file KoreanLicense.txt
2026-09-27 04:55:56, Info                         PnPIBS: Skipping the file KoreanLicense.txt because it is not an INF file.
2026-09-27 04:55:56, Info                         PnPIBS: Found the file NorwegianLicense.txt
2026-09-27 04:55:56, Info                         PnPIBS: Skipping the file NorwegianLicense.txt because it is not an INF file.
2026-09-27 04:55:56, Info                         PnPIBS: Found the file PolishLicense.txt
2026-09-27 04:55:56, Info                         PnPIBS: Skipping the file PolishLicense.txt because it is not an INF file.
2026-09-27 04:55:56, Info                         PnPIBS: Found the file PortugueseLicense.txt
2026-09-27 04:55:56, Info                         PnPIBS: Skipping the file PortugueseLicense.txt because it is not an INF file.
2026-09-27 04:55:56, Info                         PnPIBS: Found the file RussianLicense.txt
2026-09-27 04:55:56, Info                         PnPIBS: Skipping the file RussianLicense.txt because it is not an INF file.
2026-09-27 04:55:56, Info                         PnPIBS: Found the file SimplifiedChineseLicense.txt
2026-09-27 04:55:56, Info                         PnPIBS: Skipping the file SimplifiedChineseLicense.txt because it is not an INF file.
2026-09-27 04:55:56, Info                         PnPIBS: Found the file SpanishLicense.txt
2026-09-27 04:55:56, Info                         PnPIBS: Skipping the file SpanishLicense.txt because it is not an INF file.
2026-09-27 04:55:56, Info                         PnPIBS: Found the file SwedishLicense.txt
2026-09-27 04:55:56, Info                         PnPIBS: Skipping the file SwedishLicense.txt because it is not an INF file.
2026-09-27 04:55:56, Info                         PnPIBS: Found the file TraditionalChineseLicense.txt
2026-09-27 04:55:56, Info                         PnPIBS: Skipping the file TraditionalChineseLicense.txt because it is not an INF file.
2026-09-27 04:55:56, Info                         PnPIBS: Found the file TurkishLicense.txt
2026-09-27 04:55:56, Info                         PnPIBS: Skipping the file TurkishLicense.txt because it is not an INF file.
2026-09-27 04:55:56, Info                         PnPIBS: Found the file WdfCoinstaller01011.dll
2026-09-27 04:55:56, Info                         PnPIBS: Skipping the file WdfCoinstaller01011.dll because it is not an INF file.
2026-09-27 04:55:56, Info                         PnPIBS: Finished building list of drivers in the path E:\$WinPEDriver$\AppleWirelessMouse64.
2026-09-27 04:55:56, Info                         PnPIBS: Found the directory AppleWirelessTrackpad64.
2026-09-27 04:55:56, Info                         PnPIBS: Building the list of drivers in the path E:\$WinPEDriver$\AppleWirelessTrackpad64 ...
2026-09-27 04:55:56, Info                         PnPIBS: Found the file AppleWTP.sys
2026-09-27 04:55:56, Info                         PnPIBS: Skipping the file AppleWTP.sys because it is not an INF file.
2026-09-27 04:55:56, Info                         PnPIBS: Found the file AppleWTP64.cat
2026-09-27 04:55:56, Info                         PnPIBS: Skipping the file AppleWTP64.cat because it is not an INF file.
2026-09-27 04:55:56, Info                         PnPIBS: Found the file AppleWTP64.inf
2026-09-27 04:55:56, Info                         PnPIBS: Added driver E:\$WinPEDriver$\AppleWirelessTrackpad64\AppleWTP64.inf to the list of drivers.
2026-09-27 04:55:56, Info                         PnPIBS: Found the file ArabicLicense.txt
2026-09-27 04:55:56, Info                         PnPIBS: Skipping the file ArabicLicense.txt because it is not an INF file.
2026-09-27 04:55:56, Info                         PnPIBS: Found the file BrazilianPortugueseLicense.txt
2026-09-27 04:55:56, Info                         PnPIBS: Skipping the file BrazilianPortugueseLicense.txt because it is not an INF file.
2026-09-27 04:55:56, Info                         PnPIBS: Found the file CzechLicense.txt
2026-09-27 04:55:56, Info                         PnPIBS: Skipping the file CzechLicense.txt because it is not an INF file.
2026-09-27 04:55:56, Info                         PnPIBS: Found the file DPInst.exe
2026-09-27 04:55:56, Info                         PnPIBS: Skipping the file DPInst.exe because it is not an INF file.
2026-09-27 04:55:56, Info                         PnPIBS: Found the file DPInst.xml
2026-09-27 04:55:56, Info                         PnPIBS: Skipping the file DPInst.xml because it is not an INF file.
2026-09-27 04:55:56, Info                         PnPIBS: Found the file DanishLicense.txt
2026-09-27 04:55:56, Info                         PnPIBS: Skipping the file DanishLicense.txt because it is not an INF file.
2026-09-27 04:55:56, Info                         PnPIBS: Found the file DutchLicense.txt
2026-09-27 04:55:56, Info                         PnPIBS: Skipping the file DutchLicense.txt because it is not an INF file.
2026-09-27 04:55:56, Info                         PnPIBS: Found the file EnglishLicense.txt
2026-09-27 04:55:56, Info                         PnPIBS: Skipping the file EnglishLicense.txt because it is not an INF file.
2026-09-27 04:55:56, Info                         PnPIBS: Found the file FinnishLicense.txt
2026-09-27 04:55:56, Info                         PnPIBS: Skipping the file FinnishLicense.txt because it is not an INF file.
2026-09-27 04:55:56, Info                         PnPIBS: Found the file FrenchLicense.txt
2026-09-27 04:55:56, Info                         PnPIBS: Skipping the file FrenchLicense.txt because it is not an INF file.
2026-09-27 04:55:56, Info                         PnPIBS: Found the file GermanLicense.txt
2026-09-27 04:55:56, Info                         PnPIBS: Skipping the file GermanLicense.txt because it is not an INF file.
2026-09-27 04:55:56, Info                         PnPIBS: Found the file HungarianLicense.txt
2026-09-27 04:55:56, Info                         PnPIBS: Skipping the file HungarianLicense.txt because it is not an INF file.
2026-09-27 04:55:56, Info                         PnPIBS: Found the file ItalianLicense.txt
2026-09-27 04:55:56, Info                         PnPIBS: Skipping the file ItalianLicense.txt because it is not an INF file.
2026-09-27 04:55:56, Info                         PnPIBS: Found the file JapaneseLicense.txt
2026-09-27 04:55:56, Info                         PnPIBS: Skipping the file JapaneseLicense.txt because it is not an INF file.
2026-09-27 04:55:56, Info                         PnPIBS: Found the file KoreanLicense.txt
2026-09-27 04:55:56, Info                         PnPIBS: Skipping the file KoreanLicense.txt because it is not an INF file.
2026-09-27 04:55:56, Info                         PnPIBS: Found the file NorwegianLicense.txt
2026-09-27 04:55:56, Info                         PnPIBS: Skipping the file NorwegianLicense.txt because it is not an INF file.
2026-09-27 04:55:56, Info                         PnPIBS: Found the file PolishLicense.txt
2026-09-27 04:55:56, Info                         PnPIBS: Skipping the file PolishLicense.txt because it is not an INF file.
2026-09-27 04:55:56, Info                         PnPIBS: Found the file PortugueseLicense.txt
2026-09-27 04:55:56, Info                         PnPIBS: Skipping the file PortugueseLicense.txt because it is not an INF file.
2026-09-27 04:55:56, Info                         PnPIBS: Found the file RussianLicense.txt
2026-09-27 04:55:56, Info                         PnPIBS: Skipping the file RussianLicense.txt because it is not an INF file.
2026-09-27 04:55:56, Info                         PnPIBS: Found the file SimplifiedChineseLicense.txt
2026-09-27 04:55:56, Info                         PnPIBS: Skipping the file SimplifiedChineseLicense.txt because it is not an INF file.
2026-09-27 04:55:56, Info                         PnPIBS: Found the file SpanishLicense.txt
2026-09-27 04:55:56, Info                         PnPIBS: Skipping the file SpanishLicense.txt because it is not an INF file.
2026-09-27 04:55:56, Info                         PnPIBS: Found the file SwedishLicense.txt
2026-09-27 04:55:56, Info                         PnPIBS: Skipping the file SwedishLicense.txt because it is not an INF file.
2026-09-27 04:55:56, Info                         PnPIBS: Found the file TraditionalChineseLicense.txt
2026-09-27 04:55:56, Info                         PnPIBS: Skipping the file TraditionalChineseLicense.txt because it is not an INF file.
2026-09-27 04:55:56, Info                         PnPIBS: Found the file TurkishLicense.txt
2026-09-27 04:55:56, Info                         PnPIBS: Skipping the file TurkishLicense.txt because it is not an INF file.
2026-09-27 04:55:56, Info                         PnPIBS: Found the file WdfCoInstaller01005.dll
2026-09-27 04:55:56, Info                         PnPIBS: Skipping the file WdfCoInstaller01005.dll because it is not an INF file.
2026-09-27 04:55:56, Info                         PnPIBS: Finished building list of drivers in the path E:\$WinPEDriver$\AppleWirelessTrackpad64.
2026-09-27 04:55:56, Info                         PnPIBS: Found the directory AsixSetup64.
2026-09-27 04:55:56, Info                         PnPIBS: Building the list of drivers in the path E:\$WinPEDriver$\AsixSetup64 ...
2026-09-27 04:55:56, Info                         PnPIBS: Found the file AppleUSBEthernet.inf
2026-09-27 04:55:56, Info                         PnPIBS: Added driver E:\$WinPEDriver$\AsixSetup64\AppleUSBEthernet.inf to the list of drivers.
2026-09-27 04:55:56, Info                         PnPIBS: Found the file AppleUSBEthernet.sys
2026-09-27 04:55:56, Info                         PnPIBS: Skipping the file AppleUSBEthernet.sys because it is not an INF file.
2026-09-27 04:55:56, Info                         PnPIBS: Found the file AppleUSBEthernetex.cat
2026-09-27 04:55:56, Info                         PnPIBS: Skipping the file AppleUSBEthernetex.cat because it is not an INF file.
2026-09-27 04:55:56, Info                         PnPIBS: Found the file ArabicLicense.txt
2026-09-27 04:55:56, Info                         PnPIBS: Skipping the file ArabicLicense.txt because it is not an INF file.
2026-09-27 04:55:56, Info                         PnPIBS: Found the file BrazilianPortugueseLicense.txt
2026-09-27 04:55:56, Info                         PnPIBS: Skipping the file BrazilianPortugueseLicense.txt because it is not an INF file.
2026-09-27 04:55:56, Info                         PnPIBS: Found the file CzechLicense.txt
2026-09-27 04:55:56, Info                         PnPIBS: Skipping the file CzechLicense.txt because it is not an INF file.
2026-09-27 04:55:56, Info                         PnPIBS: Found the file DPInst.exe
2026-09-27 04:55:56, Info                         PnPIBS: Skipping the file DPInst.exe because it is not an INF file.
2026-09-27 04:55:56, Info                         PnPIBS: Found the file DPInst.xml
2026-09-27 04:55:56, Info                         PnPIBS: Skipping the file DPInst.xml because it is not an INF file.
2026-09-27 04:55:56, Info                         PnPIBS: Found the file DanishLicense.txt
2026-09-27 04:55:56, Info                         PnPIBS: Skipping the file DanishLicense.txt because it is not an INF file.
2026-09-27 04:55:56, Info                         PnPIBS: Found the file DutchLicense.txt
2026-09-27 04:55:56, Info                         PnPIBS: Skipping the file DutchLicense.txt because it is not an INF file.
2026-09-27 04:55:56, Info                         PnPIBS: Found the file EnglishLicense.txt
2026-09-27 04:55:56, Info                         PnPIBS: Skipping the file EnglishLicense.txt because it is not an INF file.
2026-09-27 04:55:56, Info                         PnPIBS: Found the file FinnishLicense.txt
2026-09-27 04:55:56, Info                         PnPIBS: Skipping the file FinnishLicense.txt because it is not an INF file.
2026-09-27 04:55:56, Info                         PnPIBS: Found the file FrenchLicense.txt
2026-09-27 04:55:56, Info                         PnPIBS: Skipping the file FrenchLicense.txt because it is not an INF file.
2026-09-27 04:55:56, Info                         PnPIBS: Found the file GermanLicense.txt
2026-09-27 04:55:56, Info                         PnPIBS: Skipping the file GermanLicense.txt because it is not an INF file.
2026-09-27 04:55:56, Info                         PnPIBS: Found the file HungarianLicense.txt
2026-09-27 04:55:56, Info                         PnPIBS: Skipping the file HungarianLicense.txt because it is not an INF file.
2026-09-27 04:55:56, Info                         PnPIBS: Found the file ItalianLicense.txt
2026-09-27 04:55:56, Info                         PnPIBS: Skipping the file ItalianLicense.txt because it is not an INF file.
2026-09-27 04:55:56, Info                         PnPIBS: Found the file JapaneseLicense.txt
2026-09-27 04:55:56, Info                         PnPIBS: Skipping the file JapaneseLicense.txt because it is not an INF file.
2026-09-27 04:55:56, Info                         PnPIBS: Found the file KoreanLicense.txt
2026-09-27 04:55:56, Info                         PnPIBS: Skipping the file KoreanLicense.txt because it is not an INF file.
2026-09-27 04:55:56, Info                         PnPIBS: Found the file NorwegianLicense.txt
2026-09-27 04:55:56, Info                         PnPIBS: Skipping the file NorwegianLicense.txt because it is not an INF file.
2026-09-27 04:55:56, Info                         PnPIBS: Found the file PolishLicense.txt
2026-09-27 04:55:56, Info                         PnPIBS: Skipping the file PolishLicense.txt because it is not an INF file.
2026-09-27 04:55:56, Info                         PnPIBS: Found the file PortugueseLicense.txt
2026-09-27 04:55:56, Info                         PnPIBS: Skipping the file PortugueseLicense.txt because it is not an INF file.
2026-09-27 04:55:56, Info                         PnPIBS: Found the file RussianLicense.txt
2026-09-27 04:55:56, Info                         PnPIBS: Skipping the file RussianLicense.txt because it is not an INF file.
2026-09-27 04:55:56, Info                         PnPIBS: Found the file SimplifiedChineseLicense.txt
2026-09-27 04:55:56, Info                         PnPIBS: Skipping the file SimplifiedChineseLicense.txt because it is not an INF file.
2026-09-27 04:55:56, Info                         PnPIBS: Found the file SpanishLicense.txt
2026-09-27 04:55:56, Info                         PnPIBS: Skipping the file SpanishLicense.txt because it is not an INF file.
2026-09-27 04:55:56, Info                         PnPIBS: Found the file SwedishLicense.txt
2026-09-27 04:55:56, Info                         PnPIBS: Skipping the file SwedishLicense.txt because it is not an INF file.
2026-09-27 04:55:56, Info                         PnPIBS: Found the file TraditionalChineseLicense.txt
2026-09-27 04:55:56, Info                         PnPIBS: Skipping the file TraditionalChineseLicense.txt because it is not an INF file.
2026-09-27 04:55:56, Info                         PnPIBS: Found the file TurkishLicense.txt
2026-09-27 04:55:56, Info                         PnPIBS: Skipping the file TurkishLicense.txt because it is not an INF file.
2026-09-27 04:55:56, Info                         PnPIBS: Finished building list of drivers in the path E:\$WinPEDriver$\AsixSetup64.
2026-09-27 04:55:56, Info                         PnPIBS: Found the directory BroadcomBluetooth64.
2026-09-27 04:55:56, Info                         PnPIBS: Building the list of drivers in the path E:\$WinPEDriver$\BroadcomBluetooth64 ...
2026-09-27 04:55:56, Info                         PnPIBS: Found the file ArabicLicense.txt
2026-09-27 04:55:56, Info                         PnPIBS: Skipping the file ArabicLicense.txt because it is not an INF file.
2026-09-27 04:55:56, Info                         PnPIBS: Found the file BCM43241B0_002.001.013.0073.0075.hcd
2026-09-27 04:55:56, Info                         PnPIBS: Skipping the file BCM43241B0_002.001.013.0073.0075.hcd because it is not an INF file.
2026-09-27 04:55:56, Info                         PnPIBS: Found the file BCM43241B0_002.001.013.0073.0076.hcd
2026-09-27 04:55:56, Info                         PnPIBS: Skipping the file BCM43241B0_002.001.013.0073.0076.hcd because it is not an INF file.
2026-09-27 04:55:56, Info                         PnPIBS: Found the file BCM43241B0_002.001.013.0073.0077.hcd
2026-09-27 04:55:56, Info                         PnPIBS: Skipping the file BCM43241B0_002.001.013.0073.0077.hcd because it is not an INF file.
2026-09-27 04:55:56, Info                         PnPIBS: Found the file BCM43241B0_002.001.013.0073.0086.hcd
2026-09-27 04:55:56, Info                         PnPIBS: Skipping the file BCM43241B0_002.001.013.0073.0086.hcd because it is not an INF file.
2026-09-27 04:55:56, Info                         PnPIBS: Found the file BCM43241B0_002.001.013.0073.0092.hcd
2026-09-27 04:55:56, Info                         PnPIBS: Skipping the file BCM43241B0_002.001.013.0073.0092.hcd because it is not an INF file.
2026-09-27 04:55:56, Info                         PnPIBS: Found the file BCM4324B3_002.004.006.0130.0133.hcd
2026-09-27 04:55:56, Info                         PnPIBS: Skipping the file BCM4324B3_002.004.006.0130.0133.hcd because it is not an INF file.
2026-09-27 04:55:56, Info                         PnPIBS: Found the file BCM4324B3_002.004.006.0130.0136.hcd
2026-09-27 04:55:56, Info                         PnPIBS: Skipping the file BCM4324B3_002.004.006.0130.0136.hcd because it is not an INF file.
2026-09-27 04:55:56, Info                         PnPIBS: Found the file BCM4324B5_002.006.006.0601.1170.hcd
2026-09-27 04:55:56, Info                         PnPIBS: Skipping the file BCM4324B5_002.006.006.0601.1170.hcd because it is not an INF file.
2026-09-27 04:55:56, Info                         PnPIBS: Found the file BCM4330B1_002.001.003.0967.0970.hcd
2026-09-27 04:55:56, Info                         PnPIBS: Skipping the file BCM4330B1_002.001.003.0967.0970.hcd because it is not an INF file.
2026-09-27 04:55:56, Info                         PnPIBS: Found the file BCM4330B1_002.001.003.0967.0973.hcd
2026-09-27 04:55:56, Info                         PnPIBS: Skipping the file BCM4330B1_002.001.003.0967.0973.hcd because it is not an INF file.
2026-09-27 04:55:56, Info                         PnPIBS: Found the file BCM4330B1_002.001.003.0967.0976.hcd
2026-09-27 04:55:56, Info                         PnPIBS: Skipping the file BCM4330B1_002.001.003.0967.0976.hcd because it is not an INF file.
2026-09-27 04:55:56, Info                         PnPIBS: Found the file BCM4330B1_002.001.003.0967.0978.hcd
2026-09-27 04:55:56, Info                         PnPIBS: Skipping the file BCM4330B1_002.001.003.0967.0978.hcd because it is not an INF file.
2026-09-27 04:55:56, Info                         PnPIBS: Found the file BCM4330B1_002.001.003.0967.0979.hcd
2026-09-27 04:55:56, Info                         PnPIBS: Skipping the file BCM4330B1_002.001.003.0967.0979.hcd because it is not an INF file.
2026-09-27 04:55:56, Info                         PnPIBS: Found the file BCM4330B1_002.001.003.0967.0982.hcd
2026-09-27 04:55:56, Info                         PnPIBS: Skipping the file BCM4330B1_002.001.003.0967.0982.hcd because it is not an INF file.
2026-09-27 04:55:56, Info                         PnPIBS: Found the file BCM4330B1_002.001.003.0967.0991.hcd
2026-09-27 04:55:56, Info                         PnPIBS: Skipping the file BCM4330B1_002.001.003.0967.0991.hcd because it is not an INF file.
2026-09-27 04:55:56, Info                         PnPIBS: Found the file BCM4330B1_002.001.003.0967.0993.hcd
2026-09-27 04:55:56, Info                         PnPIBS: Skipping the file BCM4330B1_002.001.003.0967.0993.hcd because it is not an INF file.
2026-09-27 04:55:56, Info                         PnPIBS: Found the file BCM4330B1_002.001.003.0967.1024.hcd
2026-09-27 04:55:56, Info                         PnPIBS: Skipping the file BCM4330B1_002.001.003.0967.1024.hcd because it is not an INF file.
2026-09-27 04:55:56, Info                         PnPIBS: Found the file BCM4330B1_002.001.003.0967.1320.hcd
2026-09-27 04:55:56, Info                         PnPIBS: Skipping the file BCM4330B1_002.001.003.0967.1320.hcd because it is not an INF file.
2026-09-27 04:55:56, Info                         PnPIBS: Found the file BCM4330B1_002.001.003.0967.1321.hcd
2026-09-27 04:55:56, Info                         PnPIBS: Skipping the file BCM4330B1_002.001.003.0967.1321.hcd because it is not an INF file.
2026-09-27 04:55:56, Info                         PnPIBS: Found the file BCM4330B1_002.001.003.1227.1237.hcd
2026-09-27 04:55:56, Info                         PnPIBS: Skipping the file BCM4330B1_002.001.003.1227.1237.hcd because it is not an INF file.
2026-09-27 04:55:56, Info                         PnPIBS: Found the file BCM4330B1_002.001.003.1313.1316.hcd
2026-09-27 04:55:56, Info                         PnPIBS: Skipping the file BCM4330B1_002.001.003.1313.1316.hcd because it is not an INF file.
2026-09-27 04:55:56, Info                         PnPIBS: Found the file BCM43341B0_002.001.014.0122.0176.hcd
2026-09-27 04:55:56, Info                         PnPIBS: Skipping the file BCM43341B0_002.001.014.0122.0176.hcd because it is not an INF file.
2026-09-27 04:55:56, Info                         PnPIBS: Found the file BCM4334B0_002.001.013.1675.1762.hcd
2026-09-27 04:55:56, Info                         PnPIBS: Skipping the file BCM4334B0_002.001.013.1675.1762.hcd because it is not an INF file.
2026-09-27 04:55:56, Info                         PnPIBS: Found the file BCM4343A0_001.001.034.0047.0155.hcd
2026-09-27 04:55:56, Info                         PnPIBS: Skipping the file BCM4343A0_001.001.034.0047.0155.hcd because it is not an INF file.
2026-09-27 04:55:56, Info                         PnPIBS: Found the file BCM4343A0_001.001.034.0055.0211.hcd
2026-09-27 04:55:56, Info                         PnPIBS: Skipping the file BCM4343A0_001.001.034.0055.0211.hcd because it is not an INF file.
2026-09-27 04:55:56, Info                         PnPIBS: Found the file BCM4343A0_001.001.034.0055.0213.hcd
2026-09-27 04:55:56, Info                         PnPIBS: Skipping the file BCM4343A0_001.001.034.0055.0213.hcd because it is not an INF file.
2026-09-27 04:55:56, Info                         PnPIBS: Found the file BCM4343A0_001.001.034.0061.0240.hcd
2026-09-27 04:55:56, Info                         PnPIBS: Skipping the file BCM4343A0_001.001.034.0061.0240.hcd because it is not an INF file.
2026-09-27 04:55:56, Info                         PnPIBS: Found the file BCM4343A1_001.002.009.0034.0124.hcd
2026-09-27 04:55:56, Info                         PnPIBS: Skipping the file BCM4343A1_001.002.009.0034.0124.hcd because it is not an INF file.
2026-09-27 04:55:56, Info                         PnPIBS: Found the file BCM4354_003.001.012.0211.0326.hcd
2026-09-27 04:55:56, Info                         PnPIBS: Skipping the file BCM4354_003.001.012.0211.0326.hcd because it is not an INF file.
2026-09-27 04:55:56, Info                         PnPIBS: Found the file BCM4354_003.001.012.0211.0329.hcd
2026-09-27 04:55:56, Info                         PnPIBS: Skipping the file BCM4354_003.001.012.0211.0329.hcd because it is not an INF file.
2026-09-27 04:55:56, Info                         PnPIBS: Found the file BCM4354_003.001.012.0211.0339.hcd
2026-09-27 04:55:56, Info                         PnPIBS: Skipping the file BCM4354_003.001.012.0211.0339.hcd because it is not an INF file.
2026-09-27 04:55:56, Info                         PnPIBS: Found the file BCM4356A2_001.003.015.0041.0084.hcd
2026-09-27 04:55:56, Info                         PnPIBS: Skipping the file BCM4356A2_001.003.015.0041.0084.hcd because it is not an INF file.
2026-09-27 04:55:56, Info                         PnPIBS: Found the file BCM4356A2_001.003.015.0041.0089.hcd
2026-09-27 04:55:56, Info                         PnPIBS: Skipping the file BCM4356A2_001.003.015.0041.0089.hcd because it is not an INF file.
2026-09-27 04:55:56, Info                         PnPIBS: Found the file BCM4356A2_001.003.015.0080.0224.hcd
2026-09-27 04:55:56, Info                         PnPIBS: Skipping the file BCM4356A2_001.003.015.0080.0224.hcd because it is not an INF file.
2026-09-27 04:55:56, Info                         PnPIBS: Found the file BrazilianPortugueseLicense.txt
2026-09-27 04:55:56, Info                         PnPIBS: Skipping the file BrazilianPortugueseLicense.txt because it is not an INF file.
2026-09-27 04:55:56, Info                         PnPIBS: Found the file BtwSerialBus-dev.inf
2026-09-27 04:55:56, Info                         PnPIBS: Added driver E:\$WinPEDriver$\BroadcomBluetooth64\BtwSerialBus-dev.inf to the list of drivers.
2026-09-27 04:55:56, Info                         PnPIBS: Found the file BtwSerialBus.sys
2026-09-27 04:55:56, Info                         PnPIBS: Skipping the file BtwSerialBus.sys because it is not an INF file.
2026-09-27 04:55:56, Info                         PnPIBS: Found the file CzechLicense.txt
2026-09-27 04:55:56, Info                         PnPIBS: Skipping the file CzechLicense.txt because it is not an INF file.
2026-09-27 04:55:56, Info                         PnPIBS: Found the file DPInst.exe
2026-09-27 04:55:56, Info                         PnPIBS: Skipping the file DPInst.exe because it is not an INF file.
2026-09-27 04:55:56, Info                         PnPIBS: Found the file DPInst.xml
2026-09-27 04:55:56, Info                         PnPIBS: Skipping the file DPInst.xml because it is not an INF file.
2026-09-27 04:55:56, Info                         PnPIBS: Found the file DanishLicense.txt
2026-09-27 04:55:56, Info                         PnPIBS: Skipping the file DanishLicense.txt because it is not an INF file.
2026-09-27 04:55:56, Info                         PnPIBS: Found the file DutchLicense.txt
2026-09-27 04:55:56, Info                         PnPIBS: Skipping the file DutchLicense.txt because it is not an INF file.
2026-09-27 04:55:56, Info                         PnPIBS: Found the file EnglishLicense.txt
2026-09-27 04:55:56, Info                         PnPIBS: Skipping the file EnglishLicense.txt because it is not an INF file.
2026-09-27 04:55:56, Info                         PnPIBS: Found the file FinnishLicense.txt
2026-09-27 04:55:56, Info                         PnPIBS: Skipping the file FinnishLicense.txt because it is not an INF file.
2026-09-27 04:55:56, Info                         PnPIBS: Found the file FrenchLicense.txt
2026-09-27 04:55:56, Info                         PnPIBS: Skipping the file FrenchLicense.txt because it is not an INF file.
2026-09-27 04:55:56, Info                         PnPIBS: Found the file GermanLicense.txt
2026-09-27 04:55:56, Info                         PnPIBS: Skipping the file GermanLicense.txt because it is not an INF file.
2026-09-27 04:55:56, Info                         PnPIBS: Found the file HungarianLicense.txt
2026-09-27 04:55:56, Info                         PnPIBS: Skipping the file HungarianLicense.txt because it is not an INF file.
2026-09-27 04:55:56, Info                         PnPIBS: Found the file ItalianLicense.txt
2026-09-27 04:55:56, Info                         PnPIBS: Skipping the file ItalianLicense.txt because it is not an INF file.
2026-09-27 04:55:56, Info                         PnPIBS: Found the file JapaneseLicense.txt
2026-09-27 04:55:56, Info                         PnPIBS: Skipping the file JapaneseLicense.txt because it is not an INF file.
2026-09-27 04:55:56, Info                         PnPIBS: Found the file KoreanLicense.txt
2026-09-27 04:55:56, Info                         PnPIBS: Skipping the file KoreanLicense.txt because it is not an INF file.
2026-09-27 04:55:56, Info                         PnPIBS: Found the file NorwegianLicense.txt
2026-09-27 04:55:56, Info                         PnPIBS: Skipping the file NorwegianLicense.txt because it is not an INF file.
2026-09-27 04:55:56, Info                         PnPIBS: Found the file PolishLicense.txt
2026-09-27 04:55:56, Info                         PnPIBS: Skipping the file PolishLicense.txt because it is not an INF file.
2026-09-27 04:55:56, Info                         PnPIBS: Found the file PortugueseLicense.txt
2026-09-27 04:55:56, Info                         PnPIBS: Skipping the file PortugueseLicense.txt because it is not an INF file.
2026-09-27 04:55:56, Info                         PnPIBS: Found the file RussianLicense.txt
2026-09-27 04:55:56, Info                         PnPIBS: Skipping the file RussianLicense.txt because it is not an INF file.
2026-09-27 04:55:56, Info                         PnPIBS: Found the file SimplifiedChineseLicense.txt
2026-09-27 04:55:56, Info                         PnPIBS: Skipping the file SimplifiedChineseLicense.txt because it is not an INF file.
2026-09-27 04:55:56, Info                         PnPIBS: Found the file SpanishLicense.txt
2026-09-27 04:55:56, Info                         PnPIBS: Skipping the file SpanishLicense.txt because it is not an INF file.
2026-09-27 04:55:56, Info                         PnPIBS: Found the file SwedishLicense.txt
2026-09-27 04:55:56, Info                         PnPIBS: Skipping the file SwedishLicense.txt because it is not an INF file.
2026-09-27 04:55:56, Info                         PnPIBS: Found the file TraditionalChineseLicense.txt
2026-09-27 04:55:56, Info                         PnPIBS: Skipping the file TraditionalChineseLicense.txt because it is not an INF file.
2026-09-27 04:55:56, Info                         PnPIBS: Found the file TurkishLicense.txt
2026-09-27 04:55:56, Info                         PnPIBS: Skipping the file TurkishLicense.txt because it is not an INF file.
2026-09-27 04:55:56, Info                         PnPIBS: Found the file btwampfl.sys
2026-09-27 04:55:56, Info                         PnPIBS: Skipping the file btwampfl.sys because it is not an INF file.
2026-09-27 04:55:56, Info                         PnPIBS: Found the file btwserialbus-devx64.cat
2026-09-27 04:55:56, Info                         PnPIBS: Skipping the file btwserialbus-devx64.cat because it is not an INF file.
2026-09-27 04:55:56, Info                         PnPIBS: Finished building list of drivers in the path E:\$WinPEDriver$\BroadcomBluetooth64.
2026-09-27 04:55:56, Info                         PnPIBS: Found the directory BroadcomBluetoothHID64.
2026-09-27 04:55:56, Info                         PnPIBS: Building the list of drivers in the path E:\$WinPEDriver$\BroadcomBluetoothHID64 ...
2026-09-27 04:55:56, Info                         PnPIBS: Found the file UheBtHid.inf
2026-09-27 04:55:56, Info                         PnPIBS: Added driver E:\$WinPEDriver$\BroadcomBluetoothHID64\UheBtHid.inf to the list of drivers.
2026-09-27 04:55:56, Info                         PnPIBS: Found the file UheSerialBus.inf
2026-09-27 04:55:56, Info                         PnPIBS: Added driver E:\$WinPEDriver$\BroadcomBluetoothHID64\UheSerialBus.inf to the list of drivers.
2026-09-27 04:55:56, Info                         PnPIBS: Found the file UheSerialBus.sys
2026-09-27 04:55:56, Info                         PnPIBS: Skipping the file UheSerialBus.sys because it is not an INF file.
2026-09-27 04:55:56, Info                         PnPIBS: Found the file uhebthid-x64.cat
2026-09-27 04:55:56, Info                         PnPIBS: Skipping the file uhebthid-x64.cat because it is not an INF file.
2026-09-27 04:55:56, Info                         PnPIBS: Found the file uhebthid.sys
2026-09-27 04:55:56, Info                         PnPIBS: Skipping the file uhebthid.sys because it is not an INF file.
2026-09-27 04:55:56, Info                         PnPIBS: Found the file uheserialbus-x64.cat
2026-09-27 04:55:56, Info                         PnPIBS: Skipping the file uheserialbus-x64.cat because it is not an INF file.
2026-09-27 04:55:56, Info                         PnPIBS: Finished building list of drivers in the path E:\$WinPEDriver$\BroadcomBluetoothHID64.
2026-09-27 04:55:56, Info                         PnPIBS: Found the directory BroadcomCardReader64.
2026-09-27 04:55:56, Info                         PnPIBS: Building the list of drivers in the path E:\$WinPEDriver$\BroadcomCardReader64 ...
2026-09-27 04:55:56, Info                         PnPIBS: Found the file ArabicLicense.txt
2026-09-27 04:55:56, Info                         PnPIBS: Skipping the file ArabicLicense.txt because it is not an INF file.
2026-09-27 04:55:56, Info                         PnPIBS: Found the file BrazilianPortugueseLicense.txt
2026-09-27 04:55:56, Info                         PnPIBS: Skipping the file BrazilianPortugueseLicense.txt because it is not an INF file.
2026-09-27 04:55:56, Info                         PnPIBS: Found the file CzechLicense.txt
2026-09-27 04:55:56, Info                         PnPIBS: Skipping the file CzechLicense.txt because it is not an INF file.
2026-09-27 04:55:56, Info                         PnPIBS: Found the file DPInst.exe
2026-09-27 04:55:56, Info                         PnPIBS: Skipping the file DPInst.exe because it is not an INF file.
2026-09-27 04:55:56, Info                         PnPIBS: Found the file DPInst.xml
2026-09-27 04:55:56, Info                         PnPIBS: Skipping the file DPInst.xml because it is not an INF file.
2026-09-27 04:55:56, Info                         PnPIBS: Found the file DanishLicense.txt
2026-09-27 04:55:56, Info                         PnPIBS: Skipping the file DanishLicense.txt because it is not an INF file.
2026-09-27 04:55:56, Info                         PnPIBS: Found the file DutchLicense.txt
2026-09-27 04:55:56, Info                         PnPIBS: Skipping the file DutchLicense.txt because it is not an INF file.
2026-09-27 04:55:56, Info                         PnPIBS: Found the file EnglishLicense.txt
2026-09-27 04:55:56, Info                         PnPIBS: Skipping the file EnglishLicense.txt because it is not an INF file.
2026-09-27 04:55:56, Info                         PnPIBS: Found the file FinnishLicense.txt
2026-09-27 04:55:56, Info                         PnPIBS: Skipping the file FinnishLicense.txt because it is not an INF file.
2026-09-27 04:55:56, Info                         PnPIBS: Found the file FrenchLicense.txt
2026-09-27 04:55:56, Info                         PnPIBS: Skipping the file FrenchLicense.txt because it is not an INF file.
2026-09-27 04:55:56, Info                         PnPIBS: Found the file GermanLicense.txt
2026-09-27 04:55:56, Info                         PnPIBS: Skipping the file GermanLicense.txt because it is not an INF file.
2026-09-27 04:55:56, Info                         PnPIBS: Found the file HungarianLicense.txt
2026-09-27 04:55:56, Info                         PnPIBS: Skipping the file HungarianLicense.txt because it is not an INF file.
2026-09-27 04:55:56, Info                         PnPIBS: Found the file ItalianLicense.txt
2026-09-27 04:55:56, Info                         PnPIBS: Skipping the file ItalianLicense.txt because it is not an INF file.
2026-09-27 04:55:56, Info                         PnPIBS: Found the file JapaneseLicense.txt
2026-09-27 04:55:56, Info                         PnPIBS: Skipping the file JapaneseLicense.txt because it is not an INF file.
2026-09-27 04:55:56, Info                         PnPIBS: Found the file KoreanLicense.txt
2026-09-27 04:55:56, Info                         PnPIBS: Skipping the file KoreanLicense.txt because it is not an INF file.
2026-09-27 04:55:56, Info                         PnPIBS: Found the file NorwegianLicense.txt
2026-09-27 04:55:56, Info                         PnPIBS: Skipping the file NorwegianLicense.txt because it is not an INF file.
2026-09-27 04:55:56, Info                         PnPIBS: Found the file PolishLicense.txt
2026-09-27 04:55:56, Info                         PnPIBS: Skipping the file PolishLicense.txt because it is not an INF file.
2026-09-27 04:55:56, Info                         PnPIBS: Found the file PortugueseLicense.txt
2026-09-27 04:55:56, Info                         PnPIBS: Skipping the file PortugueseLicense.txt because it is not an INF file.
2026-09-27 04:55:56, Info                         PnPIBS: Found the file Release.txt
2026-09-27 04:55:56, Info                         PnPIBS: Skipping the file Release.txt because it is not an INF file.
2026-09-27 04:55:56, Info                         PnPIBS: Found the file RussianLicense.txt
2026-09-27 04:55:56, Info                         PnPIBS: Skipping the file RussianLicense.txt because it is not an INF file.
2026-09-27 04:55:56, Info                         PnPIBS: Found the file SimplifiedChineseLicense.txt
2026-09-27 04:55:56, Info                         PnPIBS: Skipping the file SimplifiedChineseLicense.txt because it is not an INF file.
2026-09-27 04:55:56, Info                         PnPIBS: Found the file SpanishLicense.txt
2026-09-27 04:55:56, Info                         PnPIBS: Skipping the file SpanishLicense.txt because it is not an INF file.
2026-09-27 04:55:56, Info                         PnPIBS: Found the file SwedishLicense.txt
2026-09-27 04:55:56, Info                         PnPIBS: Skipping the file SwedishLicense.txt because it is not an INF file.
2026-09-27 04:55:56, Info                         PnPIBS: Found the file TraditionalChineseLicense.txt
2026-09-27 04:55:56, Info                         PnPIBS: Skipping the file TraditionalChineseLicense.txt because it is not an INF file.
2026-09-27 04:55:56, Info                         PnPIBS: Found the file TurkishLicense.txt
2026-09-27 04:55:56, Info                         PnPIBS: Skipping the file TurkishLicense.txt because it is not an INF file.
2026-09-27 04:55:56, Info                         PnPIBS: Found the file bScsiSDa.inf
2026-09-27 04:55:56, Info                         PnPIBS: Added driver E:\$WinPEDriver$\BroadcomCardReader64\bScsiSDa.inf to the list of drivers.
2026-09-27 04:55:56, Info                         PnPIBS: Found the file bScsiSDa.sys
2026-09-27 04:55:56, Info                         PnPIBS: Skipping the file bScsiSDa.sys because it is not an INF file.
2026-09-27 04:55:56, Info                         PnPIBS: Found the file bscsisda.cat
2026-09-27 04:55:56, Info                         PnPIBS: Skipping the file bscsisda.cat because it is not an INF file.
2026-09-27 04:55:56, Info                         PnPIBS: Finished building list of drivers in the path E:\$WinPEDriver$\BroadcomCardReader64.
2026-09-27 04:55:56, Info                         PnPIBS: Found the directory BroadcomComController64.
2026-09-27 04:55:56, Info                         PnPIBS: Building the list of drivers in the path E:\$WinPEDriver$\BroadcomComController64 ...
2026-09-27 04:55:56, Info                         PnPIBS: Found the file ArabicLicense.txt
2026-09-27 04:55:56, Info                         PnPIBS: Skipping the file ArabicLicense.txt because it is not an INF file.
2026-09-27 04:55:56, Info                         PnPIBS: Found the file B57Ports.inf
2026-09-27 04:55:56, Info                         PnPIBS: Added driver E:\$WinPEDriver$\BroadcomComController64\B57Ports.inf to the list of drivers.
2026-09-27 04:55:56, Info                         PnPIBS: Found the file BrazilianPortugueseLicense.txt
2026-09-27 04:55:56, Info                         PnPIBS: Skipping the file BrazilianPortugueseLicense.txt because it is not an INF file.
2026-09-27 04:55:56, Info                         PnPIBS: Found the file CzechLicense.txt
2026-09-27 04:55:56, Info                         PnPIBS: Skipping the file CzechLicense.txt because it is not an INF file.
2026-09-27 04:55:56, Info                         PnPIBS: Found the file DPInst.exe
2026-09-27 04:55:56, Info                         PnPIBS: Skipping the file DPInst.exe because it is not an INF file.
2026-09-27 04:55:56, Info                         PnPIBS: Found the file DPInst.xml
2026-09-27 04:55:56, Info                         PnPIBS: Skipping the file DPInst.xml because it is not an INF file.
2026-09-27 04:55:56, Info                         PnPIBS: Found the file DanishLicense.txt
2026-09-27 04:55:56, Info                         PnPIBS: Skipping the file DanishLicense.txt because it is not an INF file.
2026-09-27 04:55:56, Info                         PnPIBS: Found the file DutchLicense.txt
2026-09-27 04:55:56, Info                         PnPIBS: Skipping the file DutchLicense.txt because it is not an INF file.
2026-09-27 04:55:56, Info                         PnPIBS: Found the file EnglishLicense.txt
2026-09-27 04:55:56, Info                         PnPIBS: Skipping the file EnglishLicense.txt because it is not an INF file.
2026-09-27 04:55:56, Info                         PnPIBS: Found the file FinnishLicense.txt
2026-09-27 04:55:56, Info                         PnPIBS: Skipping the file FinnishLicense.txt because it is not an INF file.
2026-09-27 04:55:56, Info                         PnPIBS: Found the file FrenchLicense.txt
2026-09-27 04:55:56, Info                         PnPIBS: Skipping the file FrenchLicense.txt because it is not an INF file.
2026-09-27 04:55:56, Info                         PnPIBS: Found the file GermanLicense.txt
2026-09-27 04:55:56, Info                         PnPIBS: Skipping the file GermanLicense.txt because it is not an INF file.
2026-09-27 04:55:56, Info                         PnPIBS: Found the file HungarianLicense.txt
2026-09-27 04:55:56, Info                         PnPIBS: Skipping the file HungarianLicense.txt because it is not an INF file.
2026-09-27 04:55:56, Info                         PnPIBS: Found the file ItalianLicense.txt
2026-09-27 04:55:56, Info                         PnPIBS: Skipping the file ItalianLicense.txt because it is not an INF file.
2026-09-27 04:55:56, Info                         PnPIBS: Found the file JapaneseLicense.txt
2026-09-27 04:55:56, Info                         PnPIBS: Skipping the file JapaneseLicense.txt because it is not an INF file.
2026-09-27 04:55:56, Info                         PnPIBS: Found the file KoreanLicense.txt
2026-09-27 04:55:56, Info                         PnPIBS: Skipping the file KoreanLicense.txt because it is not an INF file.
2026-09-27 04:55:56, Info                         PnPIBS: Found the file NorwegianLicense.txt
2026-09-27 04:55:56, Info                         PnPIBS: Skipping the file NorwegianLicense.txt because it is not an INF file.
2026-09-27 04:55:56, Info                         PnPIBS: Found the file PolishLicense.txt
2026-09-27 04:55:56, Info                         PnPIBS: Skipping the file PolishLicense.txt because it is not an INF file.
2026-09-27 04:55:56, Info                         PnPIBS: Found the file PortugueseLicense.txt
2026-09-27 04:55:56, Info                         PnPIBS: Skipping the file PortugueseLicense.txt because it is not an INF file.
2026-09-27 04:55:56, Info                         PnPIBS: Found the file RussianLicense.txt
2026-09-27 04:55:56, Info                         PnPIBS: Skipping the file RussianLicense.txt because it is not an INF file.
2026-09-27 04:55:56, Info                         PnPIBS: Found the file SimplifiedChineseLicense.txt
2026-09-27 04:55:56, Info                         PnPIBS: Skipping the file SimplifiedChineseLicense.txt because it is not an INF file.
2026-09-27 04:55:56, Info                         PnPIBS: Found the file SpanishLicense.txt
2026-09-27 04:55:56, Info                         PnPIBS: Skipping the file SpanishLicense.txt because it is not an INF file.
2026-09-27 04:55:56, Info                         PnPIBS: Found the file SwedishLicense.txt
2026-09-27 04:55:56, Info                         PnPIBS: Skipping the file SwedishLicense.txt because it is not an INF file.
2026-09-27 04:55:56, Info                         PnPIBS: Found the file TraditionalChineseLicense.txt
2026-09-27 04:55:56, Info                         PnPIBS: Skipping the file TraditionalChineseLicense.txt because it is not an INF file.
2026-09-27 04:55:56, Info                         PnPIBS: Found the file TurkishLicense.txt
2026-09-27 04:55:56, Info                         PnPIBS: Skipping the file TurkishLicense.txt because it is not an INF file.
2026-09-27 04:55:56, Info                         PnPIBS: Found the directory amd64.
2026-09-27 04:55:56, Info                         PnPIBS: Building the list of drivers in the path E:\$WinPEDriver$\BroadcomComController64\amd64 ...
2026-09-27 04:55:56, Info                         PnPIBS: Found the file B57Ports.sys
2026-09-27 04:55:56, Info                         PnPIBS: Skipping the file B57Ports.sys because it is not an INF file.
2026-09-27 04:55:56, Info                         PnPIBS: Finished building list of drivers in the path E:\$WinPEDriver$\BroadcomComController64\amd64.
2026-09-27 04:55:56, Info                         PnPIBS: Found the file b57ports.cat
2026-09-27 04:55:56, Info                         PnPIBS: Skipping the file b57ports.cat because it is not an INF file.
2026-09-27 04:55:56, Info                         PnPIBS: Finished building list of drivers in the path E:\$WinPEDriver$\BroadcomComController64.
2026-09-27 04:55:56, Info                         PnPIBS: Found the directory BroadcomEthernet64.
2026-09-27 04:55:56, Info                         PnPIBS: Building the list of drivers in the path E:\$WinPEDriver$\BroadcomEthernet64 ...
2026-09-27 04:55:56, Info                         PnPIBS: Found the file ArabicLicense.txt
2026-09-27 04:55:56, Info                         PnPIBS: Skipping the file ArabicLicense.txt because it is not an INF file.
2026-09-27 04:55:56, Info                         PnPIBS: Found the file BrazilianPortugueseLicense.txt
2026-09-27 04:55:56, Info                         PnPIBS: Skipping the file BrazilianPortugueseLicense.txt because it is not an INF file.
2026-09-27 04:55:56, Info                         PnPIBS: Found the file CzechLicense.txt
2026-09-27 04:55:56, Info                         PnPIBS: Skipping the file CzechLicense.txt because it is not an INF file.
2026-09-27 04:55:56, Info                         PnPIBS: Found the file DPInst.exe
2026-09-27 04:55:56, Info                         PnPIBS: Skipping the file DPInst.exe because it is not an INF file.
2026-09-27 04:55:56, Info                         PnPIBS: Found the file DPInst.xml
2026-09-27 04:55:56, Info                         PnPIBS: Skipping the file DPInst.xml because it is not an INF file.
2026-09-27 04:55:56, Info                         PnPIBS: Found the file DanishLicense.txt
2026-09-27 04:55:56, Info                         PnPIBS: Skipping the file DanishLicense.txt because it is not an INF file.
2026-09-27 04:55:56, Info                         PnPIBS: Found the file DutchLicense.txt
2026-09-27 04:55:56, Info                         PnPIBS: Skipping the file DutchLicense.txt because it is not an INF file.
2026-09-27 04:55:56, Info                         PnPIBS: Found the file EnglishLicense.txt
2026-09-27 04:55:56, Info                         PnPIBS: Skipping the file EnglishLicense.txt because it is not an INF file.
2026-09-27 04:55:56, Info                         PnPIBS: Found the file FinnishLicense.txt
2026-09-27 04:55:56, Info                         PnPIBS: Skipping the file FinnishLicense.txt because it is not an INF file.
2026-09-27 04:55:56, Info                         PnPIBS: Found the file FrenchLicense.txt
2026-09-27 04:55:56, Info                         PnPIBS: Skipping the file FrenchLicense.txt because it is not an INF file.
2026-09-27 04:55:56, Info                         PnPIBS: Found the file GermanLicense.txt
2026-09-27 04:55:56, Info                         PnPIBS: Skipping the file GermanLicense.txt because it is not an INF file.
2026-09-27 04:55:56, Info                         PnPIBS: Found the file HungarianLicense.txt
2026-09-27 04:55:56, Info                         PnPIBS: Skipping the file HungarianLicense.txt because it is not an INF file.
2026-09-27 04:55:56, Info                         PnPIBS: Found the file ItalianLicense.txt
2026-09-27 04:55:56, Info                         PnPIBS: Skipping the file ItalianLicense.txt because it is not an INF file.
2026-09-27 04:55:56, Info                         PnPIBS: Found the file JapaneseLicense.txt
2026-09-27 04:55:56, Info                         PnPIBS: Skipping the file JapaneseLicense.txt because it is not an INF file.
2026-09-27 04:55:56, Info                         PnPIBS: Found the file KoreanLicense.txt
2026-09-27 04:55:56, Info                         PnPIBS: Skipping the file KoreanLicense.txt because it is not an INF file.
2026-09-27 04:55:56, Info                         PnPIBS: Found the file NorwegianLicense.txt
2026-09-27 04:55:56, Info                         PnPIBS: Skipping the file NorwegianLicense.txt because it is not an INF file.
2026-09-27 04:55:56, Info                         PnPIBS: Found the file PolishLicense.txt
2026-09-27 04:55:56, Info                         PnPIBS: Skipping the file PolishLicense.txt because it is not an INF file.
2026-09-27 04:55:56, Info                         PnPIBS: Found the file PortugueseLicense.txt
2026-09-27 04:55:56, Info                         PnPIBS: Skipping the file PortugueseLicense.txt because it is not an INF file.
2026-09-27 04:55:56, Info                         PnPIBS: Found the file RussianLicense.txt
2026-09-27 04:55:56, Info                         PnPIBS: Skipping the file RussianLicense.txt because it is not an INF file.
2026-09-27 04:55:56, Info                         PnPIBS: Found the file SimplifiedChineseLicense.txt
2026-09-27 04:55:56, Info                         PnPIBS: Skipping the file SimplifiedChineseLicense.txt because it is not an INF file.
2026-09-27 04:55:56, Info                         PnPIBS: Found the file SpanishLicense.txt
2026-09-27 04:55:56, Info                         PnPIBS: Skipping the file SpanishLicense.txt because it is not an INF file.
2026-09-27 04:55:56, Info                         PnPIBS: Found the file SwedishLicense.txt
2026-09-27 04:55:56, Info                         PnPIBS: Skipping the file SwedishLicense.txt because it is not an INF file.
2026-09-27 04:55:56, Info                         PnPIBS: Found the file TraditionalChineseLicense.txt
2026-09-27 04:55:56, Info                         PnPIBS: Skipping the file TraditionalChineseLicense.txt because it is not an INF file.
2026-09-27 04:55:56, Info                         PnPIBS: Found the file TurkishLicense.txt
2026-09-27 04:55:56, Info                         PnPIBS: Skipping the file TurkishLicense.txt because it is not an INF file.
2026-09-27 04:55:56, Info                         PnPIBS: Found the file b57nd60a.cat
2026-09-27 04:55:56, Info                         PnPIBS: Skipping the file b57nd60a.cat because it is not an INF file.
2026-09-27 04:55:56, Info                         PnPIBS: Found the file b57nd60a.inf
2026-09-27 04:55:56, Info                         PnPIBS: Added driver E:\$WinPEDriver$\BroadcomEthernet64\b57nd60a.inf to the list of drivers.
2026-09-27 04:55:56, Info                         PnPIBS: Found the file b57nd60a.sys
2026-09-27 04:55:56, Info                         PnPIBS: Skipping the file b57nd60a.sys because it is not an INF file.
2026-09-27 04:55:56, Info                         PnPIBS: Found the file release.txt
2026-09-27 04:55:56, Info                         PnPIBS: Skipping the file release.txt because it is not an INF file.
2026-09-27 04:55:56, Info                         PnPIBS: Finished building list of drivers in the path E:\$WinPEDriver$\BroadcomEthernet64.
2026-09-27 04:55:56, Info                         PnPIBS: Found the directory BroadcomWirelessWin8x64.
2026-09-27 04:55:56, Info                         PnPIBS: Building the list of drivers in the path E:\$WinPEDriver$\BroadcomWirelessWin8x64 ...
2026-09-27 04:55:56, Info                         PnPIBS: Found the file ArabicLicense.txt
2026-09-27 04:55:56, Info                         PnPIBS: Skipping the file ArabicLicense.txt because it is not an INF file.
2026-09-27 04:55:56, Info                         PnPIBS: Found the file BrazilianPortugueseLicense.txt
2026-09-27 04:55:56, Info                         PnPIBS: Skipping the file BrazilianPortugueseLicense.txt because it is not an INF file.
2026-09-27 04:55:56, Info                         PnPIBS: Found the file CzechLicense.txt
2026-09-27 04:55:56, Info                         PnPIBS: Skipping the file CzechLicense.txt because it is not an INF file.
2026-09-27 04:55:56, Info                         PnPIBS: Found the file DPInst.exe
2026-09-27 04:55:56, Info                         PnPIBS: Skipping the file DPInst.exe because it is not an INF file.
2026-09-27 04:55:56, Info                         PnPIBS: Found the file DPInst.xml
2026-09-27 04:55:56, Info                         PnPIBS: Skipping the file DPInst.xml because it is not an INF file.
2026-09-27 04:55:56, Info                         PnPIBS: Found the file DanishLicense.txt
2026-09-27 04:55:56, Info                         PnPIBS: Skipping the file DanishLicense.txt because it is not an INF file.
2026-09-27 04:55:56, Info                         PnPIBS: Found the file DutchLicense.txt
2026-09-27 04:55:56, Info                         PnPIBS: Skipping the file DutchLicense.txt because it is not an INF file.
2026-09-27 04:55:56, Info                         PnPIBS: Found the file EnglishLicense.txt
2026-09-27 04:55:56, Info                         PnPIBS: Skipping the file EnglishLicense.txt because it is not an INF file.
2026-09-27 04:55:56, Info                         PnPIBS: Found the file FinnishLicense.txt
2026-09-27 04:55:56, Info                         PnPIBS: Skipping the file FinnishLicense.txt because it is not an INF file.
2026-09-27 04:55:56, Info                         PnPIBS: Found the file FrenchLicense.txt
2026-09-27 04:55:56, Info                         PnPIBS: Skipping the file FrenchLicense.txt because it is not an INF file.
2026-09-27 04:55:56, Info                         PnPIBS: Found the file GermanLicense.txt
2026-09-27 04:55:56, Info                         PnPIBS: Skipping the file GermanLicense.txt because it is not an INF file.
2026-09-27 04:55:56, Info                         PnPIBS: Found the file HungarianLicense.txt
2026-09-27 04:55:56, Info                         PnPIBS: Skipping the file HungarianLicense.txt because it is not an INF file.
2026-09-27 04:55:56, Info                         PnPIBS: Found the file ItalianLicense.txt
2026-09-27 04:55:56, Info                         PnPIBS: Skipping the file ItalianLicense.txt because it is not an INF file.
2026-09-27 04:55:56, Info                         PnPIBS: Found the file JapaneseLicense.txt
2026-09-27 04:55:56, Info                         PnPIBS: Skipping the file JapaneseLicense.txt because it is not an INF file.
2026-09-27 04:55:56, Info                         PnPIBS: Found the file KoreanLicense.txt
2026-09-27 04:55:56, Info                         PnPIBS: Skipping the file KoreanLicense.txt because it is not an INF file.
2026-09-27 04:55:56, Info                         PnPIBS: Found the file NorwegianLicense.txt
2026-09-27 04:55:56, Info                         PnPIBS: Skipping the file NorwegianLicense.txt because it is not an INF file.
2026-09-27 04:55:56, Info                         PnPIBS: Found the file PolishLicense.txt
2026-09-27 04:55:56, Info                         PnPIBS: Skipping the file PolishLicense.txt because it is not an INF file.
2026-09-27 04:55:56, Info                         PnPIBS: Found the file PortugueseLicense.txt
2026-09-27 04:55:56, Info                         PnPIBS: Skipping the file PortugueseLicense.txt because it is not an INF file.
2026-09-27 04:55:56, Info                         PnPIBS: Found the file RussianLicense.txt
2026-09-27 04:55:56, Info                         PnPIBS: Skipping the file RussianLicense.txt because it is not an INF file.
2026-09-27 04:55:56, Info                         PnPIBS: Found the file SimplifiedChineseLicense.txt
2026-09-27 04:55:56, Info                         PnPIBS: Skipping the file SimplifiedChineseLicense.txt because it is not an INF file.
2026-09-27 04:55:56, Info                         PnPIBS: Found the file SpanishLicense.txt
2026-09-27 04:55:56, Info                         PnPIBS: Skipping the file SpanishLicense.txt because it is not an INF file.
2026-09-27 04:55:56, Info                         PnPIBS: Found the file SwedishLicense.txt
2026-09-27 04:55:56, Info                         PnPIBS: Skipping the file SwedishLicense.txt because it is not an INF file.
2026-09-27 04:55:56, Info                         PnPIBS: Found the file TraditionalChineseLicense.txt
2026-09-27 04:55:56, Info                         PnPIBS: Skipping the file TraditionalChineseLicense.txt because it is not an INF file.
2026-09-27 04:55:56, Info                         PnPIBS: Found the file TurkishLicense.txt
2026-09-27 04:55:56, Info                         PnPIBS: Skipping the file TurkishLicense.txt because it is not an INF file.
2026-09-27 04:55:56, Info                         PnPIBS: Found the file bcm43xx.cat
2026-09-27 04:55:56, Info                         PnPIBS: Skipping the file bcm43xx.cat because it is not an INF file.
2026-09-27 04:55:56, Info                         PnPIBS: Found the file bcm43xx64.cat
2026-09-27 04:55:56, Info                         PnPIBS: Skipping the file bcm43xx64.cat because it is not an INF file.
2026-09-27 04:55:56, Info                         PnPIBS: Found the file bcmihvsrv.dll
2026-09-27 04:55:56, Info                         PnPIBS: Skipping the file bcmihvsrv.dll because it is not an INF file.
2026-09-27 04:55:56, Info                         PnPIBS: Found the file bcmihvsrv64.dll
2026-09-27 04:55:56, Info                         PnPIBS: Skipping the file bcmihvsrv64.dll because it is not an INF file.
2026-09-27 04:55:56, Info                         PnPIBS: Found the file bcmihvui.dll
2026-09-27 04:55:56, Info                         PnPIBS: Skipping the file bcmihvui.dll because it is not an INF file.
2026-09-27 04:55:56, Info                         PnPIBS: Found the file bcmihvui64.dll
2026-09-27 04:55:56, Info                         PnPIBS: Skipping the file bcmihvui64.dll because it is not an INF file.
2026-09-27 04:55:56, Info                         PnPIBS: Found the file bcmwl63.inf
2026-09-27 04:55:56, Info                         PnPIBS: Added driver E:\$WinPEDriver$\BroadcomWirelessWin8x64\bcmwl63.inf to the list of drivers.
2026-09-27 04:55:56, Info                         PnPIBS: Found the file bcmwl63.sys
2026-09-27 04:55:56, Info                         PnPIBS: Skipping the file bcmwl63.sys because it is not an INF file.
2026-09-27 04:55:56, Info                         PnPIBS: Found the file bcmwl63a.sys
2026-09-27 04:55:56, Info                         PnPIBS: Skipping the file bcmwl63a.sys because it is not an INF file.
2026-09-27 04:55:56, Info                         PnPIBS: Finished building list of drivers in the path E:\$WinPEDriver$\BroadcomWirelessWin8x64.
2026-09-27 04:55:56, Info                         PnPIBS: Found the directory CirrusAudioCS4208x64.
2026-09-27 04:55:56, Info                         PnPIBS: Building the list of drivers in the path E:\$WinPEDriver$\CirrusAudioCS4208x64 ...
2026-09-27 04:55:56, Info                         PnPIBS: Found the file ArabicLicense.txt
2026-09-27 04:55:56, Info                         PnPIBS: Skipping the file ArabicLicense.txt because it is not an INF file.
2026-09-27 04:55:56, Info                         PnPIBS: Found the file BrazilianPortugueseLicense.txt
2026-09-27 04:55:56, Info                         PnPIBS: Skipping the file BrazilianPortugueseLicense.txt because it is not an INF file.
2026-09-27 04:55:56, Info                         PnPIBS: Found the file CzechLicense.txt
2026-09-27 04:55:56, Info                         PnPIBS: Skipping the file CzechLicense.txt because it is not an INF file.
2026-09-27 04:55:56, Info                         PnPIBS: Found the file DPInst.exe
2026-09-27 04:55:56, Info                         PnPIBS: Skipping the file DPInst.exe because it is not an INF file.
2026-09-27 04:55:56, Info                         PnPIBS: Found the file DPInst.xml
2026-09-27 04:55:56, Info                         PnPIBS: Skipping the file DPInst.xml because it is not an INF file.
2026-09-27 04:55:56, Info                         PnPIBS: Found the file DanishLicense.txt
2026-09-27 04:55:56, Info                         PnPIBS: Skipping the file DanishLicense.txt because it is not an INF file.
2026-09-27 04:55:56, Info                         PnPIBS: Found the file DutchLicense.txt
2026-09-27 04:55:56, Info                         PnPIBS: Skipping the file DutchLicense.txt because it is not an INF file.
2026-09-27 04:55:56, Info                         PnPIBS: Found the file EnglishLicense.txt
2026-09-27 04:55:56, Info                         PnPIBS: Skipping the file EnglishLicense.txt because it is not an INF file.
2026-09-27 04:55:56, Info                         PnPIBS: Found the file FinnishLicense.txt
2026-09-27 04:55:56, Info                         PnPIBS: Skipping the file FinnishLicense.txt because it is not an INF file.
2026-09-27 04:55:56, Info                         PnPIBS: Found the file FrenchLicense.txt
2026-09-27 04:55:56, Info                         PnPIBS: Skipping the file FrenchLicense.txt because it is not an INF file.
2026-09-27 04:55:56, Info                         PnPIBS: Found the file GermanLicense.txt
2026-09-27 04:55:56, Info                         PnPIBS: Skipping the file GermanLicense.txt because it is not an INF file.
2026-09-27 04:55:56, Info                         PnPIBS: Found the file HungarianLicense.txt
2026-09-27 04:55:56, Info                         PnPIBS: Skipping the file HungarianLicense.txt because it is not an INF file.
2026-09-27 04:55:56, Info                         PnPIBS: Found the file ItalianLicense.txt
2026-09-27 04:55:56, Info                         PnPIBS: Skipping the file ItalianLicense.txt because it is not an INF file.
2026-09-27 04:55:56, Info                         PnPIBS: Found the file JapaneseLicense.txt
2026-09-27 04:55:56, Info                         PnPIBS: Skipping the file JapaneseLicense.txt because it is not an INF file.
2026-09-27 04:55:56, Info                         PnPIBS: Found the file KoreanLicense.txt
2026-09-27 04:55:56, Info                         PnPIBS: Skipping the file KoreanLicense.txt because it is not an INF file.
2026-09-27 04:55:56, Info                         PnPIBS: Found the file NorwegianLicense.txt
2026-09-27 04:55:56, Info                         PnPIBS: Skipping the file NorwegianLicense.txt because it is not an INF file.
2026-09-27 04:55:56, Info                         PnPIBS: Found the file PolishLicense.txt
2026-09-27 04:55:56, Info                         PnPIBS: Skipping the file PolishLicense.txt because it is not an INF file.
2026-09-27 04:55:56, Info                         PnPIBS: Found the file PortugueseLicense.txt
2026-09-27 04:55:56, Info                         PnPIBS: Skipping the file PortugueseLicense.txt because it is not an INF file.
2026-09-27 04:55:56, Info                         PnPIBS: Found the file RussianLicense.txt
2026-09-27 04:55:56, Info                         PnPIBS: Skipping the file RussianLicense.txt because it is not an INF file.
2026-09-27 04:55:56, Info                         PnPIBS: Found the file SimplifiedChineseLicense.txt
2026-09-27 04:55:56, Info                         PnPIBS: Skipping the file SimplifiedChineseLicense.txt because it is not an INF file.
2026-09-27 04:55:56, Info                         PnPIBS: Found the file SpanishLicense.txt
2026-09-27 04:55:56, Info                         PnPIBS: Skipping the file SpanishLicense.txt because it is not an INF file.
2026-09-27 04:55:56, Info                         PnPIBS: Found the file SwedishLicense.txt
2026-09-27 04:55:56, Info                         PnPIBS: Skipping the file SwedishLicense.txt because it is not an INF file.
2026-09-27 04:55:56, Info                         PnPIBS: Found the file TraditionalChineseLicense.txt
2026-09-27 04:55:56, Info                         PnPIBS: Skipping the file TraditionalChineseLicense.txt because it is not an INF file.
2026-09-27 04:55:56, Info                         PnPIBS: Found the file TurkishLicense.txt
2026-09-27 04:55:56, Info                         PnPIBS: Skipping the file TurkishLicense.txt because it is not an INF file.
2026-09-27 04:55:56, Info                         PnPIBS: Found the file cs4208.cat
2026-09-27 04:55:56, Info                         PnPIBS: Skipping the file cs4208.cat because it is not an INF file.
2026-09-27 04:55:56, Info                         PnPIBS: Found the file cs4208_36.inf
2026-09-27 04:55:56, Info                         PnPIBS: Added driver E:\$WinPEDriver$\CirrusAudioCS4208x64\cs4208_36.inf to the list of drivers.
2026-09-27 04:55:56, Info                         PnPIBS: Found the directory x64.
2026-09-27 04:55:56, Info                         PnPIBS: Building the list of drivers in the path E:\$WinPEDriver$\CirrusAudioCS4208x64\x64 ...
2026-09-27 04:55:56, Info                         PnPIBS: Found the file CLFiltAPO.dll
2026-09-27 04:55:56, Info                         PnPIBS: Skipping the file CLFiltAPO.dll because it is not an INF file.
2026-09-27 04:55:56, Info                         PnPIBS: Found the file CLLoopAPO.dll
2026-09-27 04:55:56, Info                         PnPIBS: Skipping the file CLLoopAPO.dll because it is not an INF file.
2026-09-27 04:55:56, Info                         PnPIBS: Found the file CSLFD.sys
2026-09-27 04:55:56, Info                         PnPIBS: Skipping the file CSLFD.sys because it is not an INF file.
2026-09-27 04:55:56, Info                         PnPIBS: Found the file CSUFD.sys
2026-09-27 04:55:56, Info                         PnPIBS: Skipping the file CSUFD.sys because it is not an INF file.
2026-09-27 04:55:56, Info                         PnPIBS: Found the file WdfCoInstaller01011.dll
2026-09-27 04:55:56, Info                         PnPIBS: Skipping the file WdfCoInstaller01011.dll because it is not an INF file.
2026-09-27 04:55:56, Info                         PnPIBS: Finished building list of drivers in the path E:\$WinPEDriver$\CirrusAudioCS4208x64\x64.
2026-09-27 04:55:56, Info                         PnPIBS: Finished building list of drivers in the path E:\$WinPEDriver$\CirrusAudioCS4208x64.
2026-09-27 04:55:56, Info                         PnPIBS: Found the directory IntelEthernetInstaller64.
2026-09-27 04:55:56, Info                         PnPIBS: Building the list of drivers in the path E:\$WinPEDriver$\IntelEthernetInstaller64 ...
2026-09-27 04:55:56, Info                         PnPIBS: Found the file ArabicLicense.txt
2026-09-27 04:55:56, Info                         PnPIBS: Skipping the file ArabicLicense.txt because it is not an INF file.
2026-09-27 04:55:56, Info                         PnPIBS: Found the file BrazilianPortugueseLicense.txt
2026-09-27 04:55:56, Info                         PnPIBS: Skipping the file BrazilianPortugueseLicense.txt because it is not an INF file.
2026-09-27 04:55:56, Info                         PnPIBS: Found the file CzechLicense.txt
2026-09-27 04:55:56, Info                         PnPIBS: Skipping the file CzechLicense.txt because it is not an INF file.
2026-09-27 04:55:56, Info                         PnPIBS: Found the file DPInst.exe
2026-09-27 04:55:56, Info                         PnPIBS: Skipping the file DPInst.exe because it is not an INF file.
2026-09-27 04:55:56, Info                         PnPIBS: Found the file DPInst.xml
2026-09-27 04:55:56, Info                         PnPIBS: Skipping the file DPInst.xml because it is not an INF file.
2026-09-27 04:55:56, Info                         PnPIBS: Found the file DanishLicense.txt
2026-09-27 04:55:56, Info                         PnPIBS: Skipping the file DanishLicense.txt because it is not an INF file.
2026-09-27 04:55:56, Info                         PnPIBS: Found the file DutchLicense.txt
2026-09-27 04:55:56, Info                         PnPIBS: Skipping the file DutchLicense.txt because it is not an INF file.
2026-09-27 04:55:56, Info                         PnPIBS: Found the file EnglishLicense.txt
2026-09-27 04:55:56, Info                         PnPIBS: Skipping the file EnglishLicense.txt because it is not an INF file.
2026-09-27 04:55:56, Info                         PnPIBS: Found the file FinnishLicense.txt
2026-09-27 04:55:56, Info                         PnPIBS: Skipping the file FinnishLicense.txt because it is not an INF file.
2026-09-27 04:55:56, Info                         PnPIBS: Found the file FrenchLicense.txt
2026-09-27 04:55:56, Info                         PnPIBS: Skipping the file FrenchLicense.txt because it is not an INF file.
2026-09-27 04:55:56, Info                         PnPIBS: Found the file GermanLicense.txt
2026-09-27 04:55:56, Info                         PnPIBS: Skipping the file GermanLicense.txt because it is not an INF file.
2026-09-27 04:55:56, Info                         PnPIBS: Found the file HungarianLicense.txt
2026-09-27 04:55:56, Info                         PnPIBS: Skipping the file HungarianLicense.txt because it is not an INF file.
2026-09-27 04:55:56, Info                         PnPIBS: Found the file ItalianLicense.txt
2026-09-27 04:55:56, Info                         PnPIBS: Skipping the file ItalianLicense.txt because it is not an INF file.
2026-09-27 04:55:56, Info                         PnPIBS: Found the file JapaneseLicense.txt
2026-09-27 04:55:56, Info                         PnPIBS: Skipping the file JapaneseLicense.txt because it is not an INF file.
2026-09-27 04:55:56, Info                         PnPIBS: Found the file KoreanLicense.txt
2026-09-27 04:55:56, Info                         PnPIBS: Skipping the file KoreanLicense.txt because it is not an INF file.
2026-09-27 04:55:56, Info                         PnPIBS: Found the file NicCo36.dll
2026-09-27 04:55:56, Info                         PnPIBS: Skipping the file NicCo36.dll because it is not an INF file.
2026-09-27 04:55:56, Info                         PnPIBS: Found the file NicInE1R.dll
2026-09-27 04:55:56, Info                         PnPIBS: Skipping the file NicInE1R.dll because it is not an INF file.
2026-09-27 04:55:56, Info                         PnPIBS: Found the file NicInE6.dll
2026-09-27 04:55:56, Info                         PnPIBS: Skipping the file NicInE6.dll because it is not an INF file.
2026-09-27 04:55:56, Info                         PnPIBS: Found the file NicInstK.dll
2026-09-27 04:55:56, Info                         PnPIBS: Skipping the file NicInstK.dll because it is not an INF file.
2026-09-27 04:55:56, Info                         PnPIBS: Found the file NicInstQ.dll
2026-09-27 04:55:56, Info                         PnPIBS: Skipping the file NicInstQ.dll because it is not an INF file.
2026-09-27 04:55:56, Info                         PnPIBS: Found the file NicInstY.dll
2026-09-27 04:55:56, Info                         PnPIBS: Skipping the file NicInstY.dll because it is not an INF file.
2026-09-27 04:55:56, Info                         PnPIBS: Found the file NorwegianLicense.txt
2026-09-27 04:55:56, Info                         PnPIBS: Skipping the file NorwegianLicense.txt because it is not an INF file.
2026-09-27 04:55:56, Info                         PnPIBS: Found the file PolishLicense.txt
2026-09-27 04:55:56, Info                         PnPIBS: Skipping the file PolishLicense.txt because it is not an INF file.
2026-09-27 04:55:56, Info                         PnPIBS: Found the file PortugueseLicense.txt
2026-09-27 04:55:56, Info                         PnPIBS: Skipping the file PortugueseLicense.txt because it is not an INF file.
2026-09-27 04:55:56, Info                         PnPIBS: Found the file RussianLicense.txt
2026-09-27 04:55:56, Info                         PnPIBS: Skipping the file RussianLicense.txt because it is not an INF file.
2026-09-27 04:55:56, Info                         PnPIBS: Found the file SimplifiedChineseLicense.txt
2026-09-27 04:55:56, Info                         PnPIBS: Skipping the file SimplifiedChineseLicense.txt because it is not an INF file.
2026-09-27 04:55:56, Info                         PnPIBS: Found the file SpanishLicense.txt
2026-09-27 04:55:56, Info                         PnPIBS: Skipping the file SpanishLicense.txt because it is not an INF file.
2026-09-27 04:55:56, Info                         PnPIBS: Found the file SwedishLicense.txt
2026-09-27 04:55:56, Info                         PnPIBS: Skipping the file SwedishLicense.txt because it is not an INF file.
2026-09-27 04:55:56, Info                         PnPIBS: Found the file TraditionalChineseLicense.txt
2026-09-27 04:55:56, Info                         PnPIBS: Skipping the file TraditionalChineseLicense.txt because it is not an INF file.
2026-09-27 04:55:56, Info                         PnPIBS: Found the file TurkishLicense.txt
2026-09-27 04:55:56, Info                         PnPIBS: Skipping the file TurkishLicense.txt because it is not an INF file.
2026-09-27 04:55:56, Info                         PnPIBS: Found the file e1000msg.dll
2026-09-27 04:55:56, Info                         PnPIBS: Skipping the file e1000msg.dll because it is not an INF file.
2026-09-27 04:55:56, Info                         PnPIBS: Found the file e1e6232e.cat
2026-09-27 04:55:56, Info                         PnPIBS: Skipping the file e1e6232e.cat because it is not an INF file.
2026-09-27 04:55:56, Info                         PnPIBS: Found the file e1e6232e.din
2026-09-27 04:55:56, Info                         PnPIBS: Skipping the file e1e6232e.din because it is not an INF file.
2026-09-27 04:55:56, Info                         PnPIBS: Found the file e1e6232e.inf
2026-09-27 04:55:56, Info                         PnPIBS: Added driver E:\$WinPEDriver$\IntelEthernetInstaller64\e1e6232e.inf to the list of drivers.
2026-09-27 04:55:56, Info                         PnPIBS: Found the file e1e6232e.sys
2026-09-27 04:55:56, Info                         PnPIBS: Skipping the file e1e6232e.sys because it is not an INF file.
2026-09-27 04:55:56, Info                         PnPIBS: Found the file e1k62x64.cat
2026-09-27 04:55:56, Info                         PnPIBS: Skipping the file e1k62x64.cat because it is not an INF file.
2026-09-27 04:55:56, Info                         PnPIBS: Found the file e1k62x64.din
2026-09-27 04:55:56, Info                         PnPIBS: Skipping the file e1k62x64.din because it is not an INF file.
2026-09-27 04:55:56, Info                         PnPIBS: Found the file e1k62x64.inf
2026-09-27 04:55:56, Info                         PnPIBS: Added driver E:\$WinPEDriver$\IntelEthernetInstaller64\e1k62x64.inf to the list of drivers.
2026-09-27 04:55:56, Info                         PnPIBS: Found the file e1k62x64.sys
2026-09-27 04:55:56, Info                         PnPIBS: Skipping the file e1k62x64.sys because it is not an INF file.
2026-09-27 04:55:56, Info                         PnPIBS: Found the file e1kmsg.dll
2026-09-27 04:55:56, Info                         PnPIBS: Skipping the file e1kmsg.dll because it is not an INF file.
2026-09-27 04:55:56, Info                         PnPIBS: Found the file e1q62x64.cat
2026-09-27 04:55:56, Info                         PnPIBS: Skipping the file e1q62x64.cat because it is not an INF file.
2026-09-27 04:55:56, Info                         PnPIBS: Found the file e1q62x64.din
2026-09-27 04:55:56, Info                         PnPIBS: Skipping the file e1q62x64.din because it is not an INF file.
2026-09-27 04:55:56, Info                         PnPIBS: Found the file e1q62x64.inf
2026-09-27 04:55:56, Info                         PnPIBS: Added driver E:\$WinPEDriver$\IntelEthernetInstaller64\e1q62x64.inf to the list of drivers.
2026-09-27 04:55:56, Info                         PnPIBS: Found the file e1q62x64.sys
2026-09-27 04:55:56, Info                         PnPIBS: Skipping the file e1q62x64.sys because it is not an INF file.
2026-09-27 04:55:56, Info                         PnPIBS: Found the file e1qmsg.dll
2026-09-27 04:55:56, Info                         PnPIBS: Skipping the file e1qmsg.dll because it is not an INF file.
2026-09-27 04:55:56, Info                         PnPIBS: Found the file e1r62x64.cat
2026-09-27 04:55:56, Info                         PnPIBS: Skipping the file e1r62x64.cat because it is not an INF file.
2026-09-27 04:55:56, Info                         PnPIBS: Found the file e1r62x64.din
2026-09-27 04:55:56, Info                         PnPIBS: Skipping the file e1r62x64.din because it is not an INF file.
2026-09-27 04:55:56, Info                         PnPIBS: Found the file e1r62x64.inf
2026-09-27 04:55:56, Info                         PnPIBS: Added driver E:\$WinPEDriver$\IntelEthernetInstaller64\e1r62x64.inf to the list of drivers.
2026-09-27 04:55:56, Info                         PnPIBS: Found the file e1r62x64.sys
2026-09-27 04:55:56, Info                         PnPIBS: Skipping the file e1r62x64.sys because it is not an INF file.
2026-09-27 04:55:56, Info                         PnPIBS: Found the file e1rmsg.dll
2026-09-27 04:55:56, Info                         PnPIBS: Skipping the file e1rmsg.dll because it is not an INF file.
2026-09-27 04:55:56, Info                         PnPIBS: Found the file e1y62x64.CAT
2026-09-27 04:55:56, Info                         PnPIBS: Skipping the file e1y62x64.CAT because it is not an INF file.
2026-09-27 04:55:56, Info                         PnPIBS: Found the file e1y62x64.din
2026-09-27 04:55:56, Info                         PnPIBS: Skipping the file e1y62x64.din because it is not an INF file.
2026-09-27 04:55:56, Info                         PnPIBS: Found the file e1y62x64.inf
2026-09-27 04:55:56, Info                         PnPIBS: Added driver E:\$WinPEDriver$\IntelEthernetInstaller64\e1y62x64.inf to the list of drivers.
2026-09-27 04:55:56, Info                         PnPIBS: Found the file e1y62x64.sys
2026-09-27 04:55:56, Info                         PnPIBS: Skipping the file e1y62x64.sys because it is not an INF file.
2026-09-27 04:55:56, Info                         PnPIBS: Finished building list of drivers in the path E:\$WinPEDriver$\IntelEthernetInstaller64.
2026-09-27 04:55:56, Info                         PnPIBS: Found the directory SerialIO.
2026-09-27 04:55:56, Info                         PnPIBS: Building the list of drivers in the path E:\$WinPEDriver$\SerialIO ...
2026-09-27 04:55:56, Info                         PnPIBS: Found the file ArabicLicense.txt
2026-09-27 04:55:56, Info                         PnPIBS: Skipping the file ArabicLicense.txt because it is not an INF file.
2026-09-27 04:55:56, Info                         PnPIBS: Found the file BrazilianPortugueseLicense.txt
2026-09-27 04:55:56, Info                         PnPIBS: Skipping the file BrazilianPortugueseLicense.txt because it is not an INF file.
2026-09-27 04:55:56, Info                         PnPIBS: Found the file CzechLicense.txt
2026-09-27 04:55:56, Info                         PnPIBS: Skipping the file CzechLicense.txt because it is not an INF file.
2026-09-27 04:55:56, Info                         PnPIBS: Found the file DPInst.exe
2026-09-27 04:55:56, Info                         PnPIBS: Skipping the file DPInst.exe because it is not an INF file.
2026-09-27 04:55:56, Info                         PnPIBS: Found the file DPInst.xml
2026-09-27 04:55:56, Info                         PnPIBS: Skipping the file DPInst.xml because it is not an INF file.
2026-09-27 04:55:56, Info                         PnPIBS: Found the file DanishLicense.txt
2026-09-27 04:55:56, Info                         PnPIBS: Skipping the file DanishLicense.txt because it is not an INF file.
2026-09-27 04:55:56, Info                         PnPIBS: Found the file DutchLicense.txt
2026-09-27 04:55:56, Info                         PnPIBS: Skipping the file DutchLicense.txt because it is not an INF file.
2026-09-27 04:55:56, Info                         PnPIBS: Found the file EnglishLicense.txt
2026-09-27 04:55:56, Info                         PnPIBS: Skipping the file EnglishLicense.txt because it is not an INF file.
2026-09-27 04:55:56, Info                         PnPIBS: Found the file FinnishLicense.txt
2026-09-27 04:55:56, Info                         PnPIBS: Skipping the file FinnishLicense.txt because it is not an INF file.
2026-09-27 04:55:56, Info                         PnPIBS: Found the file FrenchLicense.txt
2026-09-27 04:55:56, Info                         PnPIBS: Skipping the file FrenchLicense.txt because it is not an INF file.
2026-09-27 04:55:56, Info                         PnPIBS: Found the file GermanLicense.txt
2026-09-27 04:55:56, Info                         PnPIBS: Skipping the file GermanLicense.txt because it is not an INF file.
2026-09-27 04:55:56, Info                         PnPIBS: Found the file HungarianLicense.txt
2026-09-27 04:55:56, Info                         PnPIBS: Skipping the file HungarianLicense.txt because it is not an INF file.
2026-09-27 04:55:56, Info                         PnPIBS: Found the file ItalianLicense.txt
2026-09-27 04:55:56, Info                         PnPIBS: Skipping the file ItalianLicense.txt because it is not an INF file.
2026-09-27 04:55:56, Info                         PnPIBS: Found the file JapaneseLicense.txt
2026-09-27 04:55:56, Info                         PnPIBS: Skipping the file JapaneseLicense.txt because it is not an INF file.
2026-09-27 04:55:56, Info                         PnPIBS: Found the file KoreanLicense.txt
2026-09-27 04:55:56, Info                         PnPIBS: Skipping the file KoreanLicense.txt because it is not an INF file.
2026-09-27 04:55:56, Info                         PnPIBS: Found the file NorwegianLicense.txt
2026-09-27 04:55:56, Info                         PnPIBS: Skipping the file NorwegianLicense.txt because it is not an INF file.
2026-09-27 04:55:56, Info                         PnPIBS: Found the file PolishLicense.txt
2026-09-27 04:55:56, Info                         PnPIBS: Skipping the file PolishLicense.txt because it is not an INF file.
2026-09-27 04:55:56, Info                         PnPIBS: Found the file PortugueseLicense.txt
2026-09-27 04:55:56, Info                         PnPIBS: Skipping the file PortugueseLicense.txt because it is not an INF file.
2026-09-27 04:55:56, Info                         PnPIBS: Found the file RussianLicense.txt
2026-09-27 04:55:56, Info                         PnPIBS: Skipping the file RussianLicense.txt because it is not an INF file.
2026-09-27 04:55:56, Info                         PnPIBS: Found the file SimplifiedChineseLicense.txt
2026-09-27 04:55:56, Info                         PnPIBS: Skipping the file SimplifiedChineseLicense.txt because it is not an INF file.
2026-09-27 04:55:56, Info                         PnPIBS: Found the file SpanishLicense.txt
2026-09-27 04:55:56, Info                         PnPIBS: Skipping the file SpanishLicense.txt because it is not an INF file.
2026-09-27 04:55:56, Info                         PnPIBS: Found the file SwedishLicense.txt
2026-09-27 04:55:56, Info                         PnPIBS: Skipping the file SwedishLicense.txt because it is not an INF file.
2026-09-27 04:55:56, Info                         PnPIBS: Found the file TraditionalChineseLicense.txt
2026-09-27 04:55:56, Info                         PnPIBS: Skipping the file TraditionalChineseLicense.txt because it is not an INF file.
2026-09-27 04:55:56, Info                         PnPIBS: Found the file TurkishLicense.txt
2026-09-27 04:55:56, Info                         PnPIBS: Skipping the file TurkishLicense.txt because it is not an INF file.
2026-09-27 04:55:56, Info                         PnPIBS: Found the file WdfCoinstaller01011.dll
2026-09-27 04:55:56, Info                         PnPIBS: Skipping the file WdfCoinstaller01011.dll because it is not an INF file.
2026-09-27 04:55:56, Info                         PnPIBS: Found the file iaLPSS2_GPIO2.sys
2026-09-27 04:55:56, Info                         PnPIBS: Skipping the file iaLPSS2_GPIO2.sys because it is not an INF file.
2026-09-27 04:55:56, Info                         PnPIBS: Found the file iaLPSS2_GPIO2_SKL.inf
2026-09-27 04:55:56, Info                         PnPIBS: Added driver E:\$WinPEDriver$\SerialIO\iaLPSS2_GPIO2_SKL.inf to the list of drivers.
2026-09-27 04:55:56, Info                         PnPIBS: Found the file iaLPSS2_I2C.sys
2026-09-27 04:55:56, Info                         PnPIBS: Skipping the file iaLPSS2_I2C.sys because it is not an INF file.
2026-09-27 04:55:56, Info                         PnPIBS: Found the file iaLPSS2_I2C_SKL.inf
2026-09-27 04:55:56, Info                         PnPIBS: Added driver E:\$WinPEDriver$\SerialIO\iaLPSS2_I2C_SKL.inf to the list of drivers.
2026-09-27 04:55:56, Info                         PnPIBS: Found the file iaLPSS2_SPI.sys
2026-09-27 04:55:56, Info                         PnPIBS: Skipping the file iaLPSS2_SPI.sys because it is not an INF file.
2026-09-27 04:55:56, Info                         PnPIBS: Found the file iaLPSS2_SPI_SKL.inf
2026-09-27 04:55:56, Info                         PnPIBS: Added driver E:\$WinPEDriver$\SerialIO\iaLPSS2_SPI_SKL.inf to the list of drivers.
2026-09-27 04:55:56, Info                         PnPIBS: Found the file iaLPSS2_UART2.sys
2026-09-27 04:55:56, Info                         PnPIBS: Skipping the file iaLPSS2_UART2.sys because it is not an INF file.
2026-09-27 04:55:56, Info                         PnPIBS: Found the file iaLPSS2_UART2_SKL.inf
2026-09-27 04:55:56, Info                         PnPIBS: Added driver E:\$WinPEDriver$\SerialIO\iaLPSS2_UART2_SKL.inf to the list of drivers.
2026-09-27 04:55:56, Info                         PnPIBS: Found the file iaLPSS_GPIO.inf
2026-09-27 04:55:56, Info                         PnPIBS: Added driver E:\$WinPEDriver$\SerialIO\iaLPSS_GPIO.inf to the list of drivers.
2026-09-27 04:55:56, Info                         PnPIBS: Found the file iaLPSS_GPIO.sys
2026-09-27 04:55:56, Info                         PnPIBS: Skipping the file iaLPSS_GPIO.sys because it is not an INF file.
2026-09-27 04:55:56, Info                         PnPIBS: Found the file iaLPSS_I2C.inf
2026-09-27 04:55:56, Info                         PnPIBS: Added driver E:\$WinPEDriver$\SerialIO\iaLPSS_I2C.inf to the list of drivers.
2026-09-27 04:55:56, Info                         PnPIBS: Found the file iaLPSS_I2C.sys
2026-09-27 04:55:56, Info                         PnPIBS: Skipping the file iaLPSS_I2C.sys because it is not an INF file.
2026-09-27 04:55:56, Info                         PnPIBS: Found the file iaLPSS_SPI.inf
2026-09-27 04:55:56, Info                         PnPIBS: Added driver E:\$WinPEDriver$\SerialIO\iaLPSS_SPI.inf to the list of drivers.
2026-09-27 04:55:56, Info                         PnPIBS: Found the file iaLPSS_SPI.sys
2026-09-27 04:55:56, Info                         PnPIBS: Skipping the file iaLPSS_SPI.sys because it is not an INF file.
2026-09-27 04:55:56, Info                         PnPIBS: Found the file iaLPSS_UART2.inf
2026-09-27 04:55:56, Info                         PnPIBS: Added driver E:\$WinPEDriver$\SerialIO\iaLPSS_UART2.inf to the list of drivers.
2026-09-27 04:55:56, Info                         PnPIBS: Found the file iaLPSS_UART2.sys
2026-09-27 04:55:56, Info                         PnPIBS: Skipping the file iaLPSS_UART2.sys because it is not an INF file.
2026-09-27 04:55:56, Info                         PnPIBS: Found the file ialpss2_gpio2_skl.cat
2026-09-27 04:55:56, Info                         PnPIBS: Skipping the file ialpss2_gpio2_skl.cat because it is not an INF file.
2026-09-27 04:55:56, Info                         PnPIBS: Found the file ialpss2_i2c_skl.cat
2026-09-27 04:55:56, Info                         PnPIBS: Skipping the file ialpss2_i2c_skl.cat because it is not an INF file.
2026-09-27 04:55:56, Info                         PnPIBS: Found the file ialpss2_spi_skl.cat
2026-09-27 04:55:56, Info                         PnPIBS: Skipping the file ialpss2_spi_skl.cat because it is not an INF file.
2026-09-27 04:55:56, Info                         PnPIBS: Found the file ialpss2_uart2_skl.cat
2026-09-27 04:55:56, Info                         PnPIBS: Skipping the file ialpss2_uart2_skl.cat because it is not an INF file.
2026-09-27 04:55:56, Info                         PnPIBS: Found the file ialpss_gpio.cat
2026-09-27 04:55:56, Info                         PnPIBS: Skipping the file ialpss_gpio.cat because it is not an INF file.
2026-09-27 04:55:56, Info                         PnPIBS: Found the file ialpss_i2c.cat
2026-09-27 04:55:56, Info                         PnPIBS: Skipping the file ialpss_i2c.cat because it is not an INF file.
2026-09-27 04:55:56, Info                         PnPIBS: Found the file ialpss_spi.cat
2026-09-27 04:55:56, Info                         PnPIBS: Skipping the file ialpss_spi.cat because it is not an INF file.
2026-09-27 04:55:56, Info                         PnPIBS: Found the file ialpss_uart2.cat
2026-09-27 04:55:56, Info                         PnPIBS: Skipping the file ialpss_uart2.cat because it is not an INF file.
2026-09-27 04:55:56, Info                         PnPIBS: Finished building list of drivers in the path E:\$WinPEDriver$\SerialIO.
2026-09-27 04:55:56, Info                         PnPIBS: Finished building list of drivers in the path E:\$WinPEDriver$.
2026-09-27 04:55:56, Info                         PnPIBS: The class GUID for INF E:\$WinPEDriver$\AppleBluetoothBroadcom64\AppleBTBC.inf is e0cbf06c-cd8b-4647-bb8a-263b43f0f974
2026-09-27 04:55:56, Info                         PnPIBS: The class GUID e0cbf06c-cd8b-4647-bb8a-263b43f0f974 is not boot-critical.
2026-09-27 04:55:56, Info                         PnPIBS: The driver E:\$WinPEDriver$\AppleBluetoothBroadcom64\AppleBTBC.inf is not boot-critical and hence it will not be installed.
2026-09-27 04:55:56, Info                         PnPIBS: The class GUID for INF E:\$WinPEDriver$\AppleCamera64\AppleCamera64.inf is 6bdd1fc6-810f-11d0-bec7-08002be2092f
2026-09-27 04:55:56, Info                         PnPIBS: The class GUID 6bdd1fc6-810f-11d0-bec7-08002be2092f is not boot-critical.
2026-09-27 04:55:56, Info                         PnPIBS: The driver E:\$WinPEDriver$\AppleCamera64\AppleCamera64.inf is not boot-critical and hence it will not be installed.
2026-09-27 04:55:56, Info                         PnPIBS: The class GUID for INF E:\$WinPEDriver$\AppleDFR64\AppleDFR.inf is 745a17a0-74d3-11d0-b6fe-00a0c90f57da
2026-09-27 04:55:56, Info                         PnPIBS: The class GUID 745a17a0-74d3-11d0-b6fe-00a0c90f57da is boot-critical.
2026-09-27 04:55:56, Info                         PnPIBS: The driver E:\$WinPEDriver$\AppleDFR64\AppleDFR.inf is boot-critical.
2026-09-27 04:55:56, Info                         PnPIBS: Importing driver E:\$WinPEDriver$\AppleDFR64\AppleDFR.inf ...
2026-09-27 04:55:56, Info                         PnPIBS: The class GUID for INF E:\$WinPEDriver$\AppleDisplayInstaller64\aaplmonf64.inf is 745a17a0-74d3-11d0-b6fe-00a0c90f57da
2026-09-27 04:55:56, Info                         PnPIBS: The class GUID 745a17a0-74d3-11d0-b6fe-00a0c90f57da is boot-critical.
2026-09-27 04:55:56, Info                         PnPIBS: The driver E:\$WinPEDriver$\AppleDisplayInstaller64\aaplmonf64.inf is boot-critical.
2026-09-27 04:55:56, Info                         PnPIBS: Importing driver E:\$WinPEDriver$\AppleDisplayInstaller64\aaplmonf64.inf ...
2026-09-27 04:55:56, Info                         PnPIBS: The class GUID for INF E:\$WinPEDriver$\AppleKeyboardInstaller64\Keymagic64.inf is 745a17a0-74d3-11d0-b6fe-00a0c90f57da
2026-09-27 04:55:56, Info                         PnPIBS: The class GUID 745a17a0-74d3-11d0-b6fe-00a0c90f57da is boot-critical.
2026-09-27 04:55:56, Info                         PnPIBS: The driver E:\$WinPEDriver$\AppleKeyboardInstaller64\Keymagic64.inf is boot-critical.
2026-09-27 04:55:56, Info                         PnPIBS: Importing driver E:\$WinPEDriver$\AppleKeyboardInstaller64\Keymagic64.inf ...
2026-09-27 04:55:56, Info                         PnPIBS: The class GUID for INF E:\$WinPEDriver$\AppleMultiTouchTrackPadInstaller64\AppleMTP64.inf is 745a17a0-74d3-11d0-b6fe-00a0c90f57da
2026-09-27 04:55:56, Info                         PnPIBS: The class GUID 745a17a0-74d3-11d0-b6fe-00a0c90f57da is boot-critical.
2026-09-27 04:55:56, Info                         PnPIBS: The driver E:\$WinPEDriver$\AppleMultiTouchTrackPadInstaller64\AppleMTP64.inf is boot-critical.
2026-09-27 04:55:56, Info                         PnPIBS: Importing driver E:\$WinPEDriver$\AppleMultiTouchTrackPadInstaller64\AppleMTP64.inf ...
2026-09-27 04:55:57, Info                         PnPIBS: The class GUID for INF E:\$WinPEDriver$\AppleMultiTouchTrackPadProInstaller64\AppleTPP64.inf is 745a17a0-74d3-11d0-b6fe-00a0c90f57da
2026-09-27 04:55:57, Info                         PnPIBS: The class GUID 745a17a0-74d3-11d0-b6fe-00a0c90f57da is boot-critical.
2026-09-27 04:55:57, Info                         PnPIBS: The driver E:\$WinPEDriver$\AppleMultiTouchTrackPadProInstaller64\AppleTPP64.inf is boot-critical.
2026-09-27 04:55:57, Info                         PnPIBS: Importing driver E:\$WinPEDriver$\AppleMultiTouchTrackPadProInstaller64\AppleTPP64.inf ...
2026-09-27 04:55:57, Info                         PnPIBS: The class GUID for INF E:\$WinPEDriver$\AppleNullDriver64\AppleNull64.inf is 4d36e97d-e325-11ce-bfc1-08002be10318
2026-09-27 04:55:57, Info                         PnPIBS: The class GUID 4d36e97d-e325-11ce-bfc1-08002be10318 is boot-critical.
2026-09-27 04:55:57, Info                         PnPIBS: The driver E:\$WinPEDriver$\AppleNullDriver64\AppleNull64.inf is boot-critical.
2026-09-27 04:55:57, Info                         PnPIBS: Importing driver E:\$WinPEDriver$\AppleNullDriver64\AppleNull64.inf ...
2026-09-27 04:55:57, Info                         PnPIBS: The class GUID for INF E:\$WinPEDriver$\AppleODDInstaller64\AppleODD64.inf is 36fc9e60-c465-11cf-8056-444553540000
2026-09-27 04:55:57, Info                         PnPIBS: The class GUID 36fc9e60-c465-11cf-8056-444553540000 is boot-critical.
2026-09-27 04:55:57, Info                         PnPIBS: The driver E:\$WinPEDriver$\AppleODDInstaller64\AppleODD64.inf is boot-critical.
2026-09-27 04:55:57, Info                         PnPIBS: Importing driver E:\$WinPEDriver$\AppleODDInstaller64\AppleODD64.inf ...
2026-09-27 04:55:57, Info                         PnPIBS: The class GUID for INF E:\$WinPEDriver$\AppleSOC64\AppleSOC.inf is 4d36e97d-e325-11ce-bfc1-08002be10318
2026-09-27 04:55:57, Info                         PnPIBS: The class GUID 4d36e97d-e325-11ce-bfc1-08002be10318 is boot-critical.
2026-09-27 04:55:57, Info                         PnPIBS: The driver E:\$WinPEDriver$\AppleSOC64\AppleSOC.inf is boot-critical.
2026-09-27 04:55:57, Info                         PnPIBS: Importing driver E:\$WinPEDriver$\AppleSOC64\AppleSOC.inf ...
2026-09-27 04:55:57, Info                         PnPIBS: The class GUID for INF E:\$WinPEDriver$\AppleSPIDevice\AppleSPIDevice.inf is 4d36e97d-e325-11ce-bfc1-08002be10318
2026-09-27 04:55:57, Info                         PnPIBS: The class GUID 4d36e97d-e325-11ce-bfc1-08002be10318 is boot-critical.
2026-09-27 04:55:57, Info                         PnPIBS: The driver E:\$WinPEDriver$\AppleSPIDevice\AppleSPIDevice.inf is boot-critical.
2026-09-27 04:55:57, Info                         PnPIBS: Importing driver E:\$WinPEDriver$\AppleSPIDevice\AppleSPIDevice.inf ...
2026-09-27 04:55:57, Info                         PnPIBS: The class GUID for INF E:\$WinPEDriver$\AppleSPIKeyboard\AppleSPIKeyboard.inf is 745a17a0-74d3-11d0-b6fe-00a0c90f57da
2026-09-27 04:55:57, Info                         PnPIBS: The class GUID 745a17a0-74d3-11d0-b6fe-00a0c90f57da is boot-critical.
2026-09-27 04:55:57, Info                         PnPIBS: The driver E:\$WinPEDriver$\AppleSPIKeyboard\AppleSPIKeyboard.inf is boot-critical.
2026-09-27 04:55:57, Info                         PnPIBS: Importing driver E:\$WinPEDriver$\AppleSPIKeyboard\AppleSPIKeyboard.inf ...
2026-09-27 04:55:57, Info                         PnPIBS: The class GUID for INF E:\$WinPEDriver$\AppleSPITrackpad\AppleSPITrackpad.inf is 745a17a0-74d3-11d0-b6fe-00a0c90f57da
2026-09-27 04:55:57, Info                         PnPIBS: The class GUID 745a17a0-74d3-11d0-b6fe-00a0c90f57da is boot-critical.
2026-09-27 04:55:57, Info                         PnPIBS: The driver E:\$WinPEDriver$\AppleSPITrackpad\AppleSPITrackpad.inf is boot-critical.
2026-09-27 04:55:57, Info                         PnPIBS: Importing driver E:\$WinPEDriver$\AppleSPITrackpad\AppleSPITrackpad.inf ...
2026-09-27 04:55:58, Info                         PnPIBS: The class GUID for INF E:\$WinPEDriver$\AppleSSD64\AppleSSD.inf is 4d36e97b-e325-11ce-bfc1-08002be10318
2026-09-27 04:55:58, Info                         PnPIBS: The class GUID 4d36e97b-e325-11ce-bfc1-08002be10318 is boot-critical.
2026-09-27 04:55:58, Info                         PnPIBS: The driver E:\$WinPEDriver$\AppleSSD64\AppleSSD.inf is boot-critical.
2026-09-27 04:55:58, Info                         PnPIBS: Importing driver E:\$WinPEDriver$\AppleSSD64\AppleSSD.inf ...
2026-09-27 04:55:58, Info                         PnPIBS: The class GUID for INF E:\$WinPEDriver$\AppleUSBCompositeDevice64\AppleUSBCompositeDevice.inf is 36fc9e60-c465-11cf-8056-444553540000
2026-09-27 04:55:58, Info                         PnPIBS: The class GUID 36fc9e60-c465-11cf-8056-444553540000 is boot-critical.
2026-09-27 04:55:58, Info                         PnPIBS: The driver E:\$WinPEDriver$\AppleUSBCompositeDevice64\AppleUSBCompositeDevice.inf is boot-critical.
2026-09-27 04:55:58, Info                         PnPIBS: Importing driver E:\$WinPEDriver$\AppleUSBCompositeDevice64\AppleUSBCompositeDevice.inf ...
2026-09-27 04:55:58, Info                         PnPIBS: The class GUID for INF E:\$WinPEDriver$\AppleWirelessMouse64\AppleWirelessMouse.inf is 745a17a0-74d3-11d0-b6fe-00a0c90f57da
2026-09-27 04:55:58, Info                         PnPIBS: The class GUID 745a17a0-74d3-11d0-b6fe-00a0c90f57da is boot-critical.
2026-09-27 04:55:58, Info                         PnPIBS: The driver E:\$WinPEDriver$\AppleWirelessMouse64\AppleWirelessMouse.inf is boot-critical.
2026-09-27 04:55:58, Info                         PnPIBS: Importing driver E:\$WinPEDriver$\AppleWirelessMouse64\AppleWirelessMouse.inf ...
2026-09-27 04:55:58, Info                         PnPIBS: The class GUID for INF E:\$WinPEDriver$\AppleWirelessTrackpad64\AppleWTP64.inf is 745a17a0-74d3-11d0-b6fe-00a0c90f57da
2026-09-27 04:55:58, Info                         PnPIBS: The class GUID 745a17a0-74d3-11d0-b6fe-00a0c90f57da is boot-critical.
2026-09-27 04:55:58, Info                         PnPIBS: The driver E:\$WinPEDriver$\AppleWirelessTrackpad64\AppleWTP64.inf is boot-critical.
2026-09-27 04:55:58, Info                         PnPIBS: Importing driver E:\$WinPEDriver$\AppleWirelessTrackpad64\AppleWTP64.inf ...
2026-09-27 04:55:58, Info                         PnPIBS: The class GUID for INF E:\$WinPEDriver$\AsixSetup64\AppleUSBEthernet.inf is 4d36e972-e325-11ce-bfc1-08002be10318
2026-09-27 04:55:58, Info                         PnPIBS: The class GUID 4d36e972-e325-11ce-bfc1-08002be10318 is not boot-critical.
2026-09-27 04:55:58, Info                         PnPIBS: The driver E:\$WinPEDriver$\AsixSetup64\AppleUSBEthernet.inf is not boot-critical and hence it will not be installed.
2026-09-27 04:55:58, Info                         PnPIBS: The class GUID for INF E:\$WinPEDriver$\BroadcomBluetooth64\BtwSerialBus-dev.inf is 4d36e97d-e325-11ce-bfc1-08002be10318
2026-09-27 04:55:58, Info                         PnPIBS: The class GUID 4d36e97d-e325-11ce-bfc1-08002be10318 is boot-critical.
2026-09-27 04:55:58, Info                         PnPIBS: The driver E:\$WinPEDriver$\BroadcomBluetooth64\BtwSerialBus-dev.inf is boot-critical.
2026-09-27 04:55:58, Info                         PnPIBS: Importing driver E:\$WinPEDriver$\BroadcomBluetooth64\BtwSerialBus-dev.inf ...
2026-09-27 04:55:58, Info                         PnPIBS: The class GUID for INF E:\$WinPEDriver$\BroadcomBluetoothHID64\UheBtHid.inf is 745a17a0-74d3-11d0-b6fe-00a0c90f57da
2026-09-27 04:55:58, Info                         PnPIBS: The class GUID 745a17a0-74d3-11d0-b6fe-00a0c90f57da is boot-critical.
2026-09-27 04:55:58, Info                         PnPIBS: The driver E:\$WinPEDriver$\BroadcomBluetoothHID64\UheBtHid.inf is boot-critical.
2026-09-27 04:55:58, Info                         PnPIBS: Importing driver E:\$WinPEDriver$\BroadcomBluetoothHID64\UheBtHid.inf ...
2026-09-27 04:55:58, Info                         PnPIBS: The class GUID for INF E:\$WinPEDriver$\BroadcomBluetoothHID64\UheSerialBus.inf is 4d36e97d-e325-11ce-bfc1-08002be10318
2026-09-27 04:55:58, Info                         PnPIBS: The class GUID 4d36e97d-e325-11ce-bfc1-08002be10318 is boot-critical.
2026-09-27 04:55:58, Info                         PnPIBS: The driver E:\$WinPEDriver$\BroadcomBluetoothHID64\UheSerialBus.inf is boot-critical.
2026-09-27 04:55:58, Info                         PnPIBS: Importing driver E:\$WinPEDriver$\BroadcomBluetoothHID64\UheSerialBus.inf ...
2026-09-27 04:55:58, Info                         PnPIBS: The class GUID for INF E:\$WinPEDriver$\BroadcomCardReader64\bScsiSDa.inf is 4d36e97d-e325-11ce-bfc1-08002be10318
2026-09-27 04:55:58, Info                         PnPIBS: The class GUID 4d36e97d-e325-11ce-bfc1-08002be10318 is boot-critical.
2026-09-27 04:55:58, Info                         PnPIBS: The driver E:\$WinPEDriver$\BroadcomCardReader64\bScsiSDa.inf is boot-critical.
2026-09-27 04:55:58, Info                         PnPIBS: Importing driver E:\$WinPEDriver$\BroadcomCardReader64\bScsiSDa.inf ...
2026-09-27 04:55:59, Info                         PnPIBS: The class GUID for INF E:\$WinPEDriver$\BroadcomComController64\B57Ports.inf is 4d36e972-e325-11ce-bfc1-08002be10318
2026-09-27 04:55:59, Info                         PnPIBS: The class GUID 4d36e972-e325-11ce-bfc1-08002be10318 is not boot-critical.
2026-09-27 04:55:59, Info                         PnPIBS: The driver E:\$WinPEDriver$\BroadcomComController64\B57Ports.inf is not boot-critical and hence it will not be installed.
2026-09-27 04:55:59, Info                         PnPIBS: The class GUID for INF E:\$WinPEDriver$\BroadcomEthernet64\b57nd60a.inf is 4d36e972-e325-11ce-bfc1-08002be10318
2026-09-27 04:55:59, Info                         PnPIBS: The class GUID 4d36e972-e325-11ce-bfc1-08002be10318 is not boot-critical.
2026-09-27 04:55:59, Info                         PnPIBS: The driver E:\$WinPEDriver$\BroadcomEthernet64\b57nd60a.inf is not boot-critical and hence it will not be installed.
2026-09-27 04:55:59, Info                         PnPIBS: The class GUID for INF E:\$WinPEDriver$\BroadcomWirelessWin8x64\bcmwl63.inf is 4d36e972-e325-11ce-bfc1-08002be10318
2026-09-27 04:55:59, Info                         PnPIBS: The class GUID 4d36e972-e325-11ce-bfc1-08002be10318 is not boot-critical.
2026-09-27 04:55:59, Info                         PnPIBS: The driver E:\$WinPEDriver$\BroadcomWirelessWin8x64\bcmwl63.inf is not boot-critical and hence it will not be installed.
2026-09-27 04:55:59, Info                         PnPIBS: The class GUID for INF E:\$WinPEDriver$\CirrusAudioCS4208x64\cs4208_36.inf is 4d36e96c-e325-11ce-bfc1-08002be10318
2026-09-27 04:55:59, Info                         PnPIBS: The class GUID 4d36e96c-e325-11ce-bfc1-08002be10318 is not boot-critical.
2026-09-27 04:55:59, Info                         PnPIBS: The driver E:\$WinPEDriver$\CirrusAudioCS4208x64\cs4208_36.inf is not boot-critical and hence it will not be installed.
2026-09-27 04:55:59, Info                         PnPIBS: The class GUID for INF E:\$WinPEDriver$\IntelEthernetInstaller64\e1e6232e.inf is 4d36e972-e325-11ce-bfc1-08002be10318
2026-09-27 04:55:59, Info                         PnPIBS: The class GUID 4d36e972-e325-11ce-bfc1-08002be10318 is not boot-critical.
2026-09-27 04:55:59, Info                         PnPIBS: The driver E:\$WinPEDriver$\IntelEthernetInstaller64\e1e6232e.inf is not boot-critical and hence it will not be installed.
2026-09-27 04:55:59, Info                         PnPIBS: The class GUID for INF E:\$WinPEDriver$\IntelEthernetInstaller64\e1k62x64.inf is 4d36e972-e325-11ce-bfc1-08002be10318
2026-09-27 04:55:59, Info                         PnPIBS: The class GUID 4d36e972-e325-11ce-bfc1-08002be10318 is not boot-critical.
2026-09-27 04:55:59, Info                         PnPIBS: The driver E:\$WinPEDriver$\IntelEthernetInstaller64\e1k62x64.inf is not boot-critical and hence it will not be installed.
2026-09-27 04:55:59, Info                         PnPIBS: The class GUID for INF E:\$WinPEDriver$\IntelEthernetInstaller64\e1q62x64.inf is 4d36e972-e325-11ce-bfc1-08002be10318
2026-09-27 04:55:59, Info                         PnPIBS: The class GUID 4d36e972-e325-11ce-bfc1-08002be10318 is not boot-critical.
2026-09-27 04:55:59, Info                         PnPIBS: The driver E:\$WinPEDriver$\IntelEthernetInstaller64\e1q62x64.inf is not boot-critical and hence it will not be installed.
2026-09-27 04:55:59, Info                         PnPIBS: The class GUID for INF E:\$WinPEDriver$\IntelEthernetInstaller64\e1r62x64.inf is 4d36e972-e325-11ce-bfc1-08002be10318
2026-09-27 04:55:59, Info                         PnPIBS: The class GUID 4d36e972-e325-11ce-bfc1-08002be10318 is not boot-critical.
2026-09-27 04:55:59, Info                         PnPIBS: The driver E:\$WinPEDriver$\IntelEthernetInstaller64\e1r62x64.inf is not boot-critical and hence it will not be installed.
2026-09-27 04:55:59, Info                         PnPIBS: The class GUID for INF E:\$WinPEDriver$\IntelEthernetInstaller64\e1y62x64.inf is 4d36e972-e325-11ce-bfc1-08002be10318
2026-09-27 04:55:59, Info                         PnPIBS: The class GUID 4d36e972-e325-11ce-bfc1-08002be10318 is not boot-critical.
2026-09-27 04:55:59, Info                         PnPIBS: The driver E:\$WinPEDriver$\IntelEthernetInstaller64\e1y62x64.inf is not boot-critical and hence it will not be installed.
2026-09-27 04:55:59, Info                         PnPIBS: The class GUID for INF E:\$WinPEDriver$\SerialIO\iaLPSS2_GPIO2_SKL.inf is 4d36e97d-e325-11ce-bfc1-08002be10318
2026-09-27 04:55:59, Info                         PnPIBS: The class GUID 4d36e97d-e325-11ce-bfc1-08002be10318 is boot-critical.
2026-09-27 04:55:59, Info                         PnPIBS: The driver E:\$WinPEDriver$\SerialIO\iaLPSS2_GPIO2_SKL.inf is boot-critical.
2026-09-27 04:55:59, Info                         PnPIBS: Importing driver E:\$WinPEDriver$\SerialIO\iaLPSS2_GPIO2_SKL.inf ...
2026-09-27 04:55:59, Info                         PnPIBS: The class GUID for INF E:\$WinPEDriver$\SerialIO\iaLPSS2_I2C_SKL.inf is 4d36e97d-e325-11ce-bfc1-08002be10318
2026-09-27 04:55:59, Info                         PnPIBS: The class GUID 4d36e97d-e325-11ce-bfc1-08002be10318 is boot-critical.
2026-09-27 04:55:59, Info                         PnPIBS: The driver E:\$WinPEDriver$\SerialIO\iaLPSS2_I2C_SKL.inf is boot-critical.
2026-09-27 04:55:59, Info                         PnPIBS: Importing driver E:\$WinPEDriver$\SerialIO\iaLPSS2_I2C_SKL.inf ...
2026-09-27 04:55:59, Info                         PnPIBS: The class GUID for INF E:\$WinPEDriver$\SerialIO\iaLPSS2_SPI_SKL.inf is 4d36e97d-e325-11ce-bfc1-08002be10318
2026-09-27 04:55:59, Info                         PnPIBS: The class GUID 4d36e97d-e325-11ce-bfc1-08002be10318 is boot-critical.
2026-09-27 04:55:59, Info                         PnPIBS: The driver E:\$WinPEDriver$\SerialIO\iaLPSS2_SPI_SKL.inf is boot-critical.
2026-09-27 04:55:59, Info                         PnPIBS: Importing driver E:\$WinPEDriver$\SerialIO\iaLPSS2_SPI_SKL.inf ...
2026-09-27 04:55:59, Info                         PnPIBS: The class GUID for INF E:\$WinPEDriver$\SerialIO\iaLPSS2_UART2_SKL.inf is 4d36e97d-e325-11ce-bfc1-08002be10318
2026-09-27 04:55:59, Info                         PnPIBS: The class GUID 4d36e97d-e325-11ce-bfc1-08002be10318 is boot-critical.
2026-09-27 04:55:59, Info                         PnPIBS: The driver E:\$WinPEDriver$\SerialIO\iaLPSS2_UART2_SKL.inf is boot-critical.
2026-09-27 04:55:59, Info                         PnPIBS: Importing driver E:\$WinPEDriver$\SerialIO\iaLPSS2_UART2_SKL.inf ...
2026-09-27 04:55:59, Info                         PnPIBS: The class GUID for INF E:\$WinPEDriver$\SerialIO\iaLPSS_GPIO.inf is 4d36e97d-e325-11ce-bfc1-08002be10318
2026-09-27 04:55:59, Info                         PnPIBS: The class GUID 4d36e97d-e325-11ce-bfc1-08002be10318 is boot-critical.
2026-09-27 04:55:59, Info                         PnPIBS: The driver E:\$WinPEDriver$\SerialIO\iaLPSS_GPIO.inf is boot-critical.
2026-09-27 04:55:59, Info                         PnPIBS: Importing driver E:\$WinPEDriver$\SerialIO\iaLPSS_GPIO.inf ...
2026-09-27 04:55:59, Info                         PnPIBS: The class GUID for INF E:\$WinPEDriver$\SerialIO\iaLPSS_I2C.inf is 4d36e97d-e325-11ce-bfc1-08002be10318
2026-09-27 04:55:59, Info                         PnPIBS: The class GUID 4d36e97d-e325-11ce-bfc1-08002be10318 is boot-critical.
2026-09-27 04:55:59, Info                         PnPIBS: The driver E:\$WinPEDriver$\SerialIO\iaLPSS_I2C.inf is boot-critical.
2026-09-27 04:55:59, Info                         PnPIBS: Importing driver E:\$WinPEDriver$\SerialIO\iaLPSS_I2C.inf ...
2026-09-27 04:55:59, Info                         PnPIBS: The class GUID for INF E:\$WinPEDriver$\SerialIO\iaLPSS_SPI.inf is 4d36e97d-e325-11ce-bfc1-08002be10318
2026-09-27 04:55:59, Info                         PnPIBS: The class GUID 4d36e97d-e325-11ce-bfc1-08002be10318 is boot-critical.
2026-09-27 04:55:59, Info                         PnPIBS: The driver E:\$WinPEDriver$\SerialIO\iaLPSS_SPI.inf is boot-critical.
2026-09-27 04:55:59, Info                         PnPIBS: Importing driver E:\$WinPEDriver$\SerialIO\iaLPSS_SPI.inf ...
2026-09-27 04:55:59, Info                         PnPIBS: The class GUID for INF E:\$WinPEDriver$\SerialIO\iaLPSS_UART2.inf is 4d36e97d-e325-11ce-bfc1-08002be10318
2026-09-27 04:55:59, Info                         PnPIBS: The class GUID 4d36e97d-e325-11ce-bfc1-08002be10318 is boot-critical.
2026-09-27 04:55:59, Info                         PnPIBS: The driver E:\$WinPEDriver$\SerialIO\iaLPSS_UART2.inf is boot-critical.
2026-09-27 04:55:59, Info                         PnPIBS: Importing driver E:\$WinPEDriver$\SerialIO\iaLPSS_UART2.inf ...
2026-09-27 04:55:59, Info                         PnPIBS: Installing driver X:\windows\INF\oem1.inf ...
2026-09-27 04:55:59, Info                         PnPIBS: Installing driver X:\windows\INF\oem2.inf ...
2026-09-27 04:55:59, Info                         PnPIBS: Installing driver X:\windows\INF\oem3.inf ...
2026-09-27 04:55:59, Info                         PnPIBS: Installing driver X:\windows\INF\oem4.inf ...
2026-09-27 04:55:59, Info                         PnPIBS: Installing driver X:\windows\INF\oem5.inf ...
2026-09-27 04:55:59, Info                         PnPIBS: Installing driver X:\windows\INF\oem6.inf ...
2026-09-27 04:55:59, Info                         PnPIBS: Installing driver X:\windows\INF\oem7.inf ...
2026-09-27 04:55:59, Info                         PnPIBS: Installing driver X:\windows\INF\oem8.inf ...
2026-09-27 04:55:59, Info                         PnPIBS: Installing driver X:\windows\INF\oem9.inf ...
2026-09-27 04:55:59, Info                         PnPIBS: Installing driver X:\windows\INF\oem10.inf ...
2026-09-27 04:55:59, Info                         PnPIBS: Installing driver X:\windows\INF\oem11.inf ...
2026-09-27 04:55:59, Info                         PnPIBS: Installing driver X:\windows\INF\oem12.inf ...
2026-09-27 04:55:59, Info                         PnPIBS: Installing driver X:\windows\INF\oem13.inf ...
2026-09-27 04:56:00, Info                         PnPIBS: Installing driver X:\windows\INF\oem14.inf ...
2026-09-27 04:56:00, Info                         PnPIBS: Installing driver X:\windows\INF\oem15.inf ...
2026-09-27 04:56:00, Info                         PnPIBS: Installing driver X:\windows\INF\oem16.inf ...
2026-09-27 04:56:00, Info                         PnPIBS: Installing driver X:\windows\INF\oem17.inf ...
2026-09-27 04:56:00, Info                         PnPIBS: Installing driver X:\windows\INF\oem18.inf ...
2026-09-27 04:56:00, Info                         PnPIBS: Installing driver X:\windows\INF\oem19.inf ...
2026-09-27 04:56:00, Info                         PnPIBS: Installing driver X:\windows\INF\oem20.inf ...
2026-09-27 04:56:00, Info                         PnPIBS: Installing driver X:\windows\INF\oem21.inf ...
2026-09-27 04:56:00, Info                         PnPIBS: Installing driver X:\windows\INF\oem22.inf ...
2026-09-27 04:56:00, Info                         PnPIBS: Installing driver X:\windows\INF\oem23.inf ...
2026-09-27 04:56:01, Info                         PnPIBS: Installing driver X:\windows\INF\oem24.inf ...
2026-09-27 04:56:01, Info                         PnPIBS: Installing driver X:\windows\INF\oem25.inf ...
2026-09-27 04:56:01, Info                         PnPIBS: Installing driver X:\windows\INF\oem26.inf ...
2026-09-27 04:56:01, Info                         PnPIBS: Installing driver X:\windows\INF\oem27.inf ...
2026-09-27 04:56:01, Info                         PnPIBS: Exiting PnP callback to install drivers on WinPE ...
2026-09-27 04:56:01, Info                         PnPIBS: Entering PnP callback to add drivers to the offline image ...
2026-09-27 04:56:01, Info                         PnPIBS: Checking for pre-configured driver paths ...
2026-09-27 04:56:01, Info                         PnPIBS: Checking for pre-configured driver directory C:\$WinPEDriver$.
2026-09-27 04:56:01, Info                         PnPIBS: Checking for pre-configured driver directory E:\$WinPEDriver$.
2026-09-27 04:56:01, Info                         PnPIBS: Found pre-configured driver directory E:\$WinPEDriver$.
2026-09-27 04:56:01, Info                         PnPIBS: Checking for pre-configured driver directory X:\$WinPEDriver$.
2026-09-27 04:56:01, Info                         PnPIBS: Finished checking for pre-configured driver paths.
2026-09-27 04:56:01, Info                         PnPIBS: Reading driver paths from unattend.xml ...
2026-09-27 04:56:01, Info                         PnPIBS: \$WinPEDriver$ is listed as a driver path in unattend.xml ...
2026-09-27 04:56:01, Info                         PnPIBS: Finished reading driver paths from unattend.xml.
2026-09-27 04:56:01, Info                         PnPIBS: Building the list of drivers in the path \$WinPEDriver$ ...
2026-09-27 04:56:01, Error                        PnPIBS: Error 0x3 occurred while enumerating the files and subdirectories.[gle=0x00000003]
2026-09-27 04:56:01, Info                         PnPIBS: Finished building list of drivers in the path \$WinPEDriver$.
2026-09-27 04:56:01, Info                         PnPIBS: WARNING: Could not build list of driver packages at \$WinPEDriver$.
2026-09-27 04:56:01, Info                         PnPIBS: Building the list of drivers in the path E:\$WinPEDriver$ ...
2026-09-27 04:56:01, Info                         PnPIBS: Found the directory AppleBluetoothBroadcom64.
2026-09-27 04:56:01, Info                         PnPIBS: Building the list of drivers in the path E:\$WinPEDriver$\AppleBluetoothBroadcom64 ...
2026-09-27 04:56:01, Info                         PnPIBS: Found the file AppleBTBC.cat
2026-09-27 04:56:01, Info                         PnPIBS: Skipping the file AppleBTBC.cat because it is not an INF file.
2026-09-27 04:56:01, Info                         PnPIBS: Found the file AppleBTBC.inf
2026-09-27 04:56:01, Info                         PnPIBS: Added driver E:\$WinPEDriver$\AppleBluetoothBroadcom64\AppleBTBC.inf to the list of drivers.
2026-09-27 04:56:01, Info                         PnPIBS: Found the file AppleBTBC.sys
2026-09-27 04:56:01, Info                         PnPIBS: Skipping the file AppleBTBC.sys because it is not an INF file.
2026-09-27 04:56:01, Info                         PnPIBS: Found the file ArabicLicense.txt
2026-09-27 04:56:01, Info                         PnPIBS: Skipping the file ArabicLicense.txt because it is not an INF file.
2026-09-27 04:56:01, Info                         PnPIBS: Found the file BrazilianPortugueseLicense.txt
2026-09-27 04:56:01, Info                         PnPIBS: Skipping the file BrazilianPortugueseLicense.txt because it is not an INF file.
2026-09-27 04:56:01, Info                         PnPIBS: Found the file CzechLicense.txt
2026-09-27 04:56:01, Info                         PnPIBS: Skipping the file CzechLicense.txt because it is not an INF file.
2026-09-27 04:56:01, Info                         PnPIBS: Found the file DPInst.exe
2026-09-27 04:56:01, Info                         PnPIBS: Skipping the file DPInst.exe because it is not an INF file.
2026-09-27 04:56:01, Info                         PnPIBS: Found the file DPInst.xml
2026-09-27 04:56:01, Info                         PnPIBS: Skipping the file DPInst.xml because it is not an INF file.
2026-09-27 04:56:01, Info                         PnPIBS: Found the file DanishLicense.txt
2026-09-27 04:56:01, Info                         PnPIBS: Skipping the file DanishLicense.txt because it is not an INF file.
2026-09-27 04:56:01, Info                         PnPIBS: Found the file DutchLicense.txt
2026-09-27 04:56:01, Info                         PnPIBS: Skipping the file DutchLicense.txt because it is not an INF file.
2026-09-27 04:56:01, Info                         PnPIBS: Found the file EnglishLicense.txt
2026-09-27 04:56:01, Info                         PnPIBS: Skipping the file EnglishLicense.txt because it is not an INF file.
2026-09-27 04:56:01, Info                         PnPIBS: Found the file FinnishLicense.txt
2026-09-27 04:56:01, Info                         PnPIBS: Skipping the file FinnishLicense.txt because it is not an INF file.
2026-09-27 04:56:01, Info                         PnPIBS: Found the file FrenchLicense.txt
2026-09-27 04:56:01, Info                         PnPIBS: Skipping the file FrenchLicense.txt because it is not an INF file.
2026-09-27 04:56:01, Info                         PnPIBS: Found the file GermanLicense.txt
2026-09-27 04:56:01, Info                         PnPIBS: Skipping the file GermanLicense.txt because it is not an INF file.
2026-09-27 04:56:01, Info                         PnPIBS: Found the file HungarianLicense.txt
2026-09-27 04:56:01, Info                         PnPIBS: Skipping the file HungarianLicense.txt because it is not an INF file.
2026-09-27 04:56:01, Info                         PnPIBS: Found the file ItalianLicense.txt
2026-09-27 04:56:01, Info                         PnPIBS: Skipping the file ItalianLicense.txt because it is not an INF file.
2026-09-27 04:56:01, Info                         PnPIBS: Found the file JapaneseLicense.txt
2026-09-27 04:56:01, Info                         PnPIBS: Skipping the file JapaneseLicense.txt because it is not an INF file.
2026-09-27 04:56:01, Info                         PnPIBS: Found the file KoreanLicense.txt
2026-09-27 04:56:01, Info                         PnPIBS: Skipping the file KoreanLicense.txt because it is not an INF file.
2026-09-27 04:56:01, Info                         PnPIBS: Found the file NorwegianLicense.txt
2026-09-27 04:56:01, Info                         PnPIBS: Skipping the file NorwegianLicense.txt because it is not an INF file.
2026-09-27 04:56:01, Info                         PnPIBS: Found the file PolishLicense.txt
2026-09-27 04:56:01, Info                         PnPIBS: Skipping the file PolishLicense.txt because it is not an INF file.
2026-09-27 04:56:01, Info                         PnPIBS: Found the file PortugueseLicense.txt
2026-09-27 04:56:01, Info                         PnPIBS: Skipping the file PortugueseLicense.txt because it is not an INF file.
2026-09-27 04:56:01, Info                         PnPIBS: Found the file RussianLicense.txt
2026-09-27 04:56:01, Info                         PnPIBS: Skipping the file RussianLicense.txt because it is not an INF file.
2026-09-27 04:56:01, Info                         PnPIBS: Found the file SimplifiedChineseLicense.txt
2026-09-27 04:56:01, Info                         PnPIBS: Skipping the file SimplifiedChineseLicense.txt because it is not an INF file.
2026-09-27 04:56:01, Info                         PnPIBS: Found the file SpanishLicense.txt
2026-09-27 04:56:01, Info                         PnPIBS: Skipping the file SpanishLicense.txt because it is not an INF file.
2026-09-27 04:56:01, Info                         PnPIBS: Found the file SwedishLicense.txt
2026-09-27 04:56:01, Info                         PnPIBS: Skipping the file SwedishLicense.txt because it is not an INF file.
2026-09-27 04:56:01, Info                         PnPIBS: Found the file TraditionalChineseLicense.txt
2026-09-27 04:56:01, Info                         PnPIBS: Skipping the file TraditionalChineseLicense.txt because it is not an INF file.
2026-09-27 04:56:01, Info                         PnPIBS: Found the file TurkishLicense.txt
2026-09-27 04:56:01, Info                         PnPIBS: Skipping the file TurkishLicense.txt because it is not an INF file.
2026-09-27 04:56:01, Info                         PnPIBS: Found the file WdfCoinstaller01011.dll
2026-09-27 04:56:01, Info                         PnPIBS: Skipping the file WdfCoinstaller01011.dll because it is not an INF file.
2026-09-27 04:56:01, Info                         PnPIBS: Finished building list of drivers in the path E:\$WinPEDriver$\AppleBluetoothBroadcom64.
2026-09-27 04:56:01, Info                         PnPIBS: Found the directory AppleCamera64.
2026-09-27 04:56:01, Info                         PnPIBS: Building the list of drivers in the path E:\$WinPEDriver$\AppleCamera64 ...
2026-09-27 04:56:01, Info                         PnPIBS: Found the file AppleCamera.sys
2026-09-27 04:56:01, Info                         PnPIBS: Skipping the file AppleCamera.sys because it is not an INF file.
2026-09-27 04:56:01, Info                         PnPIBS: Found the file AppleCamera64.cat
2026-09-27 04:56:01, Info                         PnPIBS: Skipping the file AppleCamera64.cat because it is not an INF file.
2026-09-27 04:56:01, Info                         PnPIBS: Found the file AppleCamera64.inf
2026-09-27 04:56:01, Info                         PnPIBS: Added driver E:\$WinPEDriver$\AppleCamera64\AppleCamera64.inf to the list of drivers.
2026-09-27 04:56:01, Info                         PnPIBS: Found the file ArabicLicense.txt
2026-09-27 04:56:01, Info                         PnPIBS: Skipping the file ArabicLicense.txt because it is not an INF file.
2026-09-27 04:56:01, Info                         PnPIBS: Found the file BrazilianPortugueseLicense.txt
2026-09-27 04:56:01, Info                         PnPIBS: Skipping the file BrazilianPortugueseLicense.txt because it is not an INF file.
2026-09-27 04:56:01, Info                         PnPIBS: Found the file CzechLicense.txt
2026-09-27 04:56:01, Info                         PnPIBS: Skipping the file CzechLicense.txt because it is not an INF file.
2026-09-27 04:56:01, Info                         PnPIBS: Found the file DPInst.exe
2026-09-27 04:56:01, Info                         PnPIBS: Skipping the file DPInst.exe because it is not an INF file.
2026-09-27 04:56:01, Info                         PnPIBS: Found the file DPInst.xml
2026-09-27 04:56:01, Info                         PnPIBS: Skipping the file DPInst.xml because it is not an INF file.
2026-09-27 04:56:01, Info                         PnPIBS: Found the file DanishLicense.txt
2026-09-27 04:56:01, Info                         PnPIBS: Skipping the file DanishLicense.txt because it is not an INF file.
2026-09-27 04:56:01, Info                         PnPIBS: Found the file DutchLicense.txt
2026-09-27 04:56:01, Info                         PnPIBS: Skipping the file DutchLicense.txt because it is not an INF file.
2026-09-27 04:56:01, Info                         PnPIBS: Found the file EnglishLicense.txt
2026-09-27 04:56:01, Info                         PnPIBS: Skipping the file EnglishLicense.txt because it is not an INF file.
2026-09-27 04:56:01, Info                         PnPIBS: Found the file FinnishLicense.txt
2026-09-27 04:56:01, Info                         PnPIBS: Skipping the file FinnishLicense.txt because it is not an INF file.
2026-09-27 04:56:01, Info                         PnPIBS: Found the file FrenchLicense.txt
2026-09-27 04:56:01, Info                         PnPIBS: Skipping the file FrenchLicense.txt because it is not an INF file.
2026-09-27 04:56:01, Info                         PnPIBS: Found the file GermanLicense.txt
2026-09-27 04:56:01, Info                         PnPIBS: Skipping the file GermanLicense.txt because it is not an INF file.
2026-09-27 04:56:01, Info                         PnPIBS: Found the file HungarianLicense.txt
2026-09-27 04:56:01, Info                         PnPIBS: Skipping the file HungarianLicense.txt because it is not an INF file.
2026-09-27 04:56:01, Info                         PnPIBS: Found the file ItalianLicense.txt
2026-09-27 04:56:01, Info                         PnPIBS: Skipping the file ItalianLicense.txt because it is not an INF file.
2026-09-27 04:56:01, Info                         PnPIBS: Found the file JapaneseLicense.txt
2026-09-27 04:56:01, Info                         PnPIBS: Skipping the file JapaneseLicense.txt because it is not an INF file.
2026-09-27 04:56:01, Info                         PnPIBS: Found the file KoreanLicense.txt
2026-09-27 04:56:01, Info                         PnPIBS: Skipping the file KoreanLicense.txt because it is not an INF file.
2026-09-27 04:56:01, Info                         PnPIBS: Found the file NorwegianLicense.txt
2026-09-27 04:56:01, Info                         PnPIBS: Skipping the file NorwegianLicense.txt because it is not an INF file.
2026-09-27 04:56:01, Info                         PnPIBS: Found the file PolishLicense.txt
2026-09-27 04:56:01, Info                         PnPIBS: Skipping the file PolishLicense.txt because it is not an INF file.
2026-09-27 04:56:01, Info                         PnPIBS: Found the file PortugueseLicense.txt
2026-09-27 04:56:01, Info                         PnPIBS: Skipping the file PortugueseLicense.txt because it is not an INF file.
2026-09-27 04:56:01, Info                         PnPIBS: Found the file RussianLicense.txt
2026-09-27 04:56:01, Info                         PnPIBS: Skipping the file RussianLicense.txt because it is not an INF file.
2026-09-27 04:56:01, Info                         PnPIBS: Found the file SimplifiedChineseLicense.txt
2026-09-27 04:56:01, Info                         PnPIBS: Skipping the file SimplifiedChineseLicense.txt because it is not an INF file.
2026-09-27 04:56:01, Info                         PnPIBS: Found the file SpanishLicense.txt
2026-09-27 04:56:01, Info                         PnPIBS: Skipping the file SpanishLicense.txt because it is not an INF file.
2026-09-27 04:56:01, Info                         PnPIBS: Found the file SwedishLicense.txt
2026-09-27 04:56:01, Info                         PnPIBS: Skipping the file SwedishLicense.txt because it is not an INF file.
2026-09-27 04:56:01, Info                         PnPIBS: Found the file TraditionalChineseLicense.txt
2026-09-27 04:56:01, Info                         PnPIBS: Skipping the file TraditionalChineseLicense.txt because it is not an INF file.
2026-09-27 04:56:01, Info                         PnPIBS: Found the file TurkishLicense.txt
2026-09-27 04:56:01, Info                         PnPIBS: Skipping the file TurkishLicense.txt because it is not an INF file.
2026-09-27 04:56:01, Info                         PnPIBS: Finished building list of drivers in the path E:\$WinPEDriver$\AppleCamera64.
2026-09-27 04:56:01, Info                         PnPIBS: Found the directory AppleDFR64.
2026-09-27 04:56:01, Info                         PnPIBS: Building the list of drivers in the path E:\$WinPEDriver$\AppleDFR64 ...
2026-09-27 04:56:01, Info                         PnPIBS: Found the file AppleDFR.cat
2026-09-27 04:56:01, Info                         PnPIBS: Skipping the file AppleDFR.cat because it is not an INF file.
2026-09-27 04:56:01, Info                         PnPIBS: Found the file AppleDFR.inf
2026-09-27 04:56:01, Info                         PnPIBS: Added driver E:\$WinPEDriver$\AppleDFR64\AppleDFR.inf to the list of drivers.
2026-09-27 04:56:01, Info                         PnPIBS: Found the file AppleDFR.sys
2026-09-27 04:56:01, Info                         PnPIBS: Skipping the file AppleDFR.sys because it is not an INF file.
2026-09-27 04:56:01, Info                         PnPIBS: Found the file ArabicLicense.txt
2026-09-27 04:56:01, Info                         PnPIBS: Skipping the file ArabicLicense.txt because it is not an INF file.
2026-09-27 04:56:01, Info                         PnPIBS: Found the file BrazilianPortugueseLicense.txt
2026-09-27 04:56:01, Info                         PnPIBS: Skipping the file BrazilianPortugueseLicense.txt because it is not an INF file.
2026-09-27 04:56:01, Info                         PnPIBS: Found the file CzechLicense.txt
2026-09-27 04:56:01, Info                         PnPIBS: Skipping the file CzechLicense.txt because it is not an INF file.
2026-09-27 04:56:01, Info                         PnPIBS: Found the file DPInst.exe
2026-09-27 04:56:01, Info                         PnPIBS: Skipping the file DPInst.exe because it is not an INF file.
2026-09-27 04:56:01, Info                         PnPIBS: Found the file DPInst.xml
2026-09-27 04:56:01, Info                         PnPIBS: Skipping the file DPInst.xml because it is not an INF file.
2026-09-27 04:56:01, Info                         PnPIBS: Found the file DanishLicense.txt
2026-09-27 04:56:01, Info                         PnPIBS: Skipping the file DanishLicense.txt because it is not an INF file.
2026-09-27 04:56:01, Info                         PnPIBS: Found the file DutchLicense.txt
2026-09-27 04:56:01, Info                         PnPIBS: Skipping the file DutchLicense.txt because it is not an INF file.
2026-09-27 04:56:01, Info                         PnPIBS: Found the file EnglishLicense.txt
2026-09-27 04:56:01, Info                         PnPIBS: Skipping the file EnglishLicense.txt because it is not an INF file.
2026-09-27 04:56:01, Info                         PnPIBS: Found the file FinnishLicense.txt
2026-09-27 04:56:01, Info                         PnPIBS: Skipping the file FinnishLicense.txt because it is not an INF file.
2026-09-27 04:56:01, Info                         PnPIBS: Found the file FrenchLicense.txt
2026-09-27 04:56:01, Info                         PnPIBS: Skipping the file FrenchLicense.txt because it is not an INF file.
2026-09-27 04:56:01, Info                         PnPIBS: Found the file GermanLicense.txt
2026-09-27 04:56:01, Info                         PnPIBS: Skipping the file GermanLicense.txt because it is not an INF file.
2026-09-27 04:56:01, Info                         PnPIBS: Found the file HungarianLicense.txt
2026-09-27 04:56:01, Info                         PnPIBS: Skipping the file HungarianLicense.txt because it is not an INF file.
2026-09-27 04:56:01, Info                         PnPIBS: Found the file ItalianLicense.txt
2026-09-27 04:56:01, Info                         PnPIBS: Skipping the file ItalianLicense.txt because it is not an INF file.
2026-09-27 04:56:01, Info                         PnPIBS: Found the file JapaneseLicense.txt
2026-09-27 04:56:01, Info                         PnPIBS: Skipping the file JapaneseLicense.txt because it is not an INF file.
2026-09-27 04:56:01, Info                         PnPIBS: Found the file KoreanLicense.txt
2026-09-27 04:56:01, Info                         PnPIBS: Skipping the file KoreanLicense.txt because it is not an INF file.
2026-09-27 04:56:01, Info                         PnPIBS: Found the file NorwegianLicense.txt
2026-09-27 04:56:01, Info                         PnPIBS: Skipping the file NorwegianLicense.txt because it is not an INF file.
2026-09-27 04:56:01, Info                         PnPIBS: Found the file PolishLicense.txt
2026-09-27 04:56:01, Info                         PnPIBS: Skipping the file PolishLicense.txt because it is not an INF file.
2026-09-27 04:56:01, Info                         PnPIBS: Found the file PortugueseLicense.txt
2026-09-27 04:56:01, Info                         PnPIBS: Skipping the file PortugueseLicense.txt because it is not an INF file.
2026-09-27 04:56:01, Info                         PnPIBS: Found the file RussianLicense.txt
2026-09-27 04:56:01, Info                         PnPIBS: Skipping the file RussianLicense.txt because it is not an INF file.
2026-09-27 04:56:01, Info                         PnPIBS: Found the file SimplifiedChineseLicense.txt
2026-09-27 04:56:01, Info                         PnPIBS: Skipping the file SimplifiedChineseLicense.txt because it is not an INF file.
2026-09-27 04:56:01, Info                         PnPIBS: Found the file SpanishLicense.txt
2026-09-27 04:56:01, Info                         PnPIBS: Skipping the file SpanishLicense.txt because it is not an INF file.
2026-09-27 04:56:01, Info                         PnPIBS: Found the file SwedishLicense.txt
2026-09-27 04:56:01, Info                         PnPIBS: Skipping the file SwedishLicense.txt because it is not an INF file.
2026-09-27 04:56:01, Info                         PnPIBS: Found the file TraditionalChineseLicense.txt
2026-09-27 04:56:01, Info                         PnPIBS: Skipping the file TraditionalChineseLicense.txt because it is not an INF file.
2026-09-27 04:56:01, Info                         PnPIBS: Found the file TurkishLicense.txt
2026-09-27 04:56:01, Info                         PnPIBS: Skipping the file TurkishLicense.txt because it is not an INF file.
2026-09-27 04:56:01, Info                         PnPIBS: Finished building list of drivers in the path E:\$WinPEDriver$\AppleDFR64.
2026-09-27 04:56:01, Info                         PnPIBS: Found the directory AppleDisplayInstaller64.
2026-09-27 04:56:01, Info                         PnPIBS: Building the list of drivers in the path E:\$WinPEDriver$\AppleDisplayInstaller64 ...
2026-09-27 04:56:01, Info                         PnPIBS: Found the file ArabicLicense.txt
2026-09-27 04:56:01, Info                         PnPIBS: Skipping the file ArabicLicense.txt because it is not an INF file.
2026-09-27 04:56:01, Info                         PnPIBS: Found the file BrazilianPortugueseLicense.txt
2026-09-27 04:56:01, Info                         PnPIBS: Skipping the file BrazilianPortugueseLicense.txt because it is not an INF file.
2026-09-27 04:56:01, Info                         PnPIBS: Found the file CzechLicense.txt
2026-09-27 04:56:01, Info                         PnPIBS: Skipping the file CzechLicense.txt because it is not an INF file.
2026-09-27 04:56:01, Info                         PnPIBS: Found the file DPInst.exe
2026-09-27 04:56:01, Info                         PnPIBS: Skipping the file DPInst.exe because it is not an INF file.
2026-09-27 04:56:01, Info                         PnPIBS: Found the file DPInst.xml
2026-09-27 04:56:01, Info                         PnPIBS: Skipping the file DPInst.xml because it is not an INF file.
2026-09-27 04:56:01, Info                         PnPIBS: Found the file DanishLicense.txt
2026-09-27 04:56:01, Info                         PnPIBS: Skipping the file DanishLicense.txt because it is not an INF file.
2026-09-27 04:56:01, Info                         PnPIBS: Found the file DutchLicense.txt
2026-09-27 04:56:01, Info                         PnPIBS: Skipping the file DutchLicense.txt because it is not an INF file.
2026-09-27 04:56:01, Info                         PnPIBS: Found the file EnglishLicense.txt
2026-09-27 04:56:01, Info                         PnPIBS: Skipping the file EnglishLicense.txt because it is not an INF file.
2026-09-27 04:56:01, Info                         PnPIBS: Found the file FinnishLicense.txt
2026-09-27 04:56:01, Info                         PnPIBS: Skipping the file FinnishLicense.txt because it is not an INF file.
2026-09-27 04:56:01, Info                         PnPIBS: Found the file FrenchLicense.txt
2026-09-27 04:56:01, Info                         PnPIBS: Skipping the file FrenchLicense.txt because it is not an INF file.
2026-09-27 04:56:01, Info                         PnPIBS: Found the file GermanLicense.txt
2026-09-27 04:56:01, Info                         PnPIBS: Skipping the file GermanLicense.txt because it is not an INF file.
2026-09-27 04:56:01, Info                         PnPIBS: Found the file HungarianLicense.txt
2026-09-27 04:56:01, Info                         PnPIBS: Skipping the file HungarianLicense.txt because it is not an INF file.
2026-09-27 04:56:01, Info                         PnPIBS: Found the file ItalianLicense.txt
2026-09-27 04:56:01, Info                         PnPIBS: Skipping the file ItalianLicense.txt because it is not an INF file.
2026-09-27 04:56:01, Info                         PnPIBS: Found the file JapaneseLicense.txt
2026-09-27 04:56:01, Info                         PnPIBS: Skipping the file JapaneseLicense.txt because it is not an INF file.
2026-09-27 04:56:01, Info                         PnPIBS: Found the file KoreanLicense.txt
2026-09-27 04:56:01, Info                         PnPIBS: Skipping the file KoreanLicense.txt because it is not an INF file.
2026-09-27 04:56:01, Info                         PnPIBS: Found the file NorwegianLicense.txt
2026-09-27 04:56:01, Info                         PnPIBS: Skipping the file NorwegianLicense.txt because it is not an INF file.
2026-09-27 04:56:01, Info                         PnPIBS: Found the file PolishLicense.txt
2026-09-27 04:56:01, Info                         PnPIBS: Skipping the file PolishLicense.txt because it is not an INF file.
2026-09-27 04:56:01, Info                         PnPIBS: Found the file PortugueseLicense.txt
2026-09-27 04:56:01, Info                         PnPIBS: Skipping the file PortugueseLicense.txt because it is not an INF file.
2026-09-27 04:56:01, Info                         PnPIBS: Found the file RussianLicense.txt
2026-09-27 04:56:01, Info                         PnPIBS: Skipping the file RussianLicense.txt because it is not an INF file.
2026-09-27 04:56:01, Info                         PnPIBS: Found the file SimplifiedChineseLicense.txt
2026-09-27 04:56:01, Info                         PnPIBS: Skipping the file SimplifiedChineseLicense.txt because it is not an INF file.
2026-09-27 04:56:01, Info                         PnPIBS: Found the file SpanishLicense.txt
2026-09-27 04:56:01, Info                         PnPIBS: Skipping the file SpanishLicense.txt because it is not an INF file.
2026-09-27 04:56:01, Info                         PnPIBS: Found the file SwedishLicense.txt
2026-09-27 04:56:01, Info                         PnPIBS: Skipping the file SwedishLicense.txt because it is not an INF file.
2026-09-27 04:56:01, Info                         PnPIBS: Found the file TraditionalChineseLicense.txt
2026-09-27 04:56:01, Info                         PnPIBS: Skipping the file TraditionalChineseLicense.txt because it is not an INF file.
2026-09-27 04:56:01, Info                         PnPIBS: Found the file TurkishLicense.txt
2026-09-27 04:56:01, Info                         PnPIBS: Skipping the file TurkishLicense.txt because it is not an INF file.
2026-09-27 04:56:01, Info                         PnPIBS: Found the file WdfCoInstaller01005.dll
2026-09-27 04:56:01, Info                         PnPIBS: Skipping the file WdfCoInstaller01005.dll because it is not an INF file.
2026-09-27 04:56:01, Info                         PnPIBS: Found the file aaplmonf.sys
2026-09-27 04:56:01, Info                         PnPIBS: Skipping the file aaplmonf.sys because it is not an INF file.
2026-09-27 04:56:01, Info                         PnPIBS: Found the file aaplmonf64.cat
2026-09-27 04:56:01, Info                         PnPIBS: Skipping the file aaplmonf64.cat because it is not an INF file.
2026-09-27 04:56:01, Info                         PnPIBS: Found the file aaplmonf64.inf
2026-09-27 04:56:01, Info                         PnPIBS: Added driver E:\$WinPEDriver$\AppleDisplayInstaller64\aaplmonf64.inf to the list of drivers.
2026-09-27 04:56:01, Info                         PnPIBS: Finished building list of drivers in the path E:\$WinPEDriver$\AppleDisplayInstaller64.
2026-09-27 04:56:01, Info                         PnPIBS: Found the directory AppleKeyboardInstaller64.
2026-09-27 04:56:01, Info                         PnPIBS: Building the list of drivers in the path E:\$WinPEDriver$\AppleKeyboardInstaller64 ...
2026-09-27 04:56:01, Info                         PnPIBS: Found the file ArabicLicense.txt
2026-09-27 04:56:01, Info                         PnPIBS: Skipping the file ArabicLicense.txt because it is not an INF file.
2026-09-27 04:56:01, Info                         PnPIBS: Found the file BrazilianPortugueseLicense.txt
2026-09-27 04:56:01, Info                         PnPIBS: Skipping the file BrazilianPortugueseLicense.txt because it is not an INF file.
2026-09-27 04:56:01, Info                         PnPIBS: Found the file CzechLicense.txt
2026-09-27 04:56:01, Info                         PnPIBS: Skipping the file CzechLicense.txt because it is not an INF file.
2026-09-27 04:56:01, Info                         PnPIBS: Found the file DPInst.exe
2026-09-27 04:56:01, Info                         PnPIBS: Skipping the file DPInst.exe because it is not an INF file.
2026-09-27 04:56:01, Info                         PnPIBS: Found the file DPInst.xml
2026-09-27 04:56:01, Info                         PnPIBS: Skipping the file DPInst.xml because it is not an INF file.
2026-09-27 04:56:01, Info                         PnPIBS: Found the file DanishLicense.txt
2026-09-27 04:56:01, Info                         PnPIBS: Skipping the file DanishLicense.txt because it is not an INF file.
2026-09-27 04:56:01, Info                         PnPIBS: Found the file DutchLicense.txt
2026-09-27 04:56:01, Info                         PnPIBS: Skipping the file DutchLicense.txt because it is not an INF file.
2026-09-27 04:56:01, Info                         PnPIBS: Found the file EnglishLicense.txt
2026-09-27 04:56:01, Info                         PnPIBS: Skipping the file EnglishLicense.txt because it is not an INF file.
2026-09-27 04:56:01, Info                         PnPIBS: Found the file FinnishLicense.txt
2026-09-27 04:56:01, Info                         PnPIBS: Skipping the file FinnishLicense.txt because it is not an INF file.
2026-09-27 04:56:01, Info                         PnPIBS: Found the file FrenchLicense.txt
2026-09-27 04:56:01, Info                         PnPIBS: Skipping the file FrenchLicense.txt because it is not an INF file.
2026-09-27 04:56:01, Info                         PnPIBS: Found the file GermanLicense.txt
2026-09-27 04:56:01, Info                         PnPIBS: Skipping the file GermanLicense.txt because it is not an INF file.
2026-09-27 04:56:01, Info                         PnPIBS: Found the file HungarianLicense.txt
2026-09-27 04:56:01, Info                         PnPIBS: Skipping the file HungarianLicense.txt because it is not an INF file.
2026-09-27 04:56:01, Info                         PnPIBS: Found the file ItalianLicense.txt
2026-09-27 04:56:01, Info                         PnPIBS: Skipping the file ItalianLicense.txt because it is not an INF file.
2026-09-27 04:56:01, Info                         PnPIBS: Found the file JapaneseLicense.txt
2026-09-27 04:56:01, Info                         PnPIBS: Skipping the file JapaneseLicense.txt because it is not an INF file.
2026-09-27 04:56:01, Info                         PnPIBS: Found the file Keymagic.sys
2026-09-27 04:56:01, Info                         PnPIBS: Skipping the file Keymagic.sys because it is not an INF file.
2026-09-27 04:56:01, Info                         PnPIBS: Found the file Keymagic64.cat
2026-09-27 04:56:01, Info                         PnPIBS: Skipping the file Keymagic64.cat because it is not an INF file.
2026-09-27 04:56:01, Info                         PnPIBS: Found the file Keymagic64.inf
2026-09-27 04:56:01, Info                         PnPIBS: Added driver E:\$WinPEDriver$\AppleKeyboardInstaller64\Keymagic64.inf to the list of drivers.
2026-09-27 04:56:01, Info                         PnPIBS: Found the file KoreanLicense.txt
2026-09-27 04:56:01, Info                         PnPIBS: Skipping the file KoreanLicense.txt because it is not an INF file.
2026-09-27 04:56:01, Info                         PnPIBS: Found the file NorwegianLicense.txt
2026-09-27 04:56:01, Info                         PnPIBS: Skipping the file NorwegianLicense.txt because it is not an INF file.
2026-09-27 04:56:01, Info                         PnPIBS: Found the file PolishLicense.txt
2026-09-27 04:56:01, Info                         PnPIBS: Skipping the file PolishLicense.txt because it is not an INF file.
2026-09-27 04:56:01, Info                         PnPIBS: Found the file PortugueseLicense.txt
2026-09-27 04:56:01, Info                         PnPIBS: Skipping the file PortugueseLicense.txt because it is not an INF file.
2026-09-27 04:56:01, Info                         PnPIBS: Found the file RussianLicense.txt
2026-09-27 04:56:01, Info                         PnPIBS: Skipping the file RussianLicense.txt because it is not an INF file.
2026-09-27 04:56:01, Info                         PnPIBS: Found the file SimplifiedChineseLicense.txt
2026-09-27 04:56:01, Info                         PnPIBS: Skipping the file SimplifiedChineseLicense.txt because it is not an INF file.
2026-09-27 04:56:01, Info                         PnPIBS: Found the file SpanishLicense.txt
2026-09-27 04:56:01, Info                         PnPIBS: Skipping the file SpanishLicense.txt because it is not an INF file.
2026-09-27 04:56:01, Info                         PnPIBS: Found the file SwedishLicense.txt
2026-09-27 04:56:01, Info                         PnPIBS: Skipping the file SwedishLicense.txt because it is not an INF file.
2026-09-27 04:56:01, Info                         PnPIBS: Found the file TraditionalChineseLicense.txt
2026-09-27 04:56:01, Info                         PnPIBS: Skipping the file TraditionalChineseLicense.txt because it is not an INF file.
2026-09-27 04:56:01, Info                         PnPIBS: Found the file TurkishLicense.txt
2026-09-27 04:56:01, Info                         PnPIBS: Skipping the file TurkishLicense.txt because it is not an INF file.
2026-09-27 04:56:01, Info                         PnPIBS: Found the file WdfCoinstaller01011.dll
2026-09-27 04:56:01, Info                         PnPIBS: Skipping the file WdfCoinstaller01011.dll because it is not an INF file.
2026-09-27 04:56:01, Info                         PnPIBS: Finished building list of drivers in the path E:\$WinPEDriver$\AppleKeyboardInstaller64.
2026-09-27 04:56:01, Info                         PnPIBS: Found the directory AppleMultiTouchTrackPadInstaller64.
2026-09-27 04:56:01, Info                         PnPIBS: Building the list of drivers in the path E:\$WinPEDriver$\AppleMultiTouchTrackPadInstaller64 ...
2026-09-27 04:56:01, Info                         PnPIBS: Found the file AppleMTP.sys
2026-09-27 04:56:01, Info                         PnPIBS: Skipping the file AppleMTP.sys because it is not an INF file.
2026-09-27 04:56:01, Info                         PnPIBS: Found the file AppleMTP64.cat
2026-09-27 04:56:01, Info                         PnPIBS: Skipping the file AppleMTP64.cat because it is not an INF file.
2026-09-27 04:56:01, Info                         PnPIBS: Found the file AppleMTP64.inf
2026-09-27 04:56:01, Info                         PnPIBS: Added driver E:\$WinPEDriver$\AppleMultiTouchTrackPadInstaller64\AppleMTP64.inf to the list of drivers.
2026-09-27 04:56:01, Info                         PnPIBS: Found the file ArabicLicense.txt
2026-09-27 04:56:01, Info                         PnPIBS: Skipping the file ArabicLicense.txt because it is not an INF file.
2026-09-27 04:56:01, Info                         PnPIBS: Found the file BrazilianPortugueseLicense.txt
2026-09-27 04:56:01, Info                         PnPIBS: Skipping the file BrazilianPortugueseLicense.txt because it is not an INF file.
2026-09-27 04:56:01, Info                         PnPIBS: Found the file CzechLicense.txt
2026-09-27 04:56:01, Info                         PnPIBS: Skipping the file CzechLicense.txt because it is not an INF file.
2026-09-27 04:56:01, Info                         PnPIBS: Found the file DPInst.exe
2026-09-27 04:56:01, Info                         PnPIBS: Skipping the file DPInst.exe because it is not an INF file.
2026-09-27 04:56:01, Info                         PnPIBS: Found the file DPInst.xml
2026-09-27 04:56:01, Info                         PnPIBS: Skipping the file DPInst.xml because it is not an INF file.
2026-09-27 04:56:01, Info                         PnPIBS: Found the file DanishLicense.txt
2026-09-27 04:56:01, Info                         PnPIBS: Skipping the file DanishLicense.txt because it is not an INF file.
2026-09-27 04:56:01, Info                         PnPIBS: Found the file DutchLicense.txt
2026-09-27 04:56:01, Info                         PnPIBS: Skipping the file DutchLicense.txt because it is not an INF file.
2026-09-27 04:56:01, Info                         PnPIBS: Found the file EnglishLicense.txt
2026-09-27 04:56:01, Info                         PnPIBS: Skipping the file EnglishLicense.txt because it is not an INF file.
2026-09-27 04:56:01, Info                         PnPIBS: Found the file FinnishLicense.txt
2026-09-27 04:56:01, Info                         PnPIBS: Skipping the file FinnishLicense.txt because it is not an INF file.
2026-09-27 04:56:01, Info                         PnPIBS: Found the file FrenchLicense.txt
2026-09-27 04:56:01, Info                         PnPIBS: Skipping the file FrenchLicense.txt because it is not an INF file.
2026-09-27 04:56:01, Info                         PnPIBS: Found the file GermanLicense.txt
2026-09-27 04:56:01, Info                         PnPIBS: Skipping the file GermanLicense.txt because it is not an INF file.
2026-09-27 04:56:01, Info                         PnPIBS: Found the file HungarianLicense.txt
2026-09-27 04:56:01, Info                         PnPIBS: Skipping the file HungarianLicense.txt because it is not an INF file.
2026-09-27 04:56:01, Info                         PnPIBS: Found the file ItalianLicense.txt
2026-09-27 04:56:01, Info                         PnPIBS: Skipping the file ItalianLicense.txt because it is not an INF file.
2026-09-27 04:56:01, Info                         PnPIBS: Found the file JapaneseLicense.txt
2026-09-27 04:56:01, Info                         PnPIBS: Skipping the file JapaneseLicense.txt because it is not an INF file.
2026-09-27 04:56:01, Info                         PnPIBS: Found the file KoreanLicense.txt
2026-09-27 04:56:01, Info                         PnPIBS: Skipping the file KoreanLicense.txt because it is not an INF file.
2026-09-27 04:56:01, Info                         PnPIBS: Found the file NorwegianLicense.txt
2026-09-27 04:56:01, Info                         PnPIBS: Skipping the file NorwegianLicense.txt because it is not an INF file.
2026-09-27 04:56:01, Info                         PnPIBS: Found the file PolishLicense.txt
2026-09-27 04:56:01, Info                         PnPIBS: Skipping the file PolishLicense.txt because it is not an INF file.
2026-09-27 04:56:01, Info                         PnPIBS: Found the file PortugueseLicense.txt
2026-09-27 04:56:01, Info                         PnPIBS: Skipping the file PortugueseLicense.txt because it is not an INF file.
2026-09-27 04:56:01, Info                         PnPIBS: Found the file RussianLicense.txt
2026-09-27 04:56:01, Info                         PnPIBS: Skipping the file RussianLicense.txt because it is not an INF file.
2026-09-27 04:56:01, Info                         PnPIBS: Found the file SimplifiedChineseLicense.txt
2026-09-27 04:56:01, Info                         PnPIBS: Skipping the file SimplifiedChineseLicense.txt because it is not an INF file.
2026-09-27 04:56:01, Info                         PnPIBS: Found the file SpanishLicense.txt
2026-09-27 04:56:01, Info                         PnPIBS: Skipping the file SpanishLicense.txt because it is not an INF file.
2026-09-27 04:56:01, Info                         PnPIBS: Found the file SwedishLicense.txt
2026-09-27 04:56:01, Info                         PnPIBS: Skipping the file SwedishLicense.txt because it is not an INF file.
2026-09-27 04:56:01, Info                         PnPIBS: Found the file TraditionalChineseLicense.txt
2026-09-27 04:56:01, Info                         PnPIBS: Skipping the file TraditionalChineseLicense.txt because it is not an INF file.
2026-09-27 04:56:01, Info                         PnPIBS: Found the file TurkishLicense.txt
2026-09-27 04:56:01, Info                         PnPIBS: Skipping the file TurkishLicense.txt because it is not an INF file.
2026-09-27 04:56:01, Info                         PnPIBS: Found the file WdfCoinstaller01011.dll
2026-09-27 04:56:01, Info                         PnPIBS: Skipping the file WdfCoinstaller01011.dll because it is not an INF file.
2026-09-27 04:56:01, Info                         PnPIBS: Finished building list of drivers in the path E:\$WinPEDriver$\AppleMultiTouchTrackPadInstaller64.
2026-09-27 04:56:01, Info                         PnPIBS: Found the directory AppleMultiTouchTrackPadProInstaller64.
2026-09-27 04:56:01, Info                         PnPIBS: Building the list of drivers in the path E:\$WinPEDriver$\AppleMultiTouchTrackPadProInstaller64 ...
2026-09-27 04:56:01, Info                         PnPIBS: Found the file AppleTPP.sys
2026-09-27 04:56:01, Info                         PnPIBS: Skipping the file AppleTPP.sys because it is not an INF file.
2026-09-27 04:56:01, Info                         PnPIBS: Found the file AppleTPP64.inf
2026-09-27 04:56:01, Info                         PnPIBS: Added driver E:\$WinPEDriver$\AppleMultiTouchTrackPadProInstaller64\AppleTPP64.inf to the list of drivers.
2026-09-27 04:56:01, Info                         PnPIBS: Found the file ArabicLicense.txt
2026-09-27 04:56:01, Info                         PnPIBS: Skipping the file ArabicLicense.txt because it is not an INF file.
2026-09-27 04:56:01, Info                         PnPIBS: Found the file BrazilianPortugueseLicense.txt
2026-09-27 04:56:01, Info                         PnPIBS: Skipping the file BrazilianPortugueseLicense.txt because it is not an INF file.
2026-09-27 04:56:01, Info                         PnPIBS: Found the file CzechLicense.txt
2026-09-27 04:56:01, Info                         PnPIBS: Skipping the file CzechLicense.txt because it is not an INF file.
2026-09-27 04:56:01, Info                         PnPIBS: Found the file DPInst.exe
2026-09-27 04:56:01, Info                         PnPIBS: Skipping the file DPInst.exe because it is not an INF file.
2026-09-27 04:56:01, Info                         PnPIBS: Found the file DPInst.xml
2026-09-27 04:56:01, Info                         PnPIBS: Skipping the file DPInst.xml because it is not an INF file.
2026-09-27 04:56:01, Info                         PnPIBS: Found the file DanishLicense.txt
2026-09-27 04:56:01, Info                         PnPIBS: Skipping the file DanishLicense.txt because it is not an INF file.
2026-09-27 04:56:01, Info                         PnPIBS: Found the file DutchLicense.txt
2026-09-27 04:56:01, Info                         PnPIBS: Skipping the file DutchLicense.txt because it is not an INF file.
2026-09-27 04:56:01, Info                         PnPIBS: Found the file EnglishLicense.txt
2026-09-27 04:56:01, Info                         PnPIBS: Skipping the file EnglishLicense.txt because it is not an INF file.
2026-09-27 04:56:01, Info                         PnPIBS: Found the file FinnishLicense.txt
2026-09-27 04:56:01, Info                         PnPIBS: Skipping the file FinnishLicense.txt because it is not an INF file.
2026-09-27 04:56:01, Info                         PnPIBS: Found the file FrenchLicense.txt
2026-09-27 04:56:01, Info                         PnPIBS: Skipping the file FrenchLicense.txt because it is not an INF file.
2026-09-27 04:56:01, Info                         PnPIBS: Found the file GermanLicense.txt
2026-09-27 04:56:01, Info                         PnPIBS: Skipping the file GermanLicense.txt because it is not an INF file.
2026-09-27 04:56:01, Info                         PnPIBS: Found the file HungarianLicense.txt
2026-09-27 04:56:01, Info                         PnPIBS: Skipping the file HungarianLicense.txt because it is not an INF file.
2026-09-27 04:56:01, Info                         PnPIBS: Found the file ItalianLicense.txt
2026-09-27 04:56:01, Info                         PnPIBS: Skipping the file ItalianLicense.txt because it is not an INF file.
2026-09-27 04:56:01, Info                         PnPIBS: Found the file JapaneseLicense.txt
2026-09-27 04:56:01, Info                         PnPIBS: Skipping the file JapaneseLicense.txt because it is not an INF file.
2026-09-27 04:56:01, Info                         PnPIBS: Found the file KoreanLicense.txt
2026-09-27 04:56:01, Info                         PnPIBS: Skipping the file KoreanLicense.txt because it is not an INF file.
2026-09-27 04:56:01, Info                         PnPIBS: Found the file NorwegianLicense.txt
2026-09-27 04:56:01, Info                         PnPIBS: Skipping the file NorwegianLicense.txt because it is not an INF file.
2026-09-27 04:56:01, Info                         PnPIBS: Found the file PolishLicense.txt
2026-09-27 04:56:01, Info                         PnPIBS: Skipping the file PolishLicense.txt because it is not an INF file.
2026-09-27 04:56:01, Info                         PnPIBS: Found the file PortugueseLicense.txt
2026-09-27 04:56:01, Info                         PnPIBS: Skipping the file PortugueseLicense.txt because it is not an INF file.
2026-09-27 04:56:01, Info                         PnPIBS: Found the file RussianLicense.txt
2026-09-27 04:56:01, Info                         PnPIBS: Skipping the file RussianLicense.txt because it is not an INF file.
2026-09-27 04:56:01, Info                         PnPIBS: Found the file SimplifiedChineseLicense.txt
2026-09-27 04:56:01, Info                         PnPIBS: Skipping the file SimplifiedChineseLicense.txt because it is not an INF file.
2026-09-27 04:56:01, Info                         PnPIBS: Found the file SpanishLicense.txt
2026-09-27 04:56:01, Info                         PnPIBS: Skipping the file SpanishLicense.txt because it is not an INF file.
2026-09-27 04:56:01, Info                         PnPIBS: Found the file SwedishLicense.txt
2026-09-27 04:56:01, Info                         PnPIBS: Skipping the file SwedishLicense.txt because it is not an INF file.
2026-09-27 04:56:01, Info                         PnPIBS: Found the file TraditionalChineseLicense.txt
2026-09-27 04:56:01, Info                         PnPIBS: Skipping the file TraditionalChineseLicense.txt because it is not an INF file.
2026-09-27 04:56:01, Info                         PnPIBS: Found the file TurkishLicense.txt
2026-09-27 04:56:01, Info                         PnPIBS: Skipping the file TurkishLicense.txt because it is not an INF file.
2026-09-27 04:56:01, Info                         PnPIBS: Found the file WdfCoinstaller01011.dll
2026-09-27 04:56:01, Info                         PnPIBS: Skipping the file WdfCoinstaller01011.dll because it is not an INF file.
2026-09-27 04:56:01, Info                         PnPIBS: Found the file appletpp64.cat
2026-09-27 04:56:01, Info                         PnPIBS: Skipping the file appletpp64.cat because it is not an INF file.
2026-09-27 04:56:01, Info                         PnPIBS: Finished building list of drivers in the path E:\$WinPEDriver$\AppleMultiTouchTrackPadProInstaller64.
2026-09-27 04:56:01, Info                         PnPIBS: Found the directory AppleNullDriver64.
2026-09-27 04:56:01, Info                         PnPIBS: Building the list of drivers in the path E:\$WinPEDriver$\AppleNullDriver64 ...
2026-09-27 04:56:01, Info                         PnPIBS: Found the file AppleNull64.cat
2026-09-27 04:56:01, Info                         PnPIBS: Skipping the file AppleNull64.cat because it is not an INF file.
2026-09-27 04:56:01, Info                         PnPIBS: Found the file AppleNull64.inf
2026-09-27 04:56:01, Info                         PnPIBS: Added driver E:\$WinPEDriver$\AppleNullDriver64\AppleNull64.inf to the list of drivers.
2026-09-27 04:56:01, Info                         PnPIBS: Found the file ArabicLicense.txt
2026-09-27 04:56:01, Info                         PnPIBS: Skipping the file ArabicLicense.txt because it is not an INF file.
2026-09-27 04:56:01, Info                         PnPIBS: Found the file BrazilianPortugueseLicense.txt
2026-09-27 04:56:01, Info                         PnPIBS: Skipping the file BrazilianPortugueseLicense.txt because it is not an INF file.
2026-09-27 04:56:01, Info                         PnPIBS: Found the file CzechLicense.txt
2026-09-27 04:56:01, Info                         PnPIBS: Skipping the file CzechLicense.txt because it is not an INF file.
2026-09-27 04:56:01, Info                         PnPIBS: Found the file DPInst.exe
2026-09-27 04:56:01, Info                         PnPIBS: Skipping the file DPInst.exe because it is not an INF file.
2026-09-27 04:56:01, Info                         PnPIBS: Found the file DPInst.xml
2026-09-27 04:56:01, Info                         PnPIBS: Skipping the file DPInst.xml because it is not an INF file.
2026-09-27 04:56:01, Info                         PnPIBS: Found the file DanishLicense.txt
2026-09-27 04:56:01, Info                         PnPIBS: Skipping the file DanishLicense.txt because it is not an INF file.
2026-09-27 04:56:01, Info                         PnPIBS: Found the file DutchLicense.txt
2026-09-27 04:56:01, Info                         PnPIBS: Skipping the file DutchLicense.txt because it is not an INF file.
2026-09-27 04:56:01, Info                         PnPIBS: Found the file EnglishLicense.txt
2026-09-27 04:56:01, Info                         PnPIBS: Skipping the file EnglishLicense.txt because it is not an INF file.
2026-09-27 04:56:01, Info                         PnPIBS: Found the file FinnishLicense.txt
2026-09-27 04:56:01, Info                         PnPIBS: Skipping the file FinnishLicense.txt because it is not an INF file.
2026-09-27 04:56:01, Info                         PnPIBS: Found the file FrenchLicense.txt
2026-09-27 04:56:01, Info                         PnPIBS: Skipping the file FrenchLicense.txt because it is not an INF file.
2026-09-27 04:56:01, Info                         PnPIBS: Found the file GermanLicense.txt
2026-09-27 04:56:01, Info                         PnPIBS: Skipping the file GermanLicense.txt because it is not an INF file.
2026-09-27 04:56:01, Info                         PnPIBS: Found the file HungarianLicense.txt
2026-09-27 04:56:01, Info                         PnPIBS: Skipping the file HungarianLicense.txt because it is not an INF file.
2026-09-27 04:56:01, Info                         PnPIBS: Found the file ItalianLicense.txt
2026-09-27 04:56:01, Info                         PnPIBS: Skipping the file ItalianLicense.txt because it is not an INF file.
2026-09-27 04:56:01, Info                         PnPIBS: Found the file JapaneseLicense.txt
2026-09-27 04:56:01, Info                         PnPIBS: Skipping the file JapaneseLicense.txt because it is not an INF file.
2026-09-27 04:56:01, Info                         PnPIBS: Found the file KoreanLicense.txt
2026-09-27 04:56:01, Info                         PnPIBS: Skipping the file KoreanLicense.txt because it is not an INF file.
2026-09-27 04:56:01, Info                         PnPIBS: Found the file NorwegianLicense.txt
2026-09-27 04:56:01, Info                         PnPIBS: Skipping the file NorwegianLicense.txt because it is not an INF file.
2026-09-27 04:56:01, Info                         PnPIBS: Found the file PolishLicense.txt
2026-09-27 04:56:01, Info                         PnPIBS: Skipping the file PolishLicense.txt because it is not an INF file.
2026-09-27 04:56:01, Info                         PnPIBS: Found the file PortugueseLicense.txt
2026-09-27 04:56:01, Info                         PnPIBS: Skipping the file PortugueseLicense.txt because it is not an INF file.
2026-09-27 04:56:01, Info                         PnPIBS: Found the file RussianLicense.txt
2026-09-27 04:56:01, Info                         PnPIBS: Skipping the file RussianLicense.txt because it is not an INF file.
2026-09-27 04:56:01, Info                         PnPIBS: Found the file SimplifiedChineseLicense.txt
2026-09-27 04:56:01, Info                         PnPIBS: Skipping the file SimplifiedChineseLicense.txt because it is not an INF file.
2026-09-27 04:56:01, Info                         PnPIBS: Found the file SpanishLicense.txt
2026-09-27 04:56:01, Info                         PnPIBS: Skipping the file SpanishLicense.txt because it is not an INF file.
2026-09-27 04:56:01, Info                         PnPIBS: Found the file SwedishLicense.txt
2026-09-27 04:56:01, Info                         PnPIBS: Skipping the file SwedishLicense.txt because it is not an INF file.
2026-09-27 04:56:01, Info                         PnPIBS: Found the file TraditionalChineseLicense.txt
2026-09-27 04:56:01, Info                         PnPIBS: Skipping the file TraditionalChineseLicense.txt because it is not an INF file.
2026-09-27 04:56:01, Info                         PnPIBS: Found the file TurkishLicense.txt
2026-09-27 04:56:01, Info                         PnPIBS: Skipping the file TurkishLicense.txt because it is not an INF file.
2026-09-27 04:56:01, Info                         PnPIBS: Finished building list of drivers in the path E:\$WinPEDriver$\AppleNullDriver64.
2026-09-27 04:56:01, Info                         PnPIBS: Found the directory AppleODDInstaller64.
2026-09-27 04:56:01, Info                         PnPIBS: Building the list of drivers in the path E:\$WinPEDriver$\AppleODDInstaller64 ...
2026-09-27 04:56:01, Info                         PnPIBS: Found the file AppleODD.sys
2026-09-27 04:56:01, Info                         PnPIBS: Skipping the file AppleODD.sys because it is not an INF file.
2026-09-27 04:56:01, Info                         PnPIBS: Found the file AppleODD64.cat
2026-09-27 04:56:01, Info                         PnPIBS: Skipping the file AppleODD64.cat because it is not an INF file.
2026-09-27 04:56:01, Info                         PnPIBS: Found the file AppleODD64.inf
2026-09-27 04:56:01, Info                         PnPIBS: Added driver E:\$WinPEDriver$\AppleODDInstaller64\AppleODD64.inf to the list of drivers.
2026-09-27 04:56:01, Info                         PnPIBS: Found the file ArabicLicense.txt
2026-09-27 04:56:01, Info                         PnPIBS: Skipping the file ArabicLicense.txt because it is not an INF file.
2026-09-27 04:56:01, Info                         PnPIBS: Found the file BrazilianPortugueseLicense.txt
2026-09-27 04:56:01, Info                         PnPIBS: Skipping the file BrazilianPortugueseLicense.txt because it is not an INF file.
2026-09-27 04:56:01, Info                         PnPIBS: Found the file CzechLicense.txt
2026-09-27 04:56:01, Info                         PnPIBS: Skipping the file CzechLicense.txt because it is not an INF file.
2026-09-27 04:56:01, Info                         PnPIBS: Found the file DPInst.exe
2026-09-27 04:56:01, Info                         PnPIBS: Skipping the file DPInst.exe because it is not an INF file.
2026-09-27 04:56:01, Info                         PnPIBS: Found the file DPInst.xml
2026-09-27 04:56:01, Info                         PnPIBS: Skipping the file DPInst.xml because it is not an INF file.
2026-09-27 04:56:01, Info                         PnPIBS: Found the file DanishLicense.txt
2026-09-27 04:56:01, Info                         PnPIBS: Skipping the file DanishLicense.txt because it is not an INF file.
2026-09-27 04:56:01, Info                         PnPIBS: Found the file DutchLicense.txt
2026-09-27 04:56:01, Info                         PnPIBS: Skipping the file DutchLicense.txt because it is not an INF file.
2026-09-27 04:56:01, Info                         PnPIBS: Found the file EnglishLicense.txt
2026-09-27 04:56:01, Info                         PnPIBS: Skipping the file EnglishLicense.txt because it is not an INF file.
2026-09-27 04:56:01, Info                         PnPIBS: Found the file FinnishLicense.txt
2026-09-27 04:56:01, Info                         PnPIBS: Skipping the file FinnishLicense.txt because it is not an INF file.
2026-09-27 04:56:01, Info                         PnPIBS: Found the file FrenchLicense.txt
2026-09-27 04:56:01, Info                         PnPIBS: Skipping the file FrenchLicense.txt because it is not an INF file.
2026-09-27 04:56:01, Info                         PnPIBS: Found the file GermanLicense.txt
2026-09-27 04:56:01, Info                         PnPIBS: Skipping the file GermanLicense.txt because it is not an INF file.
2026-09-27 04:56:01, Info                         PnPIBS: Found the file HungarianLicense.txt
2026-09-27 04:56:01, Info                         PnPIBS: Skipping the file HungarianLicense.txt because it is not an INF file.
2026-09-27 04:56:01, Info                         PnPIBS: Found the file ItalianLicense.txt
2026-09-27 04:56:01, Info                         PnPIBS: Skipping the file ItalianLicense.txt because it is not an INF file.
2026-09-27 04:56:01, Info                         PnPIBS: Found the file JapaneseLicense.txt
2026-09-27 04:56:01, Info                         PnPIBS: Skipping the file JapaneseLicense.txt because it is not an INF file.
2026-09-27 04:56:01, Info                         PnPIBS: Found the file KoreanLicense.txt
2026-09-27 04:56:01, Info                         PnPIBS: Skipping the file KoreanLicense.txt because it is not an INF file.
2026-09-27 04:56:01, Info                         PnPIBS: Found the file NorwegianLicense.txt
2026-09-27 04:56:01, Info                         PnPIBS: Skipping the file NorwegianLicense.txt because it is not an INF file.
2026-09-27 04:56:01, Info                         PnPIBS: Found the file PolishLicense.txt
2026-09-27 04:56:01, Info                         PnPIBS: Skipping the file PolishLicense.txt because it is not an INF file.
2026-09-27 04:56:01, Info                         PnPIBS: Found the file PortugueseLicense.txt
2026-09-27 04:56:01, Info                         PnPIBS: Skipping the file PortugueseLicense.txt because it is not an INF file.
2026-09-27 04:56:01, Info                         PnPIBS: Found the file RussianLicense.txt
2026-09-27 04:56:01, Info                         PnPIBS: Skipping the file RussianLicense.txt because it is not an INF file.
2026-09-27 04:56:01, Info                         PnPIBS: Found the file SimplifiedChineseLicense.txt
2026-09-27 04:56:01, Info                         PnPIBS: Skipping the file SimplifiedChineseLicense.txt because it is not an INF file.
2026-09-27 04:56:01, Info                         PnPIBS: Found the file SpanishLicense.txt
2026-09-27 04:56:01, Info                         PnPIBS: Skipping the file SpanishLicense.txt because it is not an INF file.
2026-09-27 04:56:01, Info                         PnPIBS: Found the file SwedishLicense.txt
2026-09-27 04:56:01, Info                         PnPIBS: Skipping the file SwedishLicense.txt because it is not an INF file.
2026-09-27 04:56:01, Info                         PnPIBS: Found the file TraditionalChineseLicense.txt
2026-09-27 04:56:01, Info                         PnPIBS: Skipping the file TraditionalChineseLicense.txt because it is not an INF file.
2026-09-27 04:56:01, Info                         PnPIBS: Found the file TurkishLicense.txt
2026-09-27 04:56:01, Info                         PnPIBS: Skipping the file TurkishLicense.txt because it is not an INF file.
2026-09-27 04:56:01, Info                         PnPIBS: Found the file WdfCoInstaller01005.dll
2026-09-27 04:56:01, Info                         PnPIBS: Skipping the file WdfCoInstaller01005.dll because it is not an INF file.
2026-09-27 04:56:01, Info                         PnPIBS: Finished building list of drivers in the path E:\$WinPEDriver$\AppleODDInstaller64.
2026-09-27 04:56:01, Info                         PnPIBS: Found the directory AppleSOC64.
2026-09-27 04:56:01, Info                         PnPIBS: Building the list of drivers in the path E:\$WinPEDriver$\AppleSOC64 ...
2026-09-27 04:56:01, Info                         PnPIBS: Found the file AppleSOC.cat
2026-09-27 04:56:01, Info                         PnPIBS: Skipping the file AppleSOC.cat because it is not an INF file.
2026-09-27 04:56:01, Info                         PnPIBS: Found the file AppleSOC.inf
2026-09-27 04:56:01, Info                         PnPIBS: Added driver E:\$WinPEDriver$\AppleSOC64\AppleSOC.inf to the list of drivers.
2026-09-27 04:56:01, Info                         PnPIBS: Found the file AppleSOC.sys
2026-09-27 04:56:01, Info                         PnPIBS: Skipping the file AppleSOC.sys because it is not an INF file.
2026-09-27 04:56:01, Info                         PnPIBS: Found the file ArabicLicense.txt
2026-09-27 04:56:01, Info                         PnPIBS: Skipping the file ArabicLicense.txt because it is not an INF file.
2026-09-27 04:56:01, Info                         PnPIBS: Found the file BrazilianPortugueseLicense.txt
2026-09-27 04:56:01, Info                         PnPIBS: Skipping the file BrazilianPortugueseLicense.txt because it is not an INF file.
2026-09-27 04:56:01, Info                         PnPIBS: Found the file CzechLicense.txt
2026-09-27 04:56:01, Info                         PnPIBS: Skipping the file CzechLicense.txt because it is not an INF file.
2026-09-27 04:56:01, Info                         PnPIBS: Found the file DPInst.exe
2026-09-27 04:56:01, Info                         PnPIBS: Skipping the file DPInst.exe because it is not an INF file.
2026-09-27 04:56:01, Info                         PnPIBS: Found the file DPInst.xml
2026-09-27 04:56:01, Info                         PnPIBS: Skipping the file DPInst.xml because it is not an INF file.
2026-09-27 04:56:01, Info                         PnPIBS: Found the file DanishLicense.txt
2026-09-27 04:56:01, Info                         PnPIBS: Skipping the file DanishLicense.txt because it is not an INF file.
2026-09-27 04:56:01, Info                         PnPIBS: Found the file DutchLicense.txt
2026-09-27 04:56:01, Info                         PnPIBS: Skipping the file DutchLicense.txt because it is not an INF file.
2026-09-27 04:56:01, Info                         PnPIBS: Found the file EnglishLicense.txt
2026-09-27 04:56:01, Info                         PnPIBS: Skipping the file EnglishLicense.txt because it is not an INF file.
2026-09-27 04:56:01, Info                         PnPIBS: Found the file FinnishLicense.txt
2026-09-27 04:56:01, Info                         PnPIBS: Skipping the file FinnishLicense.txt because it is not an INF file.
2026-09-27 04:56:01, Info                         PnPIBS: Found the file FrenchLicense.txt
2026-09-27 04:56:01, Info                         PnPIBS: Skipping the file FrenchLicense.txt because it is not an INF file.
2026-09-27 04:56:01, Info                         PnPIBS: Found the file GermanLicense.txt
2026-09-27 04:56:01, Info                         PnPIBS: Skipping the file GermanLicense.txt because it is not an INF file.
2026-09-27 04:56:01, Info                         PnPIBS: Found the file HungarianLicense.txt
2026-09-27 04:56:01, Info                         PnPIBS: Skipping the file HungarianLicense.txt because it is not an INF file.
2026-09-27 04:56:01, Info                         PnPIBS: Found the file ItalianLicense.txt
2026-09-27 04:56:01, Info                         PnPIBS: Skipping the file ItalianLicense.txt because it is not an INF file.
2026-09-27 04:56:01, Info                         PnPIBS: Found the file JapaneseLicense.txt
2026-09-27 04:56:01, Info                         PnPIBS: Skipping the file JapaneseLicense.txt because it is not an INF file.
2026-09-27 04:56:01, Info                         PnPIBS: Found the file KoreanLicense.txt
2026-09-27 04:56:01, Info                         PnPIBS: Skipping the file KoreanLicense.txt because it is not an INF file.
2026-09-27 04:56:01, Info                         PnPIBS: Found the file NorwegianLicense.txt
2026-09-27 04:56:01, Info                         PnPIBS: Skipping the file NorwegianLicense.txt because it is not an INF file.
2026-09-27 04:56:01, Info                         PnPIBS: Found the file PolishLicense.txt
2026-09-27 04:56:01, Info                         PnPIBS: Skipping the file PolishLicense.txt because it is not an INF file.
2026-09-27 04:56:01, Info                         PnPIBS: Found the file PortugueseLicense.txt
2026-09-27 04:56:01, Info                         PnPIBS: Skipping the file PortugueseLicense.txt because it is not an INF file.
2026-09-27 04:56:01, Info                         PnPIBS: Found the file RussianLicense.txt
2026-09-27 04:56:01, Info                         PnPIBS: Skipping the file RussianLicense.txt because it is not an INF file.
2026-09-27 04:56:01, Info                         PnPIBS: Found the file SimplifiedChineseLicense.txt
2026-09-27 04:56:01, Info                         PnPIBS: Skipping the file SimplifiedChineseLicense.txt because it is not an INF file.
2026-09-27 04:56:01, Info                         PnPIBS: Found the file SpanishLicense.txt
2026-09-27 04:56:01, Info                         PnPIBS: Skipping the file SpanishLicense.txt because it is not an INF file.
2026-09-27 04:56:01, Info                         PnPIBS: Found the file SwedishLicense.txt
2026-09-27 04:56:01, Info                         PnPIBS: Skipping the file SwedishLicense.txt because it is not an INF file.
2026-09-27 04:56:01, Info                         PnPIBS: Found the file TraditionalChineseLicense.txt
2026-09-27 04:56:01, Info                         PnPIBS: Skipping the file TraditionalChineseLicense.txt because it is not an INF file.
2026-09-27 04:56:01, Info                         PnPIBS: Found the file TurkishLicense.txt
2026-09-27 04:56:01, Info                         PnPIBS: Skipping the file TurkishLicense.txt because it is not an INF file.
2026-09-27 04:56:01, Info                         PnPIBS: Finished building list of drivers in the path E:\$WinPEDriver$\AppleSOC64.
2026-09-27 04:56:01, Info                         PnPIBS: Found the directory AppleSPIDevice.
2026-09-27 04:56:01, Info                         PnPIBS: Building the list of drivers in the path E:\$WinPEDriver$\AppleSPIDevice ...
2026-09-27 04:56:01, Info                         PnPIBS: Found the file AppleSPIDevice.cat
2026-09-27 04:56:01, Info                         PnPIBS: Skipping the file AppleSPIDevice.cat because it is not an INF file.
2026-09-27 04:56:01, Info                         PnPIBS: Found the file AppleSPIDevice.inf
2026-09-27 04:56:01, Info                         PnPIBS: Added driver E:\$WinPEDriver$\AppleSPIDevice\AppleSPIDevice.inf to the list of drivers.
2026-09-27 04:56:01, Info                         PnPIBS: Found the file AppleSPIDevice.sys
2026-09-27 04:56:01, Info                         PnPIBS: Skipping the file AppleSPIDevice.sys because it is not an INF file.
2026-09-27 04:56:01, Info                         PnPIBS: Found the file ArabicLicense.txt
2026-09-27 04:56:01, Info                         PnPIBS: Skipping the file ArabicLicense.txt because it is not an INF file.
2026-09-27 04:56:01, Info                         PnPIBS: Found the file BrazilianPortugueseLicense.txt
2026-09-27 04:56:01, Info                         PnPIBS: Skipping the file BrazilianPortugueseLicense.txt because it is not an INF file.
2026-09-27 04:56:01, Info                         PnPIBS: Found the file CzechLicense.txt
2026-09-27 04:56:01, Info                         PnPIBS: Skipping the file CzechLicense.txt because it is not an INF file.
2026-09-27 04:56:01, Info                         PnPIBS: Found the file DPInst.exe
2026-09-27 04:56:01, Info                         PnPIBS: Skipping the file DPInst.exe because it is not an INF file.
2026-09-27 04:56:01, Info                         PnPIBS: Found the file DPInst.xml
2026-09-27 04:56:01, Info                         PnPIBS: Skipping the file DPInst.xml because it is not an INF file.
2026-09-27 04:56:01, Info                         PnPIBS: Found the file DanishLicense.txt
2026-09-27 04:56:01, Info                         PnPIBS: Skipping the file DanishLicense.txt because it is not an INF file.
2026-09-27 04:56:01, Info                         PnPIBS: Found the file DutchLicense.txt
2026-09-27 04:56:01, Info                         PnPIBS: Skipping the file DutchLicense.txt because it is not an INF file.
2026-09-27 04:56:01, Info                         PnPIBS: Found the file EnglishLicense.txt
2026-09-27 04:56:01, Info                         PnPIBS: Skipping the file EnglishLicense.txt because it is not an INF file.
2026-09-27 04:56:01, Info                         PnPIBS: Found the file FinnishLicense.txt
2026-09-27 04:56:01, Info                         PnPIBS: Skipping the file FinnishLicense.txt because it is not an INF file.
2026-09-27 04:56:01, Info                         PnPIBS: Found the file FrenchLicense.txt
2026-09-27 04:56:01, Info                         PnPIBS: Skipping the file FrenchLicense.txt because it is not an INF file.
2026-09-27 04:56:01, Info                         PnPIBS: Found the file GermanLicense.txt
2026-09-27 04:56:01, Info                         PnPIBS: Skipping the file GermanLicense.txt because it is not an INF file.
2026-09-27 04:56:01, Info                         PnPIBS: Found the file HungarianLicense.txt
2026-09-27 04:56:01, Info                         PnPIBS: Skipping the file HungarianLicense.txt because it is not an INF file.
2026-09-27 04:56:01, Info                         PnPIBS: Found the file ItalianLicense.txt
2026-09-27 04:56:01, Info                         PnPIBS: Skipping the file ItalianLicense.txt because it is not an INF file.
2026-09-27 04:56:01, Info                         PnPIBS: Found the file JapaneseLicense.txt
2026-09-27 04:56:01, Info                         PnPIBS: Skipping the file JapaneseLicense.txt because it is not an INF file.
2026-09-27 04:56:01, Info                         PnPIBS: Found the file KoreanLicense.txt
2026-09-27 04:56:01, Info                         PnPIBS: Skipping the file KoreanLicense.txt because it is not an INF file.
2026-09-27 04:56:01, Info                         PnPIBS: Found the file NorwegianLicense.txt
2026-09-27 04:56:01, Info                         PnPIBS: Skipping the file NorwegianLicense.txt because it is not an INF file.
2026-09-27 04:56:01, Info                         PnPIBS: Found the file PolishLicense.txt
2026-09-27 04:56:01, Info                         PnPIBS: Skipping the file PolishLicense.txt because it is not an INF file.
2026-09-27 04:56:01, Info                         PnPIBS: Found the file PortugueseLicense.txt
2026-09-27 04:56:01, Info                         PnPIBS: Skipping the file PortugueseLicense.txt because it is not an INF file.
2026-09-27 04:56:01, Info                         PnPIBS: Found the file RussianLicense.txt
2026-09-27 04:56:01, Info                         PnPIBS: Skipping the file RussianLicense.txt because it is not an INF file.
2026-09-27 04:56:01, Info                         PnPIBS: Found the file SimplifiedChineseLicense.txt
2026-09-27 04:56:01, Info                         PnPIBS: Skipping the file SimplifiedChineseLicense.txt because it is not an INF file.
2026-09-27 04:56:01, Info                         PnPIBS: Found the file SpanishLicense.txt
2026-09-27 04:56:01, Info                         PnPIBS: Skipping the file SpanishLicense.txt because it is not an INF file.
2026-09-27 04:56:01, Info                         PnPIBS: Found the file SwedishLicense.txt
2026-09-27 04:56:01, Info                         PnPIBS: Skipping the file SwedishLicense.txt because it is not an INF file.
2026-09-27 04:56:01, Info                         PnPIBS: Found the file TraditionalChineseLicense.txt
2026-09-27 04:56:01, Info                         PnPIBS: Skipping the file TraditionalChineseLicense.txt because it is not an INF file.
2026-09-27 04:56:01, Info                         PnPIBS: Found the file TurkishLicense.txt
2026-09-27 04:56:01, Info                         PnPIBS: Skipping the file TurkishLicense.txt because it is not an INF file.
2026-09-27 04:56:01, Info                         PnPIBS: Found the file WdfCoinstaller01011.dll
2026-09-27 04:56:01, Info                         PnPIBS: Skipping the file WdfCoinstaller01011.dll because it is not an INF file.
2026-09-27 04:56:01, Info                         PnPIBS: Finished building list of drivers in the path E:\$WinPEDriver$\AppleSPIDevice.
2026-09-27 04:56:01, Info                         PnPIBS: Found the directory AppleSPIKeyboard.
2026-09-27 04:56:01, Info                         PnPIBS: Building the list of drivers in the path E:\$WinPEDriver$\AppleSPIKeyboard ...
2026-09-27 04:56:01, Info                         PnPIBS: Found the file AppleSPIKeyboard.cat
2026-09-27 04:56:01, Info                         PnPIBS: Skipping the file AppleSPIKeyboard.cat because it is not an INF file.
2026-09-27 04:56:01, Info                         PnPIBS: Found the file AppleSPIKeyboard.inf
2026-09-27 04:56:01, Info                         PnPIBS: Added driver E:\$WinPEDriver$\AppleSPIKeyboard\AppleSPIKeyboard.inf to the list of drivers.
2026-09-27 04:56:01, Info                         PnPIBS: Found the file AppleSPIKeyboard.sys
2026-09-27 04:56:01, Info                         PnPIBS: Skipping the file AppleSPIKeyboard.sys because it is not an INF file.
2026-09-27 04:56:01, Info                         PnPIBS: Found the file ArabicLicense.txt
2026-09-27 04:56:01, Info                         PnPIBS: Skipping the file ArabicLicense.txt because it is not an INF file.
2026-09-27 04:56:01, Info                         PnPIBS: Found the file BrazilianPortugueseLicense.txt
2026-09-27 04:56:01, Info                         PnPIBS: Skipping the file BrazilianPortugueseLicense.txt because it is not an INF file.
2026-09-27 04:56:01, Info                         PnPIBS: Found the file CzechLicense.txt
2026-09-27 04:56:01, Info                         PnPIBS: Skipping the file CzechLicense.txt because it is not an INF file.
2026-09-27 04:56:01, Info                         PnPIBS: Found the file DPInst.exe
2026-09-27 04:56:01, Info                         PnPIBS: Skipping the file DPInst.exe because it is not an INF file.
2026-09-27 04:56:01, Info                         PnPIBS: Found the file DPInst.xml
2026-09-27 04:56:01, Info                         PnPIBS: Skipping the file DPInst.xml because it is not an INF file.
2026-09-27 04:56:01, Info                         PnPIBS: Found the file DanishLicense.txt
2026-09-27 04:56:01, Info                         PnPIBS: Skipping the file DanishLicense.txt because it is not an INF file.
2026-09-27 04:56:01, Info                         PnPIBS: Found the file DutchLicense.txt
2026-09-27 04:56:01, Info                         PnPIBS: Skipping the file DutchLicense.txt because it is not an INF file.
2026-09-27 04:56:01, Info                         PnPIBS: Found the file EnglishLicense.txt
2026-09-27 04:56:01, Info                         PnPIBS: Skipping the file EnglishLicense.txt because it is not an INF file.
2026-09-27 04:56:01, Info                         PnPIBS: Found the file FinnishLicense.txt
2026-09-27 04:56:01, Info                         PnPIBS: Skipping the file FinnishLicense.txt because it is not an INF file.
2026-09-27 04:56:01, Info                         PnPIBS: Found the file FrenchLicense.txt
2026-09-27 04:56:01, Info                         PnPIBS: Skipping the file FrenchLicense.txt because it is not an INF file.
2026-09-27 04:56:01, Info                         PnPIBS: Found the file GermanLicense.txt
2026-09-27 04:56:01, Info                         PnPIBS: Skipping the file GermanLicense.txt because it is not an INF file.
2026-09-27 04:56:01, Info                         PnPIBS: Found the file HungarianLicense.txt
2026-09-27 04:56:01, Info                         PnPIBS: Skipping the file HungarianLicense.txt because it is not an INF file.
2026-09-27 04:56:01, Info                         PnPIBS: Found the file ItalianLicense.txt
2026-09-27 04:56:01, Info                         PnPIBS: Skipping the file ItalianLicense.txt because it is not an INF file.
2026-09-27 04:56:01, Info                         PnPIBS: Found the file JapaneseLicense.txt
2026-09-27 04:56:01, Info                         PnPIBS: Skipping the file JapaneseLicense.txt because it is not an INF file.
2026-09-27 04:56:01, Info                         PnPIBS: Found the file KoreanLicense.txt
2026-09-27 04:56:01, Info                         PnPIBS: Skipping the file KoreanLicense.txt because it is not an INF file.
2026-09-27 04:56:01, Info                         PnPIBS: Found the file NorwegianLicense.txt
2026-09-27 04:56:01, Info                         PnPIBS: Skipping the file NorwegianLicense.txt because it is not an INF file.
2026-09-27 04:56:01, Info                         PnPIBS: Found the file PolishLicense.txt
2026-09-27 04:56:01, Info                         PnPIBS: Skipping the file PolishLicense.txt because it is not an INF file.
2026-09-27 04:56:01, Info                         PnPIBS: Found the file PortugueseLicense.txt
2026-09-27 04:56:01, Info                         PnPIBS: Skipping the file PortugueseLicense.txt because it is not an INF file.
2026-09-27 04:56:01, Info                         PnPIBS: Found the file RussianLicense.txt
2026-09-27 04:56:01, Info                         PnPIBS: Skipping the file RussianLicense.txt because it is not an INF file.
2026-09-27 04:56:01, Info                         PnPIBS: Found the file SimplifiedChineseLicense.txt
2026-09-27 04:56:01, Info                         PnPIBS: Skipping the file SimplifiedChineseLicense.txt because it is not an INF file.
2026-09-27 04:56:01, Info                         PnPIBS: Found the file SpanishLicense.txt
2026-09-27 04:56:01, Info                         PnPIBS: Skipping the file SpanishLicense.txt because it is not an INF file.
2026-09-27 04:56:01, Info                         PnPIBS: Found the file SwedishLicense.txt
2026-09-27 04:56:01, Info                         PnPIBS: Skipping the file SwedishLicense.txt because it is not an INF file.
2026-09-27 04:56:01, Info                         PnPIBS: Found the file TraditionalChineseLicense.txt
2026-09-27 04:56:01, Info                         PnPIBS: Skipping the file TraditionalChineseLicense.txt because it is not an INF file.
2026-09-27 04:56:01, Info                         PnPIBS: Found the file TurkishLicense.txt
2026-09-27 04:56:01, Info                         PnPIBS: Skipping the file TurkishLicense.txt because it is not an INF file.
2026-09-27 04:56:01, Info                         PnPIBS: Found the file WdfCoinstaller01011.dll
2026-09-27 04:56:01, Info                         PnPIBS: Skipping the file WdfCoinstaller01011.dll because it is not an INF file.
2026-09-27 04:56:01, Info                         PnPIBS: Finished building list of drivers in the path E:\$WinPEDriver$\AppleSPIKeyboard.
2026-09-27 04:56:01, Info                         PnPIBS: Found the directory AppleSPITrackpad.
2026-09-27 04:56:01, Info                         PnPIBS: Building the list of drivers in the path E:\$WinPEDriver$\AppleSPITrackpad ...
2026-09-27 04:56:01, Info                         PnPIBS: Found the file AppleSPITrackpad.cat
2026-09-27 04:56:01, Info                         PnPIBS: Skipping the file AppleSPITrackpad.cat because it is not an INF file.
2026-09-27 04:56:01, Info                         PnPIBS: Found the file AppleSPITrackpad.inf
2026-09-27 04:56:01, Info                         PnPIBS: Added driver E:\$WinPEDriver$\AppleSPITrackpad\AppleSPITrackpad.inf to the list of drivers.
2026-09-27 04:56:01, Info                         PnPIBS: Found the file AppleSPITrackpad.sys
2026-09-27 04:56:01, Info                         PnPIBS: Skipping the file AppleSPITrackpad.sys because it is not an INF file.
2026-09-27 04:56:01, Info                         PnPIBS: Found the file ArabicLicense.txt
2026-09-27 04:56:01, Info                         PnPIBS: Skipping the file ArabicLicense.txt because it is not an INF file.
2026-09-27 04:56:01, Info                         PnPIBS: Found the file BrazilianPortugueseLicense.txt
2026-09-27 04:56:01, Info                         PnPIBS: Skipping the file BrazilianPortugueseLicense.txt because it is not an INF file.
2026-09-27 04:56:01, Info                         PnPIBS: Found the file CzechLicense.txt
2026-09-27 04:56:01, Info                         PnPIBS: Skipping the file CzechLicense.txt because it is not an INF file.
2026-09-27 04:56:01, Info                         PnPIBS: Found the file DPInst.exe
2026-09-27 04:56:01, Info                         PnPIBS: Skipping the file DPInst.exe because it is not an INF file.
2026-09-27 04:56:01, Info                         PnPIBS: Found the file DPInst.xml
2026-09-27 04:56:01, Info                         PnPIBS: Skipping the file DPInst.xml because it is not an INF file.
2026-09-27 04:56:01, Info                         PnPIBS: Found the file DanishLicense.txt
2026-09-27 04:56:01, Info                         PnPIBS: Skipping the file DanishLicense.txt because it is not an INF file.
2026-09-27 04:56:01, Info                         PnPIBS: Found the file DutchLicense.txt
2026-09-27 04:56:01, Info                         PnPIBS: Skipping the file DutchLicense.txt because it is not an INF file.
2026-09-27 04:56:01, Info                         PnPIBS: Found the file EnglishLicense.txt
2026-09-27 04:56:01, Info                         PnPIBS: Skipping the file EnglishLicense.txt because it is not an INF file.
2026-09-27 04:56:01, Info                         PnPIBS: Found the file FinnishLicense.txt
2026-09-27 04:56:01, Info                         PnPIBS: Skipping the file FinnishLicense.txt because it is not an INF file.
2026-09-27 04:56:01, Info                         PnPIBS: Found the file FrenchLicense.txt
2026-09-27 04:56:01, Info                         PnPIBS: Skipping the file FrenchLicense.txt because it is not an INF file.
2026-09-27 04:56:01, Info                         PnPIBS: Found the file GermanLicense.txt
2026-09-27 04:56:01, Info                         PnPIBS: Skipping the file GermanLicense.txt because it is not an INF file.
2026-09-27 04:56:01, Info                         PnPIBS: Found the file HungarianLicense.txt
2026-09-27 04:56:01, Info                         PnPIBS: Skipping the file HungarianLicense.txt because it is not an INF file.
2026-09-27 04:56:01, Info                         PnPIBS: Found the file ItalianLicense.txt
2026-09-27 04:56:01, Info                         PnPIBS: Skipping the file ItalianLicense.txt because it is not an INF file.
2026-09-27 04:56:01, Info                         PnPIBS: Found the file JapaneseLicense.txt
2026-09-27 04:56:01, Info                         PnPIBS: Skipping the file JapaneseLicense.txt because it is not an INF file.
2026-09-27 04:56:01, Info                         PnPIBS: Found the file KoreanLicense.txt
2026-09-27 04:56:01, Info                         PnPIBS: Skipping the file KoreanLicense.txt because it is not an INF file.
2026-09-27 04:56:01, Info                         PnPIBS: Found the file NorwegianLicense.txt
2026-09-27 04:56:01, Info                         PnPIBS: Skipping the file NorwegianLicense.txt because it is not an INF file.
2026-09-27 04:56:01, Info                         PnPIBS: Found the file PolishLicense.txt
2026-09-27 04:56:01, Info                         PnPIBS: Skipping the file PolishLicense.txt because it is not an INF file.
2026-09-27 04:56:01, Info                         PnPIBS: Found the file PortugueseLicense.txt
2026-09-27 04:56:01, Info                         PnPIBS: Skipping the file PortugueseLicense.txt because it is not an INF file.
2026-09-27 04:56:01, Info                         PnPIBS: Found the file RussianLicense.txt
2026-09-27 04:56:01, Info                         PnPIBS: Skipping the file RussianLicense.txt because it is not an INF file.
2026-09-27 04:56:01, Info                         PnPIBS: Found the file SimplifiedChineseLicense.txt
2026-09-27 04:56:01, Info                         PnPIBS: Skipping the file SimplifiedChineseLicense.txt because it is not an INF file.
2026-09-27 04:56:01, Info                         PnPIBS: Found the file SpanishLicense.txt
2026-09-27 04:56:01, Info                         PnPIBS: Skipping the file SpanishLicense.txt because it is not an INF file.
2026-09-27 04:56:01, Info                         PnPIBS: Found the file SwedishLicense.txt
2026-09-27 04:56:01, Info                         PnPIBS: Skipping the file SwedishLicense.txt because it is not an INF file.
2026-09-27 04:56:01, Info                         PnPIBS: Found the file TraditionalChineseLicense.txt
2026-09-27 04:56:01, Info                         PnPIBS: Skipping the file TraditionalChineseLicense.txt because it is not an INF file.
2026-09-27 04:56:01, Info                         PnPIBS: Found the file TurkishLicense.txt
2026-09-27 04:56:01, Info                         PnPIBS: Skipping the file TurkishLicense.txt because it is not an INF file.
2026-09-27 04:56:01, Info                         PnPIBS: Found the file WdfCoinstaller01011.dll
2026-09-27 04:56:01, Info                         PnPIBS: Skipping the file WdfCoinstaller01011.dll because it is not an INF file.
2026-09-27 04:56:01, Info                         PnPIBS: Finished building list of drivers in the path E:\$WinPEDriver$\AppleSPITrackpad.
2026-09-27 04:56:01, Info                         PnPIBS: Found the directory AppleSSD64.
2026-09-27 04:56:01, Info                         PnPIBS: Building the list of drivers in the path E:\$WinPEDriver$\AppleSSD64 ...
2026-09-27 04:56:01, Info                         PnPIBS: Found the file AppleSSD.cat
2026-09-27 04:56:01, Info                         PnPIBS: Skipping the file AppleSSD.cat because it is not an INF file.
2026-09-27 04:56:01, Info                         PnPIBS: Found the file AppleSSD.inf
2026-09-27 04:56:01, Info                         PnPIBS: Added driver E:\$WinPEDriver$\AppleSSD64\AppleSSD.inf to the list of drivers.
2026-09-27 04:56:01, Info                         PnPIBS: Found the file AppleSSD.sys
2026-09-27 04:56:01, Info                         PnPIBS: Skipping the file AppleSSD.sys because it is not an INF file.
2026-09-27 04:56:01, Info                         PnPIBS: Found the file ArabicLicense.txt
2026-09-27 04:56:01, Info                         PnPIBS: Skipping the file ArabicLicense.txt because it is not an INF file.
2026-09-27 04:56:01, Info                         PnPIBS: Found the file BrazilianPortugueseLicense.txt
2026-09-27 04:56:01, Info                         PnPIBS: Skipping the file BrazilianPortugueseLicense.txt because it is not an INF file.
2026-09-27 04:56:01, Info                         PnPIBS: Found the file CzechLicense.txt
2026-09-27 04:56:01, Info                         PnPIBS: Skipping the file CzechLicense.txt because it is not an INF file.
2026-09-27 04:56:01, Info                         PnPIBS: Found the file DPInst.exe
2026-09-27 04:56:01, Info                         PnPIBS: Skipping the file DPInst.exe because it is not an INF file.
2026-09-27 04:56:01, Info                         PnPIBS: Found the file DPInst.xml
2026-09-27 04:56:01, Info                         PnPIBS: Skipping the file DPInst.xml because it is not an INF file.
2026-09-27 04:56:01, Info                         PnPIBS: Found the file DanishLicense.txt
2026-09-27 04:56:01, Info                         PnPIBS: Skipping the file DanishLicense.txt because it is not an INF file.
2026-09-27 04:56:01, Info                         PnPIBS: Found the file DutchLicense.txt
2026-09-27 04:56:01, Info                         PnPIBS: Skipping the file DutchLicense.txt because it is not an INF file.
2026-09-27 04:56:01, Info                         PnPIBS: Found the file EnglishLicense.txt
2026-09-27 04:56:01, Info                         PnPIBS: Skipping the file EnglishLicense.txt because it is not an INF file.
2026-09-27 04:56:01, Info                         PnPIBS: Found the file FinnishLicense.txt
2026-09-27 04:56:01, Info                         PnPIBS: Skipping the file FinnishLicense.txt because it is not an INF file.
2026-09-27 04:56:01, Info                         PnPIBS: Found the file FrenchLicense.txt
2026-09-27 04:56:01, Info                         PnPIBS: Skipping the file FrenchLicense.txt because it is not an INF file.
2026-09-27 04:56:01, Info                         PnPIBS: Found the file GermanLicense.txt
2026-09-27 04:56:01, Info                         PnPIBS: Skipping the file GermanLicense.txt because it is not an INF file.
2026-09-27 04:56:01, Info                         PnPIBS: Found the file HungarianLicense.txt
2026-09-27 04:56:01, Info                         PnPIBS: Skipping the file HungarianLicense.txt because it is not an INF file.
2026-09-27 04:56:01, Info                         PnPIBS: Found the file ItalianLicense.txt
2026-09-27 04:56:01, Info                         PnPIBS: Skipping the file ItalianLicense.txt because it is not an INF file.
2026-09-27 04:56:01, Info                         PnPIBS: Found the file JapaneseLicense.txt
2026-09-27 04:56:01, Info                         PnPIBS: Skipping the file JapaneseLicense.txt because it is not an INF file.
2026-09-27 04:56:01, Info                         PnPIBS: Found the file KoreanLicense.txt
2026-09-27 04:56:01, Info                         PnPIBS: Skipping the file KoreanLicense.txt because it is not an INF file.
2026-09-27 04:56:01, Info                         PnPIBS: Found the file NorwegianLicense.txt
2026-09-27 04:56:01, Info                         PnPIBS: Skipping the file NorwegianLicense.txt because it is not an INF file.
2026-09-27 04:56:01, Info                         PnPIBS: Found the file PolishLicense.txt
2026-09-27 04:56:01, Info                         PnPIBS: Skipping the file PolishLicense.txt because it is not an INF file.
2026-09-27 04:56:01, Info                         PnPIBS: Found the file PortugueseLicense.txt
2026-09-27 04:56:01, Info                         PnPIBS: Skipping the file PortugueseLicense.txt because it is not an INF file.
2026-09-27 04:56:01, Info                         PnPIBS: Found the file RussianLicense.txt
2026-09-27 04:56:01, Info                         PnPIBS: Skipping the file RussianLicense.txt because it is not an INF file.
2026-09-27 04:56:01, Info                         PnPIBS: Found the file SimplifiedChineseLicense.txt
2026-09-27 04:56:01, Info                         PnPIBS: Skipping the file SimplifiedChineseLicense.txt because it is not an INF file.
2026-09-27 04:56:01, Info                         PnPIBS: Found the file SpanishLicense.txt
2026-09-27 04:56:01, Info                         PnPIBS: Skipping the file SpanishLicense.txt because it is not an INF file.
2026-09-27 04:56:01, Info                         PnPIBS: Found the file SwedishLicense.txt
2026-09-27 04:56:01, Info                         PnPIBS: Skipping the file SwedishLicense.txt because it is not an INF file.
2026-09-27 04:56:01, Info                         PnPIBS: Found the file TraditionalChineseLicense.txt
2026-09-27 04:56:01, Info                         PnPIBS: Skipping the file TraditionalChineseLicense.txt because it is not an INF file.
2026-09-27 04:56:01, Info                         PnPIBS: Found the file TurkishLicense.txt
2026-09-27 04:56:01, Info                         PnPIBS: Skipping the file TurkishLicense.txt because it is not an INF file.
2026-09-27 04:56:01, Info                         PnPIBS: Finished building list of drivers in the path E:\$WinPEDriver$\AppleSSD64.
2026-09-27 04:56:01, Info                         PnPIBS: Found the directory AppleUSBCompositeDevice64.
2026-09-27 04:56:01, Info                         PnPIBS: Building the list of drivers in the path E:\$WinPEDriver$\AppleUSBCompositeDevice64 ...
2026-09-27 04:56:01, Info                         PnPIBS: Found the file AppleUSBCompositeDevice.cat
2026-09-27 04:56:01, Info                         PnPIBS: Skipping the file AppleUSBCompositeDevice.cat because it is not an INF file.
2026-09-27 04:56:01, Info                         PnPIBS: Found the file AppleUSBCompositeDevice.inf
2026-09-27 04:56:01, Info                         PnPIBS: Added driver E:\$WinPEDriver$\AppleUSBCompositeDevice64\AppleUSBCompositeDevice.inf to the list of drivers.
2026-09-27 04:56:01, Info                         PnPIBS: Found the file ArabicLicense.txt
2026-09-27 04:56:01, Info                         PnPIBS: Skipping the file ArabicLicense.txt because it is not an INF file.
2026-09-27 04:56:01, Info                         PnPIBS: Found the file BrazilianPortugueseLicense.txt
2026-09-27 04:56:01, Info                         PnPIBS: Skipping the file BrazilianPortugueseLicense.txt because it is not an INF file.
2026-09-27 04:56:01, Info                         PnPIBS: Found the file CzechLicense.txt
2026-09-27 04:56:01, Info                         PnPIBS: Skipping the file CzechLicense.txt because it is not an INF file.
2026-09-27 04:56:01, Info                         PnPIBS: Found the file DPInst.exe
2026-09-27 04:56:01, Info                         PnPIBS: Skipping the file DPInst.exe because it is not an INF file.
2026-09-27 04:56:01, Info                         PnPIBS: Found the file DPInst.xml
2026-09-27 04:56:01, Info                         PnPIBS: Skipping the file DPInst.xml because it is not an INF file.
2026-09-27 04:56:01, Info                         PnPIBS: Found the file DanishLicense.txt
2026-09-27 04:56:01, Info                         PnPIBS: Skipping the file DanishLicense.txt because it is not an INF file.
2026-09-27 04:56:01, Info                         PnPIBS: Found the file DutchLicense.txt
2026-09-27 04:56:01, Info                         PnPIBS: Skipping the file DutchLicense.txt because it is not an INF file.
2026-09-27 04:56:01, Info                         PnPIBS: Found the file EnglishLicense.txt
2026-09-27 04:56:01, Info                         PnPIBS: Skipping the file EnglishLicense.txt because it is not an INF file.
2026-09-27 04:56:01, Info                         PnPIBS: Found the file FinnishLicense.txt
2026-09-27 04:56:01, Info                         PnPIBS: Skipping the file FinnishLicense.txt because it is not an INF file.
2026-09-27 04:56:01, Info                         PnPIBS: Found the file FrenchLicense.txt
2026-09-27 04:56:01, Info                         PnPIBS: Skipping the file FrenchLicense.txt because it is not an INF file.
2026-09-27 04:56:01, Info                         PnPIBS: Found the file GermanLicense.txt
2026-09-27 04:56:01, Info                         PnPIBS: Skipping the file GermanLicense.txt because it is not an INF file.
2026-09-27 04:56:01, Info                         PnPIBS: Found the file HungarianLicense.txt
2026-09-27 04:56:01, Info                         PnPIBS: Skipping the file HungarianLicense.txt because it is not an INF file.
2026-09-27 04:56:01, Info                         PnPIBS: Found the file ItalianLicense.txt
2026-09-27 04:56:01, Info                         PnPIBS: Skipping the file ItalianLicense.txt because it is not an INF file.
2026-09-27 04:56:01, Info                         PnPIBS: Found the file JapaneseLicense.txt
2026-09-27 04:56:01, Info                         PnPIBS: Skipping the file JapaneseLicense.txt because it is not an INF file.
2026-09-27 04:56:01, Info                         PnPIBS: Found the file KoreanLicense.txt
2026-09-27 04:56:01, Info                         PnPIBS: Skipping the file KoreanLicense.txt because it is not an INF file.
2026-09-27 04:56:01, Info                         PnPIBS: Found the file NorwegianLicense.txt
2026-09-27 04:56:01, Info                         PnPIBS: Skipping the file NorwegianLicense.txt because it is not an INF file.
2026-09-27 04:56:01, Info                         PnPIBS: Found the file PolishLicense.txt
2026-09-27 04:56:01, Info                         PnPIBS: Skipping the file PolishLicense.txt because it is not an INF file.
2026-09-27 04:56:01, Info                         PnPIBS: Found the file PortugueseLicense.txt
2026-09-27 04:56:01, Info                         PnPIBS: Skipping the file PortugueseLicense.txt because it is not an INF file.
2026-09-27 04:56:01, Info                         PnPIBS: Found the file RussianLicense.txt
2026-09-27 04:56:01, Info                         PnPIBS: Skipping the file RussianLicense.txt because it is not an INF file.
2026-09-27 04:56:01, Info                         PnPIBS: Found the file SimplifiedChineseLicense.txt
2026-09-27 04:56:01, Info                         PnPIBS: Skipping the file SimplifiedChineseLicense.txt because it is not an INF file.
2026-09-27 04:56:01, Info                         PnPIBS: Found the file SpanishLicense.txt
2026-09-27 04:56:01, Info                         PnPIBS: Skipping the file SpanishLicense.txt because it is not an INF file.
2026-09-27 04:56:01, Info                         PnPIBS: Found the file SwedishLicense.txt
2026-09-27 04:56:01, Info                         PnPIBS: Skipping the file SwedishLicense.txt because it is not an INF file.
2026-09-27 04:56:01, Info                         PnPIBS: Found the file TraditionalChineseLicense.txt
2026-09-27 04:56:01, Info                         PnPIBS: Skipping the file TraditionalChineseLicense.txt because it is not an INF file.
2026-09-27 04:56:01, Info                         PnPIBS: Found the file TurkishLicense.txt
2026-09-27 04:56:01, Info                         PnPIBS: Skipping the file TurkishLicense.txt because it is not an INF file.
2026-09-27 04:56:01, Info                         PnPIBS: Finished building list of drivers in the path E:\$WinPEDriver$\AppleUSBCompositeDevice64.
2026-09-27 04:56:01, Info                         PnPIBS: Found the directory AppleWirelessMouse64.
2026-09-27 04:56:01, Info                         PnPIBS: Building the list of drivers in the path E:\$WinPEDriver$\AppleWirelessMouse64 ...
2026-09-27 04:56:01, Info                         PnPIBS: Found the file AppleWirelessMouse.cat
2026-09-27 04:56:01, Info                         PnPIBS: Skipping the file AppleWirelessMouse.cat because it is not an INF file.
2026-09-27 04:56:01, Info                         PnPIBS: Found the file AppleWirelessMouse.inf
2026-09-27 04:56:01, Info                         PnPIBS: Added driver E:\$WinPEDriver$\AppleWirelessMouse64\AppleWirelessMouse.inf to the list of drivers.
2026-09-27 04:56:01, Info                         PnPIBS: Found the file AppleWirelessMouse.sys
2026-09-27 04:56:01, Info                         PnPIBS: Skipping the file AppleWirelessMouse.sys because it is not an INF file.
2026-09-27 04:56:01, Info                         PnPIBS: Found the file ArabicLicense.txt
2026-09-27 04:56:01, Info                         PnPIBS: Skipping the file ArabicLicense.txt because it is not an INF file.
2026-09-27 04:56:01, Info                         PnPIBS: Found the file BrazilianPortugueseLicense.txt
2026-09-27 04:56:01, Info                         PnPIBS: Skipping the file BrazilianPortugueseLicense.txt because it is not an INF file.
2026-09-27 04:56:01, Info                         PnPIBS: Found the file CzechLicense.txt
2026-09-27 04:56:01, Info                         PnPIBS: Skipping the file CzechLicense.txt because it is not an INF file.
2026-09-27 04:56:01, Info                         PnPIBS: Found the file DPInst.exe
2026-09-27 04:56:01, Info                         PnPIBS: Skipping the file DPInst.exe because it is not an INF file.
2026-09-27 04:56:01, Info                         PnPIBS: Found the file DPInst.xml
2026-09-27 04:56:01, Info                         PnPIBS: Skipping the file DPInst.xml because it is not an INF file.
2026-09-27 04:56:01, Info                         PnPIBS: Found the file DanishLicense.txt
2026-09-27 04:56:01, Info                         PnPIBS: Skipping the file DanishLicense.txt because it is not an INF file.
2026-09-27 04:56:01, Info                         PnPIBS: Found the file DutchLicense.txt
2026-09-27 04:56:01, Info                         PnPIBS: Skipping the file DutchLicense.txt because it is not an INF file.
2026-09-27 04:56:01, Info                         PnPIBS: Found the file EnglishLicense.txt
2026-09-27 04:56:01, Info                         PnPIBS: Skipping the file EnglishLicense.txt because it is not an INF file.
2026-09-27 04:56:01, Info                         PnPIBS: Found the file FinnishLicense.txt
2026-09-27 04:56:01, Info                         PnPIBS: Skipping the file FinnishLicense.txt because it is not an INF file.
2026-09-27 04:56:01, Info                         PnPIBS: Found the file FrenchLicense.txt
2026-09-27 04:56:01, Info                         PnPIBS: Skipping the file FrenchLicense.txt because it is not an INF file.
2026-09-27 04:56:01, Info                         PnPIBS: Found the file GermanLicense.txt
2026-09-27 04:56:01, Info                         PnPIBS: Skipping the file GermanLicense.txt because it is not an INF file.
2026-09-27 04:56:01, Info                         PnPIBS: Found the file HungarianLicense.txt
2026-09-27 04:56:01, Info                         PnPIBS: Skipping the file HungarianLicense.txt because it is not an INF file.
2026-09-27 04:56:01, Info                         PnPIBS: Found the file ItalianLicense.txt
2026-09-27 04:56:01, Info                         PnPIBS: Skipping the file ItalianLicense.txt because it is not an INF file.
2026-09-27 04:56:01, Info                         PnPIBS: Found the file JapaneseLicense.txt
2026-09-27 04:56:01, Info                         PnPIBS: Skipping the file JapaneseLicense.txt because it is not an INF file.
2026-09-27 04:56:01, Info                         PnPIBS: Found the file KoreanLicense.txt
2026-09-27 04:56:01, Info                         PnPIBS: Skipping the file KoreanLicense.txt because it is not an INF file.
2026-09-27 04:56:01, Info                         PnPIBS: Found the file NorwegianLicense.txt
2026-09-27 04:56:01, Info                         PnPIBS: Skipping the file NorwegianLicense.txt because it is not an INF file.
2026-09-27 04:56:01, Info                         PnPIBS: Found the file PolishLicense.txt
2026-09-27 04:56:01, Info                         PnPIBS: Skipping the file PolishLicense.txt because it is not an INF file.
2026-09-27 04:56:01, Info                         PnPIBS: Found the file PortugueseLicense.txt
2026-09-27 04:56:01, Info                         PnPIBS: Skipping the file PortugueseLicense.txt because it is not an INF file.
2026-09-27 04:56:01, Info                         PnPIBS: Found the file RussianLicense.txt
2026-09-27 04:56:01, Info                         PnPIBS: Skipping the file RussianLicense.txt because it is not an INF file.
2026-09-27 04:56:01, Info                         PnPIBS: Found the file SimplifiedChineseLicense.txt
2026-09-27 04:56:01, Info                         PnPIBS: Skipping the file SimplifiedChineseLicense.txt because it is not an INF file.
2026-09-27 04:56:01, Info                         PnPIBS: Found the file SpanishLicense.txt
2026-09-27 04:56:01, Info                         PnPIBS: Skipping the file SpanishLicense.txt because it is not an INF file.
2026-09-27 04:56:01, Info                         PnPIBS: Found the file SwedishLicense.txt
2026-09-27 04:56:01, Info                         PnPIBS: Skipping the file SwedishLicense.txt because it is not an INF file.
2026-09-27 04:56:01, Info                         PnPIBS: Found the file TraditionalChineseLicense.txt
2026-09-27 04:56:01, Info                         PnPIBS: Skipping the file TraditionalChineseLicense.txt because it is not an INF file.
2026-09-27 04:56:01, Info                         PnPIBS: Found the file TurkishLicense.txt
2026-09-27 04:56:01, Info                         PnPIBS: Skipping the file TurkishLicense.txt because it is not an INF file.
2026-09-27 04:56:01, Info                         PnPIBS: Found the file WdfCoinstaller01011.dll
2026-09-27 04:56:01, Info                         PnPIBS: Skipping the file WdfCoinstaller01011.dll because it is not an INF file.
2026-09-27 04:56:01, Info                         PnPIBS: Finished building list of drivers in the path E:\$WinPEDriver$\AppleWirelessMouse64.
2026-09-27 04:56:01, Info                         PnPIBS: Found the directory AppleWirelessTrackpad64.
2026-09-27 04:56:01, Info                         PnPIBS: Building the list of drivers in the path E:\$WinPEDriver$\AppleWirelessTrackpad64 ...
2026-09-27 04:56:01, Info                         PnPIBS: Found the file AppleWTP.sys
2026-09-27 04:56:01, Info                         PnPIBS: Skipping the file AppleWTP.sys because it is not an INF file.
2026-09-27 04:56:01, Info                         PnPIBS: Found the file AppleWTP64.cat
2026-09-27 04:56:01, Info                         PnPIBS: Skipping the file AppleWTP64.cat because it is not an INF file.
2026-09-27 04:56:01, Info                         PnPIBS: Found the file AppleWTP64.inf
2026-09-27 04:56:01, Info                         PnPIBS: Added driver E:\$WinPEDriver$\AppleWirelessTrackpad64\AppleWTP64.inf to the list of drivers.
2026-09-27 04:56:01, Info                         PnPIBS: Found the file ArabicLicense.txt
2026-09-27 04:56:01, Info                         PnPIBS: Skipping the file ArabicLicense.txt because it is not an INF file.
2026-09-27 04:56:01, Info                         PnPIBS: Found the file BrazilianPortugueseLicense.txt
2026-09-27 04:56:01, Info                         PnPIBS: Skipping the file BrazilianPortugueseLicense.txt because it is not an INF file.
2026-09-27 04:56:01, Info                         PnPIBS: Found the file CzechLicense.txt
2026-09-27 04:56:01, Info                         PnPIBS: Skipping the file CzechLicense.txt because it is not an INF file.
2026-09-27 04:56:01, Info                         PnPIBS: Found the file DPInst.exe
2026-09-27 04:56:01, Info                         PnPIBS: Skipping the file DPInst.exe because it is not an INF file.
2026-09-27 04:56:01, Info                         PnPIBS: Found the file DPInst.xml
2026-09-27 04:56:01, Info                         PnPIBS: Skipping the file DPInst.xml because it is not an INF file.
2026-09-27 04:56:01, Info                         PnPIBS: Found the file DanishLicense.txt
2026-09-27 04:56:01, Info                         PnPIBS: Skipping the file DanishLicense.txt because it is not an INF file.
2026-09-27 04:56:01, Info                         PnPIBS: Found the file DutchLicense.txt
2026-09-27 04:56:01, Info                         PnPIBS: Skipping the file DutchLicense.txt because it is not an INF file.
2026-09-27 04:56:01, Info                         PnPIBS: Found the file EnglishLicense.txt
2026-09-27 04:56:01, Info                         PnPIBS: Skipping the file EnglishLicense.txt because it is not an INF file.
2026-09-27 04:56:01, Info                         PnPIBS: Found the file FinnishLicense.txt
2026-09-27 04:56:01, Info                         PnPIBS: Skipping the file FinnishLicense.txt because it is not an INF file.
2026-09-27 04:56:01, Info                         PnPIBS: Found the file FrenchLicense.txt
2026-09-27 04:56:01, Info                         PnPIBS: Skipping the file FrenchLicense.txt because it is not an INF file.
2026-09-27 04:56:01, Info                         PnPIBS: Found the file GermanLicense.txt
2026-09-27 04:56:01, Info                         PnPIBS: Skipping the file GermanLicense.txt because it is not an INF file.
2026-09-27 04:56:01, Info                         PnPIBS: Found the file HungarianLicense.txt
2026-09-27 04:56:01, Info                         PnPIBS: Skipping the file HungarianLicense.txt because it is not an INF file.
2026-09-27 04:56:01, Info                         PnPIBS: Found the file ItalianLicense.txt
2026-09-27 04:56:01, Info                         PnPIBS: Skipping the file ItalianLicense.txt because it is not an INF file.
2026-09-27 04:56:01, Info                         PnPIBS: Found the file JapaneseLicense.txt
2026-09-27 04:56:01, Info                         PnPIBS: Skipping the file JapaneseLicense.txt because it is not an INF file.
2026-09-27 04:56:01, Info                         PnPIBS: Found the file KoreanLicense.txt
2026-09-27 04:56:01, Info                         PnPIBS: Skipping the file KoreanLicense.txt because it is not an INF file.
2026-09-27 04:56:01, Info                         PnPIBS: Found the file NorwegianLicense.txt
2026-09-27 04:56:01, Info                         PnPIBS: Skipping the file NorwegianLicense.txt because it is not an INF file.
2026-09-27 04:56:01, Info                         PnPIBS: Found the file PolishLicense.txt
2026-09-27 04:56:01, Info                         PnPIBS: Skipping the file PolishLicense.txt because it is not an INF file.
2026-09-27 04:56:01, Info                         PnPIBS: Found the file PortugueseLicense.txt
2026-09-27 04:56:01, Info                         PnPIBS: Skipping the file PortugueseLicense.txt because it is not an INF file.
2026-09-27 04:56:01, Info                         PnPIBS: Found the file RussianLicense.txt
2026-09-27 04:56:01, Info                         PnPIBS: Skipping the file RussianLicense.txt because it is not an INF file.
2026-09-27 04:56:01, Info                         PnPIBS: Found the file SimplifiedChineseLicense.txt
2026-09-27 04:56:01, Info                         PnPIBS: Skipping the file SimplifiedChineseLicense.txt because it is not an INF file.
2026-09-27 04:56:01, Info                         PnPIBS: Found the file SpanishLicense.txt
2026-09-27 04:56:01, Info                         PnPIBS: Skipping the file SpanishLicense.txt because it is not an INF file.
2026-09-27 04:56:01, Info                         PnPIBS: Found the file SwedishLicense.txt
2026-09-27 04:56:01, Info                         PnPIBS: Skipping the file SwedishLicense.txt because it is not an INF file.
2026-09-27 04:56:01, Info                         PnPIBS: Found the file TraditionalChineseLicense.txt
2026-09-27 04:56:01, Info                         PnPIBS: Skipping the file TraditionalChineseLicense.txt because it is not an INF file.
2026-09-27 04:56:01, Info                         PnPIBS: Found the file TurkishLicense.txt
2026-09-27 04:56:01, Info                         PnPIBS: Skipping the file TurkishLicense.txt because it is not an INF file.
2026-09-27 04:56:01, Info                         PnPIBS: Found the file WdfCoInstaller01005.dll
2026-09-27 04:56:01, Info                         PnPIBS: Skipping the file WdfCoInstaller01005.dll because it is not an INF file.
2026-09-27 04:56:01, Info                         PnPIBS: Finished building list of drivers in the path E:\$WinPEDriver$\AppleWirelessTrackpad64.
2026-09-27 04:56:01, Info                         PnPIBS: Found the directory AsixSetup64.
2026-09-27 04:56:01, Info                         PnPIBS: Building the list of drivers in the path E:\$WinPEDriver$\AsixSetup64 ...
2026-09-27 04:56:01, Info                         PnPIBS: Found the file AppleUSBEthernet.inf
2026-09-27 04:56:01, Info                         PnPIBS: Added driver E:\$WinPEDriver$\AsixSetup64\AppleUSBEthernet.inf to the list of drivers.
2026-09-27 04:56:01, Info                         PnPIBS: Found the file AppleUSBEthernet.sys
2026-09-27 04:56:01, Info                         PnPIBS: Skipping the file AppleUSBEthernet.sys because it is not an INF file.
2026-09-27 04:56:01, Info                         PnPIBS: Found the file AppleUSBEthernetex.cat
2026-09-27 04:56:01, Info                         PnPIBS: Skipping the file AppleUSBEthernetex.cat because it is not an INF file.
2026-09-27 04:56:01, Info                         PnPIBS: Found the file ArabicLicense.txt
2026-09-27 04:56:01, Info                         PnPIBS: Skipping the file ArabicLicense.txt because it is not an INF file.
2026-09-27 04:56:01, Info                         PnPIBS: Found the file BrazilianPortugueseLicense.txt
2026-09-27 04:56:01, Info                         PnPIBS: Skipping the file BrazilianPortugueseLicense.txt because it is not an INF file.
2026-09-27 04:56:01, Info                         PnPIBS: Found the file CzechLicense.txt
2026-09-27 04:56:01, Info                         PnPIBS: Skipping the file CzechLicense.txt because it is not an INF file.
2026-09-27 04:56:01, Info                         PnPIBS: Found the file DPInst.exe
2026-09-27 04:56:01, Info                         PnPIBS: Skipping the file DPInst.exe because it is not an INF file.
2026-09-27 04:56:01, Info                         PnPIBS: Found the file DPInst.xml
2026-09-27 04:56:01, Info                         PnPIBS: Skipping the file DPInst.xml because it is not an INF file.
2026-09-27 04:56:01, Info                         PnPIBS: Found the file DanishLicense.txt
2026-09-27 04:56:01, Info                         PnPIBS: Skipping the file DanishLicense.txt because it is not an INF file.
2026-09-27 04:56:01, Info                         PnPIBS: Found the file DutchLicense.txt
2026-09-27 04:56:01, Info                         PnPIBS: Skipping the file DutchLicense.txt because it is not an INF file.
2026-09-27 04:56:01, Info                         PnPIBS: Found the file EnglishLicense.txt
2026-09-27 04:56:01, Info                         PnPIBS: Skipping the file EnglishLicense.txt because it is not an INF file.
2026-09-27 04:56:01, Info                         PnPIBS: Found the file FinnishLicense.txt
2026-09-27 04:56:01, Info                         PnPIBS: Skipping the file FinnishLicense.txt because it is not an INF file.
2026-09-27 04:56:01, Info                         PnPIBS: Found the file FrenchLicense.txt
2026-09-27 04:56:01, Info                         PnPIBS: Skipping the file FrenchLicense.txt because it is not an INF file.
2026-09-27 04:56:01, Info                         PnPIBS: Found the file GermanLicense.txt
2026-09-27 04:56:01, Info                         PnPIBS: Skipping the file GermanLicense.txt because it is not an INF file.
2026-09-27 04:56:01, Info                         PnPIBS: Found the file HungarianLicense.txt
2026-09-27 04:56:01, Info                         PnPIBS: Skipping the file HungarianLicense.txt because it is not an INF file.
2026-09-27 04:56:01, Info                         PnPIBS: Found the file ItalianLicense.txt
2026-09-27 04:56:01, Info                         PnPIBS: Skipping the file ItalianLicense.txt because it is not an INF file.
2026-09-27 04:56:01, Info                         PnPIBS: Found the file JapaneseLicense.txt
2026-09-27 04:56:01, Info                         PnPIBS: Skipping the file JapaneseLicense.txt because it is not an INF file.
2026-09-27 04:56:01, Info                         PnPIBS: Found the file KoreanLicense.txt
2026-09-27 04:56:01, Info                         PnPIBS: Skipping the file KoreanLicense.txt because it is not an INF file.
2026-09-27 04:56:01, Info                         PnPIBS: Found the file NorwegianLicense.txt
2026-09-27 04:56:01, Info                         PnPIBS: Skipping the file NorwegianLicense.txt because it is not an INF file.
2026-09-27 04:56:01, Info                         PnPIBS: Found the file PolishLicense.txt
2026-09-27 04:56:01, Info                         PnPIBS: Skipping the file PolishLicense.txt because it is not an INF file.
2026-09-27 04:56:01, Info                         PnPIBS: Found the file PortugueseLicense.txt
2026-09-27 04:56:01, Info                         PnPIBS: Skipping the file PortugueseLicense.txt because it is not an INF file.
2026-09-27 04:56:01, Info                         PnPIBS: Found the file RussianLicense.txt
2026-09-27 04:56:01, Info                         PnPIBS: Skipping the file RussianLicense.txt because it is not an INF file.
2026-09-27 04:56:01, Info                         PnPIBS: Found the file SimplifiedChineseLicense.txt
2026-09-27 04:56:01, Info                         PnPIBS: Skipping the file SimplifiedChineseLicense.txt because it is not an INF file.
2026-09-27 04:56:01, Info                         PnPIBS: Found the file SpanishLicense.txt
2026-09-27 04:56:01, Info                         PnPIBS: Skipping the file SpanishLicense.txt because it is not an INF file.
2026-09-27 04:56:01, Info                         PnPIBS: Found the file SwedishLicense.txt
2026-09-27 04:56:01, Info                         PnPIBS: Skipping the file SwedishLicense.txt because it is not an INF file.
2026-09-27 04:56:01, Info                         PnPIBS: Found the file TraditionalChineseLicense.txt
2026-09-27 04:56:01, Info                         PnPIBS: Skipping the file TraditionalChineseLicense.txt because it is not an INF file.
2026-09-27 04:56:01, Info                         PnPIBS: Found the file TurkishLicense.txt
2026-09-27 04:56:01, Info                         PnPIBS: Skipping the file TurkishLicense.txt because it is not an INF file.
2026-09-27 04:56:01, Info                         PnPIBS: Finished building list of drivers in the path E:\$WinPEDriver$\AsixSetup64.
2026-09-27 04:56:01, Info                         PnPIBS: Found the directory BroadcomBluetooth64.
2026-09-27 04:56:01, Info                         PnPIBS: Building the list of drivers in the path E:\$WinPEDriver$\BroadcomBluetooth64 ...
2026-09-27 04:56:01, Info                         PnPIBS: Found the file ArabicLicense.txt
2026-09-27 04:56:01, Info                         PnPIBS: Skipping the file ArabicLicense.txt because it is not an INF file.
2026-09-27 04:56:01, Info                         PnPIBS: Found the file BCM43241B0_002.001.013.0073.0075.hcd
2026-09-27 04:56:01, Info                         PnPIBS: Skipping the file BCM43241B0_002.001.013.0073.0075.hcd because it is not an INF file.
2026-09-27 04:56:01, Info                         PnPIBS: Found the file BCM43241B0_002.001.013.0073.0076.hcd
2026-09-27 04:56:01, Info                         PnPIBS: Skipping the file BCM43241B0_002.001.013.0073.0076.hcd because it is not an INF file.
2026-09-27 04:56:01, Info                         PnPIBS: Found the file BCM43241B0_002.001.013.0073.0077.hcd
2026-09-27 04:56:01, Info                         PnPIBS: Skipping the file BCM43241B0_002.001.013.0073.0077.hcd because it is not an INF file.
2026-09-27 04:56:01, Info                         PnPIBS: Found the file BCM43241B0_002.001.013.0073.0086.hcd
2026-09-27 04:56:01, Info                         PnPIBS: Skipping the file BCM43241B0_002.001.013.0073.0086.hcd because it is not an INF file.
2026-09-27 04:56:01, Info                         PnPIBS: Found the file BCM43241B0_002.001.013.0073.0092.hcd
2026-09-27 04:56:01, Info                         PnPIBS: Skipping the file BCM43241B0_002.001.013.0073.0092.hcd because it is not an INF file.
2026-09-27 04:56:01, Info                         PnPIBS: Found the file BCM4324B3_002.004.006.0130.0133.hcd
2026-09-27 04:56:01, Info                         PnPIBS: Skipping the file BCM4324B3_002.004.006.0130.0133.hcd because it is not an INF file.
2026-09-27 04:56:01, Info                         PnPIBS: Found the file BCM4324B3_002.004.006.0130.0136.hcd
2026-09-27 04:56:01, Info                         PnPIBS: Skipping the file BCM4324B3_002.004.006.0130.0136.hcd because it is not an INF file.
2026-09-27 04:56:01, Info                         PnPIBS: Found the file BCM4324B5_002.006.006.0601.1170.hcd
2026-09-27 04:56:01, Info                         PnPIBS: Skipping the file BCM4324B5_002.006.006.0601.1170.hcd because it is not an INF file.
2026-09-27 04:56:01, Info                         PnPIBS: Found the file BCM4330B1_002.001.003.0967.0970.hcd
2026-09-27 04:56:01, Info                         PnPIBS: Skipping the file BCM4330B1_002.001.003.0967.0970.hcd because it is not an INF file.
2026-09-27 04:56:01, Info                         PnPIBS: Found the file BCM4330B1_002.001.003.0967.0973.hcd
2026-09-27 04:56:01, Info                         PnPIBS: Skipping the file BCM4330B1_002.001.003.0967.0973.hcd because it is not an INF file.
2026-09-27 04:56:01, Info                         PnPIBS: Found the file BCM4330B1_002.001.003.0967.0976.hcd
2026-09-27 04:56:01, Info                         PnPIBS: Skipping the file BCM4330B1_002.001.003.0967.0976.hcd because it is not an INF file.
2026-09-27 04:56:01, Info                         PnPIBS: Found the file BCM4330B1_002.001.003.0967.0978.hcd
2026-09-27 04:56:01, Info                         PnPIBS: Skipping the file BCM4330B1_002.001.003.0967.0978.hcd because it is not an INF file.
2026-09-27 04:56:01, Info                         PnPIBS: Found the file BCM4330B1_002.001.003.0967.0979.hcd
2026-09-27 04:56:01, Info                         PnPIBS: Skipping the file BCM4330B1_002.001.003.0967.0979.hcd because it is not an INF file.
2026-09-27 04:56:01, Info                         PnPIBS: Found the file BCM4330B1_002.001.003.0967.0982.hcd
2026-09-27 04:56:01, Info                         PnPIBS: Skipping the file BCM4330B1_002.001.003.0967.0982.hcd because it is not an INF file.
2026-09-27 04:56:01, Info                         PnPIBS: Found the file BCM4330B1_002.001.003.0967.0991.hcd
2026-09-27 04:56:01, Info                         PnPIBS: Skipping the file BCM4330B1_002.001.003.0967.0991.hcd because it is not an INF file.
2026-09-27 04:56:01, Info                         PnPIBS: Found the file BCM4330B1_002.001.003.0967.0993.hcd
2026-09-27 04:56:01, Info                         PnPIBS: Skipping the file BCM4330B1_002.001.003.0967.0993.hcd because it is not an INF file.
2026-09-27 04:56:01, Info                         PnPIBS: Found the file BCM4330B1_002.001.003.0967.1024.hcd
2026-09-27 04:56:01, Info                         PnPIBS: Skipping the file BCM4330B1_002.001.003.0967.1024.hcd because it is not an INF file.
2026-09-27 04:56:01, Info                         PnPIBS: Found the file BCM4330B1_002.001.003.0967.1320.hcd
2026-09-27 04:56:01, Info                         PnPIBS: Skipping the file BCM4330B1_002.001.003.0967.1320.hcd because it is not an INF file.
2026-09-27 04:56:01, Info                         PnPIBS: Found the file BCM4330B1_002.001.003.0967.1321.hcd
2026-09-27 04:56:01, Info                         PnPIBS: Skipping the file BCM4330B1_002.001.003.0967.1321.hcd because it is not an INF file.
2026-09-27 04:56:01, Info                         PnPIBS: Found the file BCM4330B1_002.001.003.1227.1237.hcd
2026-09-27 04:56:01, Info                         PnPIBS: Skipping the file BCM4330B1_002.001.003.1227.1237.hcd because it is not an INF file.
2026-09-27 04:56:01, Info                         PnPIBS: Found the file BCM4330B1_002.001.003.1313.1316.hcd
2026-09-27 04:56:01, Info                         PnPIBS: Skipping the file BCM4330B1_002.001.003.1313.1316.hcd because it is not an INF file.
2026-09-27 04:56:01, Info                         PnPIBS: Found the file BCM43341B0_002.001.014.0122.0176.hcd
2026-09-27 04:56:01, Info                         PnPIBS: Skipping the file BCM43341B0_002.001.014.0122.0176.hcd because it is not an INF file.
2026-09-27 04:56:01, Info                         PnPIBS: Found the file BCM4334B0_002.001.013.1675.1762.hcd
2026-09-27 04:56:01, Info                         PnPIBS: Skipping the file BCM4334B0_002.001.013.1675.1762.hcd because it is not an INF file.
2026-09-27 04:56:01, Info                         PnPIBS: Found the file BCM4343A0_001.001.034.0047.0155.hcd
2026-09-27 04:56:01, Info                         PnPIBS: Skipping the file BCM4343A0_001.001.034.0047.0155.hcd because it is not an INF file.
2026-09-27 04:56:01, Info                         PnPIBS: Found the file BCM4343A0_001.001.034.0055.0211.hcd
2026-09-27 04:56:01, Info                         PnPIBS: Skipping the file BCM4343A0_001.001.034.0055.0211.hcd because it is not an INF file.
2026-09-27 04:56:01, Info                         PnPIBS: Found the file BCM4343A0_001.001.034.0055.0213.hcd
2026-09-27 04:56:01, Info                         PnPIBS: Skipping the file BCM4343A0_001.001.034.0055.0213.hcd because it is not an INF file.
2026-09-27 04:56:01, Info                         PnPIBS: Found the file BCM4343A0_001.001.034.0061.0240.hcd
2026-09-27 04:56:01, Info                         PnPIBS: Skipping the file BCM4343A0_001.001.034.0061.0240.hcd because it is not an INF file.
2026-09-27 04:56:01, Info                         PnPIBS: Found the file BCM4343A1_001.002.009.0034.0124.hcd
2026-09-27 04:56:01, Info                         PnPIBS: Skipping the file BCM4343A1_001.002.009.0034.0124.hcd because it is not an INF file.
2026-09-27 04:56:01, Info                         PnPIBS: Found the file BCM4354_003.001.012.0211.0326.hcd
2026-09-27 04:56:01, Info                         PnPIBS: Skipping the file BCM4354_003.001.012.0211.0326.hcd because it is not an INF file.
2026-09-27 04:56:01, Info                         PnPIBS: Found the file BCM4354_003.001.012.0211.0329.hcd
2026-09-27 04:56:01, Info                         PnPIBS: Skipping the file BCM4354_003.001.012.0211.0329.hcd because it is not an INF file.
2026-09-27 04:56:01, Info                         PnPIBS: Found the file BCM4354_003.001.012.0211.0339.hcd
2026-09-27 04:56:01, Info                         PnPIBS: Skipping the file BCM4354_003.001.012.0211.0339.hcd because it is not an INF file.
2026-09-27 04:56:01, Info                         PnPIBS: Found the file BCM4356A2_001.003.015.0041.0084.hcd
2026-09-27 04:56:01, Info                         PnPIBS: Skipping the file BCM4356A2_001.003.015.0041.0084.hcd because it is not an INF file.
2026-09-27 04:56:01, Info                         PnPIBS: Found the file BCM4356A2_001.003.015.0041.0089.hcd
2026-09-27 04:56:01, Info                         PnPIBS: Skipping the file BCM4356A2_001.003.015.0041.0089.hcd because it is not an INF file.
2026-09-27 04:56:01, Info                         PnPIBS: Found the file BCM4356A2_001.003.015.0080.0224.hcd
2026-09-27 04:56:01, Info                         PnPIBS: Skipping the file BCM4356A2_001.003.015.0080.0224.hcd because it is not an INF file.
2026-09-27 04:56:01, Info                         PnPIBS: Found the file BrazilianPortugueseLicense.txt
2026-09-27 04:56:01, Info                         PnPIBS: Skipping the file BrazilianPortugueseLicense.txt because it is not an INF file.
2026-09-27 04:56:01, Info                         PnPIBS: Found the file BtwSerialBus-dev.inf
2026-09-27 04:56:01, Info                         PnPIBS: Added driver E:\$WinPEDriver$\BroadcomBluetooth64\BtwSerialBus-dev.inf to the list of drivers.
2026-09-27 04:56:01, Info                         PnPIBS: Found the file BtwSerialBus.sys
2026-09-27 04:56:01, Info                         PnPIBS: Skipping the file BtwSerialBus.sys because it is not an INF file.
2026-09-27 04:56:01, Info                         PnPIBS: Found the file CzechLicense.txt
2026-09-27 04:56:01, Info                         PnPIBS: Skipping the file CzechLicense.txt because it is not an INF file.
2026-09-27 04:56:01, Info                         PnPIBS: Found the file DPInst.exe
2026-09-27 04:56:01, Info                         PnPIBS: Skipping the file DPInst.exe because it is not an INF file.
2026-09-27 04:56:01, Info                         PnPIBS: Found the file DPInst.xml
2026-09-27 04:56:01, Info                         PnPIBS: Skipping the file DPInst.xml because it is not an INF file.
2026-09-27 04:56:01, Info                         PnPIBS: Found the file DanishLicense.txt
2026-09-27 04:56:01, Info                         PnPIBS: Skipping the file DanishLicense.txt because it is not an INF file.
2026-09-27 04:56:01, Info                         PnPIBS: Found the file DutchLicense.txt
2026-09-27 04:56:01, Info                         PnPIBS: Skipping the file DutchLicense.txt because it is not an INF file.
2026-09-27 04:56:01, Info                         PnPIBS: Found the file EnglishLicense.txt
2026-09-27 04:56:01, Info                         PnPIBS: Skipping the file EnglishLicense.txt because it is not an INF file.
2026-09-27 04:56:01, Info                         PnPIBS: Found the file FinnishLicense.txt
2026-09-27 04:56:01, Info                         PnPIBS: Skipping the file FinnishLicense.txt because it is not an INF file.
2026-09-27 04:56:01, Info                         PnPIBS: Found the file FrenchLicense.txt
2026-09-27 04:56:01, Info                         PnPIBS: Skipping the file FrenchLicense.txt because it is not an INF file.
2026-09-27 04:56:01, Info                         PnPIBS: Found the file GermanLicense.txt
2026-09-27 04:56:01, Info                         PnPIBS: Skipping the file GermanLicense.txt because it is not an INF file.
2026-09-27 04:56:01, Info                         PnPIBS: Found the file HungarianLicense.txt
2026-09-27 04:56:01, Info                         PnPIBS: Skipping the file HungarianLicense.txt because it is not an INF file.
2026-09-27 04:56:01, Info                         PnPIBS: Found the file ItalianLicense.txt
2026-09-27 04:56:01, Info                         PnPIBS: Skipping the file ItalianLicense.txt because it is not an INF file.
2026-09-27 04:56:01, Info                         PnPIBS: Found the file JapaneseLicense.txt
2026-09-27 04:56:01, Info                         PnPIBS: Skipping the file JapaneseLicense.txt because it is not an INF file.
2026-09-27 04:56:01, Info                         PnPIBS: Found the file KoreanLicense.txt
2026-09-27 04:56:01, Info                         PnPIBS: Skipping the file KoreanLicense.txt because it is not an INF file.
2026-09-27 04:56:01, Info                         PnPIBS: Found the file NorwegianLicense.txt
2026-09-27 04:56:01, Info                         PnPIBS: Skipping the file NorwegianLicense.txt because it is not an INF file.
2026-09-27 04:56:01, Info                         PnPIBS: Found the file PolishLicense.txt
2026-09-27 04:56:01, Info                         PnPIBS: Skipping the file PolishLicense.txt because it is not an INF file.
2026-09-27 04:56:01, Info                         PnPIBS: Found the file PortugueseLicense.txt
2026-09-27 04:56:01, Info                         PnPIBS: Skipping the file PortugueseLicense.txt because it is not an INF file.
2026-09-27 04:56:01, Info                         PnPIBS: Found the file RussianLicense.txt
2026-09-27 04:56:01, Info                         PnPIBS: Skipping the file RussianLicense.txt because it is not an INF file.
2026-09-27 04:56:01, Info                         PnPIBS: Found the file SimplifiedChineseLicense.txt
2026-09-27 04:56:01, Info                         PnPIBS: Skipping the file SimplifiedChineseLicense.txt because it is not an INF file.
2026-09-27 04:56:01, Info                         PnPIBS: Found the file SpanishLicense.txt
2026-09-27 04:56:01, Info                         PnPIBS: Skipping the file SpanishLicense.txt because it is not an INF file.
2026-09-27 04:56:01, Info                         PnPIBS: Found the file SwedishLicense.txt
2026-09-27 04:56:01, Info                         PnPIBS: Skipping the file SwedishLicense.txt because it is not an INF file.
2026-09-27 04:56:01, Info                         PnPIBS: Found the file TraditionalChineseLicense.txt
2026-09-27 04:56:01, Info                         PnPIBS: Skipping the file TraditionalChineseLicense.txt because it is not an INF file.
2026-09-27 04:56:01, Info                         PnPIBS: Found the file TurkishLicense.txt
2026-09-27 04:56:01, Info                         PnPIBS: Skipping the file TurkishLicense.txt because it is not an INF file.
2026-09-27 04:56:01, Info                         PnPIBS: Found the file btwampfl.sys
2026-09-27 04:56:01, Info                         PnPIBS: Skipping the file btwampfl.sys because it is not an INF file.
2026-09-27 04:56:01, Info                         PnPIBS: Found the file btwserialbus-devx64.cat
2026-09-27 04:56:01, Info                         PnPIBS: Skipping the file btwserialbus-devx64.cat because it is not an INF file.
2026-09-27 04:56:01, Info                         PnPIBS: Finished building list of drivers in the path E:\$WinPEDriver$\BroadcomBluetooth64.
2026-09-27 04:56:01, Info                         PnPIBS: Found the directory BroadcomBluetoothHID64.
2026-09-27 04:56:01, Info                         PnPIBS: Building the list of drivers in the path E:\$WinPEDriver$\BroadcomBluetoothHID64 ...
2026-09-27 04:56:01, Info                         PnPIBS: Found the file UheBtHid.inf
2026-09-27 04:56:01, Info                         PnPIBS: Added driver E:\$WinPEDriver$\BroadcomBluetoothHID64\UheBtHid.inf to the list of drivers.
2026-09-27 04:56:01, Info                         PnPIBS: Found the file UheSerialBus.inf
2026-09-27 04:56:01, Info                         PnPIBS: Added driver E:\$WinPEDriver$\BroadcomBluetoothHID64\UheSerialBus.inf to the list of drivers.
2026-09-27 04:56:01, Info                         PnPIBS: Found the file UheSerialBus.sys
2026-09-27 04:56:01, Info                         PnPIBS: Skipping the file UheSerialBus.sys because it is not an INF file.
2026-09-27 04:56:01, Info                         PnPIBS: Found the file uhebthid-x64.cat
2026-09-27 04:56:01, Info                         PnPIBS: Skipping the file uhebthid-x64.cat because it is not an INF file.
2026-09-27 04:56:01, Info                         PnPIBS: Found the file uhebthid.sys
2026-09-27 04:56:01, Info                         PnPIBS: Skipping the file uhebthid.sys because it is not an INF file.
2026-09-27 04:56:01, Info                         PnPIBS: Found the file uheserialbus-x64.cat
2026-09-27 04:56:01, Info                         PnPIBS: Skipping the file uheserialbus-x64.cat because it is not an INF file.
2026-09-27 04:56:01, Info                         PnPIBS: Finished building list of drivers in the path E:\$WinPEDriver$\BroadcomBluetoothHID64.
2026-09-27 04:56:01, Info                         PnPIBS: Found the directory BroadcomCardReader64.
2026-09-27 04:56:01, Info                         PnPIBS: Building the list of drivers in the path E:\$WinPEDriver$\BroadcomCardReader64 ...
2026-09-27 04:56:01, Info                         PnPIBS: Found the file ArabicLicense.txt
2026-09-27 04:56:01, Info                         PnPIBS: Skipping the file ArabicLicense.txt because it is not an INF file.
2026-09-27 04:56:01, Info                         PnPIBS: Found the file BrazilianPortugueseLicense.txt
2026-09-27 04:56:01, Info                         PnPIBS: Skipping the file BrazilianPortugueseLicense.txt because it is not an INF file.
2026-09-27 04:56:01, Info                         PnPIBS: Found the file CzechLicense.txt
2026-09-27 04:56:01, Info                         PnPIBS: Skipping the file CzechLicense.txt because it is not an INF file.
2026-09-27 04:56:01, Info                         PnPIBS: Found the file DPInst.exe
2026-09-27 04:56:01, Info                         PnPIBS: Skipping the file DPInst.exe because it is not an INF file.
2026-09-27 04:56:01, Info                         PnPIBS: Found the file DPInst.xml
2026-09-27 04:56:01, Info                         PnPIBS: Skipping the file DPInst.xml because it is not an INF file.
2026-09-27 04:56:01, Info                         PnPIBS: Found the file DanishLicense.txt
2026-09-27 04:56:01, Info                         PnPIBS: Skipping the file DanishLicense.txt because it is not an INF file.
2026-09-27 04:56:01, Info                         PnPIBS: Found the file DutchLicense.txt
2026-09-27 04:56:01, Info                         PnPIBS: Skipping the file DutchLicense.txt because it is not an INF file.
2026-09-27 04:56:01, Info                         PnPIBS: Found the file EnglishLicense.txt
2026-09-27 04:56:01, Info                         PnPIBS: Skipping the file EnglishLicense.txt because it is not an INF file.
2026-09-27 04:56:01, Info                         PnPIBS: Found the file FinnishLicense.txt
2026-09-27 04:56:01, Info                         PnPIBS: Skipping the file FinnishLicense.txt because it is not an INF file.
2026-09-27 04:56:01, Info                         PnPIBS: Found the file FrenchLicense.txt
2026-09-27 04:56:01, Info                         PnPIBS: Skipping the file FrenchLicense.txt because it is not an INF file.
2026-09-27 04:56:01, Info                         PnPIBS: Found the file GermanLicense.txt
2026-09-27 04:56:01, Info                         PnPIBS: Skipping the file GermanLicense.txt because it is not an INF file.
2026-09-27 04:56:01, Info                         PnPIBS: Found the file HungarianLicense.txt
2026-09-27 04:56:01, Info                         PnPIBS: Skipping the file HungarianLicense.txt because it is not an INF file.
2026-09-27 04:56:01, Info                         PnPIBS: Found the file ItalianLicense.txt
2026-09-27 04:56:01, Info                         PnPIBS: Skipping the file ItalianLicense.txt because it is not an INF file.
2026-09-27 04:56:01, Info                         PnPIBS: Found the file JapaneseLicense.txt
2026-09-27 04:56:01, Info                         PnPIBS: Skipping the file JapaneseLicense.txt because it is not an INF file.
2026-09-27 04:56:01, Info                         PnPIBS: Found the file KoreanLicense.txt
2026-09-27 04:56:01, Info                         PnPIBS: Skipping the file KoreanLicense.txt because it is not an INF file.
2026-09-27 04:56:01, Info                         PnPIBS: Found the file NorwegianLicense.txt
2026-09-27 04:56:01, Info                         PnPIBS: Skipping the file NorwegianLicense.txt because it is not an INF file.
2026-09-27 04:56:01, Info                         PnPIBS: Found the file PolishLicense.txt
2026-09-27 04:56:01, Info                         PnPIBS: Skipping the file PolishLicense.txt because it is not an INF file.
2026-09-27 04:56:01, Info                         PnPIBS: Found the file PortugueseLicense.txt
2026-09-27 04:56:01, Info                         PnPIBS: Skipping the file PortugueseLicense.txt because it is not an INF file.
2026-09-27 04:56:01, Info                         PnPIBS: Found the file Release.txt
2026-09-27 04:56:01, Info                         PnPIBS: Skipping the file Release.txt because it is not an INF file.
2026-09-27 04:56:01, Info                         PnPIBS: Found the file RussianLicense.txt
2026-09-27 04:56:01, Info                         PnPIBS: Skipping the file RussianLicense.txt because it is not an INF file.
2026-09-27 04:56:01, Info                         PnPIBS: Found the file SimplifiedChineseLicense.txt
2026-09-27 04:56:01, Info                         PnPIBS: Skipping the file SimplifiedChineseLicense.txt because it is not an INF file.
2026-09-27 04:56:01, Info                         PnPIBS: Found the file SpanishLicense.txt
2026-09-27 04:56:01, Info                         PnPIBS: Skipping the file SpanishLicense.txt because it is not an INF file.
2026-09-27 04:56:01, Info                         PnPIBS: Found the file SwedishLicense.txt
2026-09-27 04:56:01, Info                         PnPIBS: Skipping the file SwedishLicense.txt because it is not an INF file.
2026-09-27 04:56:01, Info                         PnPIBS: Found the file TraditionalChineseLicense.txt
2026-09-27 04:56:01, Info                         PnPIBS: Skipping the file TraditionalChineseLicense.txt because it is not an INF file.
2026-09-27 04:56:01, Info                         PnPIBS: Found the file TurkishLicense.txt
2026-09-27 04:56:01, Info                         PnPIBS: Skipping the file TurkishLicense.txt because it is not an INF file.
2026-09-27 04:56:01, Info                         PnPIBS: Found the file bScsiSDa.inf
2026-09-27 04:56:01, Info                         PnPIBS: Added driver E:\$WinPEDriver$\BroadcomCardReader64\bScsiSDa.inf to the list of drivers.
2026-09-27 04:56:01, Info                         PnPIBS: Found the file bScsiSDa.sys
2026-09-27 04:56:01, Info                         PnPIBS: Skipping the file bScsiSDa.sys because it is not an INF file.
2026-09-27 04:56:01, Info                         PnPIBS: Found the file bscsisda.cat
2026-09-27 04:56:01, Info                         PnPIBS: Skipping the file bscsisda.cat because it is not an INF file.
2026-09-27 04:56:01, Info                         PnPIBS: Finished building list of drivers in the path E:\$WinPEDriver$\BroadcomCardReader64.
2026-09-27 04:56:01, Info                         PnPIBS: Found the directory BroadcomComController64.
2026-09-27 04:56:01, Info                         PnPIBS: Building the list of drivers in the path E:\$WinPEDriver$\BroadcomComController64 ...
2026-09-27 04:56:01, Info                         PnPIBS: Found the file ArabicLicense.txt
2026-09-27 04:56:01, Info                         PnPIBS: Skipping the file ArabicLicense.txt because it is not an INF file.
2026-09-27 04:56:01, Info                         PnPIBS: Found the file B57Ports.inf
2026-09-27 04:56:01, Info                         PnPIBS: Added driver E:\$WinPEDriver$\BroadcomComController64\B57Ports.inf to the list of drivers.
2026-09-27 04:56:01, Info                         PnPIBS: Found the file BrazilianPortugueseLicense.txt
2026-09-27 04:56:01, Info                         PnPIBS: Skipping the file BrazilianPortugueseLicense.txt because it is not an INF file.
2026-09-27 04:56:01, Info                         PnPIBS: Found the file CzechLicense.txt
2026-09-27 04:56:01, Info                         PnPIBS: Skipping the file CzechLicense.txt because it is not an INF file.
2026-09-27 04:56:01, Info                         PnPIBS: Found the file DPInst.exe
2026-09-27 04:56:01, Info                         PnPIBS: Skipping the file DPInst.exe because it is not an INF file.
2026-09-27 04:56:01, Info                         PnPIBS: Found the file DPInst.xml
2026-09-27 04:56:01, Info                         PnPIBS: Skipping the file DPInst.xml because it is not an INF file.
2026-09-27 04:56:01, Info                         PnPIBS: Found the file DanishLicense.txt
2026-09-27 04:56:01, Info                         PnPIBS: Skipping the file DanishLicense.txt because it is not an INF file.
2026-09-27 04:56:01, Info                         PnPIBS: Found the file DutchLicense.txt
2026-09-27 04:56:01, Info                         PnPIBS: Skipping the file DutchLicense.txt because it is not an INF file.
2026-09-27 04:56:01, Info                         PnPIBS: Found the file EnglishLicense.txt
2026-09-27 04:56:01, Info                         PnPIBS: Skipping the file EnglishLicense.txt because it is not an INF file.
2026-09-27 04:56:01, Info                         PnPIBS: Found the file FinnishLicense.txt
2026-09-27 04:56:01, Info                         PnPIBS: Skipping the file FinnishLicense.txt because it is not an INF file.
2026-09-27 04:56:01, Info                         PnPIBS: Found the file FrenchLicense.txt
2026-09-27 04:56:01, Info                         PnPIBS: Skipping the file FrenchLicense.txt because it is not an INF file.
2026-09-27 04:56:01, Info                         PnPIBS: Found the file GermanLicense.txt
2026-09-27 04:56:01, Info                         PnPIBS: Skipping the file GermanLicense.txt because it is not an INF file.
2026-09-27 04:56:01, Info                         PnPIBS: Found the file HungarianLicense.txt
2026-09-27 04:56:01, Info                         PnPIBS: Skipping the file HungarianLicense.txt because it is not an INF file.
2026-09-27 04:56:01, Info                         PnPIBS: Found the file ItalianLicense.txt
2026-09-27 04:56:01, Info                         PnPIBS: Skipping the file ItalianLicense.txt because it is not an INF file.
2026-09-27 04:56:01, Info                         PnPIBS: Found the file JapaneseLicense.txt
2026-09-27 04:56:01, Info                         PnPIBS: Skipping the file JapaneseLicense.txt because it is not an INF file.
2026-09-27 04:56:01, Info                         PnPIBS: Found the file KoreanLicense.txt
2026-09-27 04:56:01, Info                         PnPIBS: Skipping the file KoreanLicense.txt because it is not an INF file.
2026-09-27 04:56:01, Info                         PnPIBS: Found the file NorwegianLicense.txt
2026-09-27 04:56:01, Info                         PnPIBS: Skipping the file NorwegianLicense.txt because it is not an INF file.
2026-09-27 04:56:01, Info                         PnPIBS: Found the file PolishLicense.txt
2026-09-27 04:56:01, Info                         PnPIBS: Skipping the file PolishLicense.txt because it is not an INF file.
2026-09-27 04:56:01, Info                         PnPIBS: Found the file PortugueseLicense.txt
2026-09-27 04:56:01, Info                         PnPIBS: Skipping the file PortugueseLicense.txt because it is not an INF file.
2026-09-27 04:56:01, Info                         PnPIBS: Found the file RussianLicense.txt
2026-09-27 04:56:01, Info                         PnPIBS: Skipping the file RussianLicense.txt because it is not an INF file.
2026-09-27 04:56:01, Info                         PnPIBS: Found the file SimplifiedChineseLicense.txt
2026-09-27 04:56:01, Info                         PnPIBS: Skipping the file SimplifiedChineseLicense.txt because it is not an INF file.
2026-09-27 04:56:01, Info                         PnPIBS: Found the file SpanishLicense.txt
2026-09-27 04:56:01, Info                         PnPIBS: Skipping the file SpanishLicense.txt because it is not an INF file.
2026-09-27 04:56:01, Info                         PnPIBS: Found the file SwedishLicense.txt
2026-09-27 04:56:01, Info                         PnPIBS: Skipping the file SwedishLicense.txt because it is not an INF file.
2026-09-27 04:56:01, Info                         PnPIBS: Found the file TraditionalChineseLicense.txt
2026-09-27 04:56:01, Info                         PnPIBS: Skipping the file TraditionalChineseLicense.txt because it is not an INF file.
2026-09-27 04:56:01, Info                         PnPIBS: Found the file TurkishLicense.txt
2026-09-27 04:56:01, Info                         PnPIBS: Skipping the file TurkishLicense.txt because it is not an INF file.
2026-09-27 04:56:01, Info                         PnPIBS: Found the directory amd64.
2026-09-27 04:56:01, Info                         PnPIBS: Building the list of drivers in the path E:\$WinPEDriver$\BroadcomComController64\amd64 ...
2026-09-27 04:56:01, Info                         PnPIBS: Found the file B57Ports.sys
2026-09-27 04:56:01, Info                         PnPIBS: Skipping the file B57Ports.sys because it is not an INF file.
2026-09-27 04:56:01, Info                         PnPIBS: Finished building list of drivers in the path E:\$WinPEDriver$\BroadcomComController64\amd64.
2026-09-27 04:56:01, Info                         PnPIBS: Found the file b57ports.cat
2026-09-27 04:56:01, Info                         PnPIBS: Skipping the file b57ports.cat because it is not an INF file.
2026-09-27 04:56:01, Info                         PnPIBS: Finished building list of drivers in the path E:\$WinPEDriver$\BroadcomComController64.
2026-09-27 04:56:01, Info                         PnPIBS: Found the directory BroadcomEthernet64.
2026-09-27 04:56:01, Info                         PnPIBS: Building the list of drivers in the path E:\$WinPEDriver$\BroadcomEthernet64 ...
2026-09-27 04:56:01, Info                         PnPIBS: Found the file ArabicLicense.txt
2026-09-27 04:56:01, Info                         PnPIBS: Skipping the file ArabicLicense.txt because it is not an INF file.
2026-09-27 04:56:01, Info                         PnPIBS: Found the file BrazilianPortugueseLicense.txt
2026-09-27 04:56:01, Info                         PnPIBS: Skipping the file BrazilianPortugueseLicense.txt because it is not an INF file.
2026-09-27 04:56:01, Info                         PnPIBS: Found the file CzechLicense.txt
2026-09-27 04:56:01, Info                         PnPIBS: Skipping the file CzechLicense.txt because it is not an INF file.
2026-09-27 04:56:01, Info                         PnPIBS: Found the file DPInst.exe
2026-09-27 04:56:01, Info                         PnPIBS: Skipping the file DPInst.exe because it is not an INF file.
2026-09-27 04:56:01, Info                         PnPIBS: Found the file DPInst.xml
2026-09-27 04:56:01, Info                         PnPIBS: Skipping the file DPInst.xml because it is not an INF file.
2026-09-27 04:56:01, Info                         PnPIBS: Found the file DanishLicense.txt
2026-09-27 04:56:01, Info                         PnPIBS: Skipping the file DanishLicense.txt because it is not an INF file.
2026-09-27 04:56:01, Info                         PnPIBS: Found the file DutchLicense.txt
2026-09-27 04:56:01, Info                         PnPIBS: Skipping the file DutchLicense.txt because it is not an INF file.
2026-09-27 04:56:01, Info                         PnPIBS: Found the file EnglishLicense.txt
2026-09-27 04:56:01, Info                         PnPIBS: Skipping the file EnglishLicense.txt because it is not an INF file.
2026-09-27 04:56:01, Info                         PnPIBS: Found the file FinnishLicense.txt
2026-09-27 04:56:01, Info                         PnPIBS: Skipping the file FinnishLicense.txt because it is not an INF file.
2026-09-27 04:56:01, Info                         PnPIBS: Found the file FrenchLicense.txt
2026-09-27 04:56:01, Info                         PnPIBS: Skipping the file FrenchLicense.txt because it is not an INF file.
2026-09-27 04:56:01, Info                         PnPIBS: Found the file GermanLicense.txt
2026-09-27 04:56:01, Info                         PnPIBS: Skipping the file GermanLicense.txt because it is not an INF file.
2026-09-27 04:56:01, Info                         PnPIBS: Found the file HungarianLicense.txt
2026-09-27 04:56:01, Info                         PnPIBS: Skipping the file HungarianLicense.txt because it is not an INF file.
2026-09-27 04:56:01, Info                         PnPIBS: Found the file ItalianLicense.txt
2026-09-27 04:56:01, Info                         PnPIBS: Skipping the file ItalianLicense.txt because it is not an INF file.
2026-09-27 04:56:01, Info                         PnPIBS: Found the file JapaneseLicense.txt
2026-09-27 04:56:01, Info                         PnPIBS: Skipping the file JapaneseLicense.txt because it is not an INF file.
2026-09-27 04:56:01, Info                         PnPIBS: Found the file KoreanLicense.txt
2026-09-27 04:56:01, Info                         PnPIBS: Skipping the file KoreanLicense.txt because it is not an INF file.
2026-09-27 04:56:01, Info                         PnPIBS: Found the file NorwegianLicense.txt
2026-09-27 04:56:01, Info                         PnPIBS: Skipping the file NorwegianLicense.txt because it is not an INF file.
2026-09-27 04:56:01, Info                         PnPIBS: Found the file PolishLicense.txt
2026-09-27 04:56:01, Info                         PnPIBS: Skipping the file PolishLicense.txt because it is not an INF file.
2026-09-27 04:56:01, Info                         PnPIBS: Found the file PortugueseLicense.txt
2026-09-27 04:56:01, Info                         PnPIBS: Skipping the file PortugueseLicense.txt because it is not an INF file.
2026-09-27 04:56:01, Info                         PnPIBS: Found the file RussianLicense.txt
2026-09-27 04:56:01, Info                         PnPIBS: Skipping the file RussianLicense.txt because it is not an INF file.
2026-09-27 04:56:01, Info                         PnPIBS: Found the file SimplifiedChineseLicense.txt
2026-09-27 04:56:01, Info                         PnPIBS: Skipping the file SimplifiedChineseLicense.txt because it is not an INF file.
2026-09-27 04:56:01, Info                         PnPIBS: Found the file SpanishLicense.txt
2026-09-27 04:56:01, Info                         PnPIBS: Skipping the file SpanishLicense.txt because it is not an INF file.
2026-09-27 04:56:01, Info                         PnPIBS: Found the file SwedishLicense.txt
2026-09-27 04:56:01, Info                         PnPIBS: Skipping the file SwedishLicense.txt because it is not an INF file.
2026-09-27 04:56:01, Info                         PnPIBS: Found the file TraditionalChineseLicense.txt
2026-09-27 04:56:01, Info                         PnPIBS: Skipping the file TraditionalChineseLicense.txt because it is not an INF file.
2026-09-27 04:56:01, Info                         PnPIBS: Found the file TurkishLicense.txt
2026-09-27 04:56:01, Info                         PnPIBS: Skipping the file TurkishLicense.txt because it is not an INF file.
2026-09-27 04:56:01, Info                         PnPIBS: Found the file b57nd60a.cat
2026-09-27 04:56:01, Info                         PnPIBS: Skipping the file b57nd60a.cat because it is not an INF file.
2026-09-27 04:56:01, Info                         PnPIBS: Found the file b57nd60a.inf
2026-09-27 04:56:01, Info                         PnPIBS: Added driver E:\$WinPEDriver$\BroadcomEthernet64\b57nd60a.inf to the list of drivers.
2026-09-27 04:56:01, Info                         PnPIBS: Found the file b57nd60a.sys
2026-09-27 04:56:01, Info                         PnPIBS: Skipping the file b57nd60a.sys because it is not an INF file.
2026-09-27 04:56:01, Info                         PnPIBS: Found the file release.txt
2026-09-27 04:56:01, Info                         PnPIBS: Skipping the file release.txt because it is not an INF file.
2026-09-27 04:56:01, Info                         PnPIBS: Finished building list of drivers in the path E:\$WinPEDriver$\BroadcomEthernet64.
2026-09-27 04:56:01, Info                         PnPIBS: Found the directory BroadcomWirelessWin8x64.
2026-09-27 04:56:01, Info                         PnPIBS: Building the list of drivers in the path E:\$WinPEDriver$\BroadcomWirelessWin8x64 ...
2026-09-27 04:56:01, Info                         PnPIBS: Found the file ArabicLicense.txt
2026-09-27 04:56:01, Info                         PnPIBS: Skipping the file ArabicLicense.txt because it is not an INF file.
2026-09-27 04:56:01, Info                         PnPIBS: Found the file BrazilianPortugueseLicense.txt
2026-09-27 04:56:01, Info                         PnPIBS: Skipping the file BrazilianPortugueseLicense.txt because it is not an INF file.
2026-09-27 04:56:01, Info                         PnPIBS: Found the file CzechLicense.txt
2026-09-27 04:56:01, Info                         PnPIBS: Skipping the file CzechLicense.txt because it is not an INF file.
2026-09-27 04:56:01, Info                         PnPIBS: Found the file DPInst.exe
2026-09-27 04:56:01, Info                         PnPIBS: Skipping the file DPInst.exe because it is not an INF file.
2026-09-27 04:56:01, Info                         PnPIBS: Found the file DPInst.xml
2026-09-27 04:56:01, Info                         PnPIBS: Skipping the file DPInst.xml because it is not an INF file.
2026-09-27 04:56:01, Info                         PnPIBS: Found the file DanishLicense.txt
2026-09-27 04:56:01, Info                         PnPIBS: Skipping the file DanishLicense.txt because it is not an INF file.
2026-09-27 04:56:01, Info                         PnPIBS: Found the file DutchLicense.txt
2026-09-27 04:56:01, Info                         PnPIBS: Skipping the file DutchLicense.txt because it is not an INF file.
2026-09-27 04:56:01, Info                         PnPIBS: Found the file EnglishLicense.txt
2026-09-27 04:56:01, Info                         PnPIBS: Skipping the file EnglishLicense.txt because it is not an INF file.
2026-09-27 04:56:01, Info                         PnPIBS: Found the file FinnishLicense.txt
2026-09-27 04:56:01, Info                         PnPIBS: Skipping the file FinnishLicense.txt because it is not an INF file.
2026-09-27 04:56:01, Info                         PnPIBS: Found the file FrenchLicense.txt
2026-09-27 04:56:01, Info                         PnPIBS: Skipping the file FrenchLicense.txt because it is not an INF file.
2026-09-27 04:56:01, Info                         PnPIBS: Found the file GermanLicense.txt
2026-09-27 04:56:01, Info                         PnPIBS: Skipping the file GermanLicense.txt because it is not an INF file.
2026-09-27 04:56:01, Info                         PnPIBS: Found the file HungarianLicense.txt
2026-09-27 04:56:01, Info                         PnPIBS: Skipping the file HungarianLicense.txt because it is not an INF file.
2026-09-27 04:56:01, Info                         PnPIBS: Found the file ItalianLicense.txt
2026-09-27 04:56:01, Info                         PnPIBS: Skipping the file ItalianLicense.txt because it is not an INF file.
2026-09-27 04:56:01, Info                         PnPIBS: Found the file JapaneseLicense.txt
2026-09-27 04:56:01, Info                         PnPIBS: Skipping the file JapaneseLicense.txt because it is not an INF file.
2026-09-27 04:56:01, Info                         PnPIBS: Found the file KoreanLicense.txt
2026-09-27 04:56:01, Info                         PnPIBS: Skipping the file KoreanLicense.txt because it is not an INF file.
2026-09-27 04:56:01, Info                         PnPIBS: Found the file NorwegianLicense.txt
2026-09-27 04:56:01, Info                         PnPIBS: Skipping the file NorwegianLicense.txt because it is not an INF file.
2026-09-27 04:56:01, Info                         PnPIBS: Found the file PolishLicense.txt
2026-09-27 04:56:01, Info                         PnPIBS: Skipping the file PolishLicense.txt because it is not an INF file.
2026-09-27 04:56:01, Info                         PnPIBS: Found the file PortugueseLicense.txt
2026-09-27 04:56:01, Info                         PnPIBS: Skipping the file PortugueseLicense.txt because it is not an INF file.
2026-09-27 04:56:01, Info                         PnPIBS: Found the file RussianLicense.txt
2026-09-27 04:56:01, Info                         PnPIBS: Skipping the file RussianLicense.txt because it is not an INF file.
2026-09-27 04:56:01, Info                         PnPIBS: Found the file SimplifiedChineseLicense.txt
2026-09-27 04:56:01, Info                         PnPIBS: Skipping the file SimplifiedChineseLicense.txt because it is not an INF file.
2026-09-27 04:56:01, Info                         PnPIBS: Found the file SpanishLicense.txt
2026-09-27 04:56:01, Info                         PnPIBS: Skipping the file SpanishLicense.txt because it is not an INF file.
2026-09-27 04:56:01, Info                         PnPIBS: Found the file SwedishLicense.txt
2026-09-27 04:56:01, Info                         PnPIBS: Skipping the file SwedishLicense.txt because it is not an INF file.
2026-09-27 04:56:01, Info                         PnPIBS: Found the file TraditionalChineseLicense.txt
2026-09-27 04:56:01, Info                         PnPIBS: Skipping the file TraditionalChineseLicense.txt because it is not an INF file.
2026-09-27 04:56:01, Info                         PnPIBS: Found the file TurkishLicense.txt
2026-09-27 04:56:01, Info                         PnPIBS: Skipping the file TurkishLicense.txt because it is not an INF file.
2026-09-27 04:56:01, Info                         PnPIBS: Found the file bcm43xx.cat
2026-09-27 04:56:01, Info                         PnPIBS: Skipping the file bcm43xx.cat because it is not an INF file.
2026-09-27 04:56:01, Info                         PnPIBS: Found the file bcm43xx64.cat
2026-09-27 04:56:01, Info                         PnPIBS: Skipping the file bcm43xx64.cat because it is not an INF file.
2026-09-27 04:56:01, Info                         PnPIBS: Found the file bcmihvsrv.dll
2026-09-27 04:56:01, Info                         PnPIBS: Skipping the file bcmihvsrv.dll because it is not an INF file.
2026-09-27 04:56:01, Info                         PnPIBS: Found the file bcmihvsrv64.dll
2026-09-27 04:56:01, Info                         PnPIBS: Skipping the file bcmihvsrv64.dll because it is not an INF file.
2026-09-27 04:56:01, Info                         PnPIBS: Found the file bcmihvui.dll
2026-09-27 04:56:01, Info                         PnPIBS: Skipping the file bcmihvui.dll because it is not an INF file.
2026-09-27 04:56:01, Info                         PnPIBS: Found the file bcmihvui64.dll
2026-09-27 04:56:01, Info                         PnPIBS: Skipping the file bcmihvui64.dll because it is not an INF file.
2026-09-27 04:56:01, Info                         PnPIBS: Found the file bcmwl63.inf
2026-09-27 04:56:01, Info                         PnPIBS: Added driver E:\$WinPEDriver$\BroadcomWirelessWin8x64\bcmwl63.inf to the list of drivers.
2026-09-27 04:56:01, Info                         PnPIBS: Found the file bcmwl63.sys
2026-09-27 04:56:01, Info                         PnPIBS: Skipping the file bcmwl63.sys because it is not an INF file.
2026-09-27 04:56:01, Info                         PnPIBS: Found the file bcmwl63a.sys
2026-09-27 04:56:01, Info                         PnPIBS: Skipping the file bcmwl63a.sys because it is not an INF file.
2026-09-27 04:56:01, Info                         PnPIBS: Finished building list of drivers in the path E:\$WinPEDriver$\BroadcomWirelessWin8x64.
2026-09-27 04:56:01, Info                         PnPIBS: Found the directory CirrusAudioCS4208x64.
2026-09-27 04:56:01, Info                         PnPIBS: Building the list of drivers in the path E:\$WinPEDriver$\CirrusAudioCS4208x64 ...
2026-09-27 04:56:01, Info                         PnPIBS: Found the file ArabicLicense.txt
2026-09-27 04:56:01, Info                         PnPIBS: Skipping the file ArabicLicense.txt because it is not an INF file.
2026-09-27 04:56:01, Info                         PnPIBS: Found the file BrazilianPortugueseLicense.txt
2026-09-27 04:56:01, Info                         PnPIBS: Skipping the file BrazilianPortugueseLicense.txt because it is not an INF file.
2026-09-27 04:56:01, Info                         PnPIBS: Found the file CzechLicense.txt
2026-09-27 04:56:01, Info                         PnPIBS: Skipping the file CzechLicense.txt because it is not an INF file.
2026-09-27 04:56:01, Info                         PnPIBS: Found the file DPInst.exe
2026-09-27 04:56:01, Info                         PnPIBS: Skipping the file DPInst.exe because it is not an INF file.
2026-09-27 04:56:01, Info                         PnPIBS: Found the file DPInst.xml
2026-09-27 04:56:01, Info                         PnPIBS: Skipping the file DPInst.xml because it is not an INF file.
2026-09-27 04:56:01, Info                         PnPIBS: Found the file DanishLicense.txt
2026-09-27 04:56:01, Info                         PnPIBS: Skipping the file DanishLicense.txt because it is not an INF file.
2026-09-27 04:56:01, Info                         PnPIBS: Found the file DutchLicense.txt
2026-09-27 04:56:01, Info                         PnPIBS: Skipping the file DutchLicense.txt because it is not an INF file.
2026-09-27 04:56:01, Info                         PnPIBS: Found the file EnglishLicense.txt
2026-09-27 04:56:01, Info                         PnPIBS: Skipping the file EnglishLicense.txt because it is not an INF file.
2026-09-27 04:56:01, Info                         PnPIBS: Found the file FinnishLicense.txt
2026-09-27 04:56:01, Info                         PnPIBS: Skipping the file FinnishLicense.txt because it is not an INF file.
2026-09-27 04:56:01, Info                         PnPIBS: Found the file FrenchLicense.txt
2026-09-27 04:56:01, Info                         PnPIBS: Skipping the file FrenchLicense.txt because it is not an INF file.
2026-09-27 04:56:01, Info                         PnPIBS: Found the file GermanLicense.txt
2026-09-27 04:56:01, Info                         PnPIBS: Skipping the file GermanLicense.txt because it is not an INF file.
2026-09-27 04:56:01, Info                         PnPIBS: Found the file HungarianLicense.txt
2026-09-27 04:56:01, Info                         PnPIBS: Skipping the file HungarianLicense.txt because it is not an INF file.
2026-09-27 04:56:01, Info                         PnPIBS: Found the file ItalianLicense.txt
2026-09-27 04:56:01, Info                         PnPIBS: Skipping the file ItalianLicense.txt because it is not an INF file.
2026-09-27 04:56:01, Info                         PnPIBS: Found the file JapaneseLicense.txt
2026-09-27 04:56:01, Info                         PnPIBS: Skipping the file JapaneseLicense.txt because it is not an INF file.
2026-09-27 04:56:01, Info                         PnPIBS: Found the file KoreanLicense.txt
2026-09-27 04:56:01, Info                         PnPIBS: Skipping the file KoreanLicense.txt because it is not an INF file.
2026-09-27 04:56:01, Info                         PnPIBS: Found the file NorwegianLicense.txt
2026-09-27 04:56:01, Info                         PnPIBS: Skipping the file NorwegianLicense.txt because it is not an INF file.
2026-09-27 04:56:01, Info                         PnPIBS: Found the file PolishLicense.txt
2026-09-27 04:56:01, Info                         PnPIBS: Skipping the file PolishLicense.txt because it is not an INF file.
2026-09-27 04:56:01, Info                         PnPIBS: Found the file PortugueseLicense.txt
2026-09-27 04:56:01, Info                         PnPIBS: Skipping the file PortugueseLicense.txt because it is not an INF file.
2026-09-27 04:56:01, Info                         PnPIBS: Found the file RussianLicense.txt
2026-09-27 04:56:01, Info                         PnPIBS: Skipping the file RussianLicense.txt because it is not an INF file.
2026-09-27 04:56:01, Info                         PnPIBS: Found the file SimplifiedChineseLicense.txt
2026-09-27 04:56:01, Info                         PnPIBS: Skipping the file SimplifiedChineseLicense.txt because it is not an INF file.
2026-09-27 04:56:01, Info                         PnPIBS: Found the file SpanishLicense.txt
2026-09-27 04:56:01, Info                         PnPIBS: Skipping the file SpanishLicense.txt because it is not an INF file.
2026-09-27 04:56:01, Info                         PnPIBS: Found the file SwedishLicense.txt
2026-09-27 04:56:01, Info                         PnPIBS: Skipping the file SwedishLicense.txt because it is not an INF file.
2026-09-27 04:56:01, Info                         PnPIBS: Found the file TraditionalChineseLicense.txt
2026-09-27 04:56:01, Info                         PnPIBS: Skipping the file TraditionalChineseLicense.txt because it is not an INF file.
2026-09-27 04:56:01, Info                         PnPIBS: Found the file TurkishLicense.txt
2026-09-27 04:56:01, Info                         PnPIBS: Skipping the file TurkishLicense.txt because it is not an INF file.
2026-09-27 04:56:01, Info                         PnPIBS: Found the file cs4208.cat
2026-09-27 04:56:01, Info                         PnPIBS: Skipping the file cs4208.cat because it is not an INF file.
2026-09-27 04:56:01, Info                         PnPIBS: Found the file cs4208_36.inf
2026-09-27 04:56:01, Info                         PnPIBS: Added driver E:\$WinPEDriver$\CirrusAudioCS4208x64\cs4208_36.inf to the list of drivers.
2026-09-27 04:56:01, Info                         PnPIBS: Found the directory x64.
2026-09-27 04:56:01, Info                         PnPIBS: Building the list of drivers in the path E:\$WinPEDriver$\CirrusAudioCS4208x64\x64 ...
2026-09-27 04:56:01, Info                         PnPIBS: Found the file CLFiltAPO.dll
2026-09-27 04:56:01, Info                         PnPIBS: Skipping the file CLFiltAPO.dll because it is not an INF file.
2026-09-27 04:56:01, Info                         PnPIBS: Found the file CLLoopAPO.dll
2026-09-27 04:56:01, Info                         PnPIBS: Skipping the file CLLoopAPO.dll because it is not an INF file.
2026-09-27 04:56:01, Info                         PnPIBS: Found the file CSLFD.sys
2026-09-27 04:56:01, Info                         PnPIBS: Skipping the file CSLFD.sys because it is not an INF file.
2026-09-27 04:56:01, Info                         PnPIBS: Found the file CSUFD.sys
2026-09-27 04:56:01, Info                         PnPIBS: Skipping the file CSUFD.sys because it is not an INF file.
2026-09-27 04:56:01, Info                         PnPIBS: Found the file WdfCoInstaller01011.dll
2026-09-27 04:56:01, Info                         PnPIBS: Skipping the file WdfCoInstaller01011.dll because it is not an INF file.
2026-09-27 04:56:01, Info                         PnPIBS: Finished building list of drivers in the path E:\$WinPEDriver$\CirrusAudioCS4208x64\x64.
2026-09-27 04:56:01, Info                         PnPIBS: Finished building list of drivers in the path E:\$WinPEDriver$\CirrusAudioCS4208x64.
2026-09-27 04:56:01, Info                         PnPIBS: Found the directory IntelEthernetInstaller64.
2026-09-27 04:56:01, Info                         PnPIBS: Building the list of drivers in the path E:\$WinPEDriver$\IntelEthernetInstaller64 ...
2026-09-27 04:56:01, Info                         PnPIBS: Found the file ArabicLicense.txt
2026-09-27 04:56:01, Info                         PnPIBS: Skipping the file ArabicLicense.txt because it is not an INF file.
2026-09-27 04:56:01, Info                         PnPIBS: Found the file BrazilianPortugueseLicense.txt
2026-09-27 04:56:01, Info                         PnPIBS: Skipping the file BrazilianPortugueseLicense.txt because it is not an INF file.
2026-09-27 04:56:01, Info                         PnPIBS: Found the file CzechLicense.txt
2026-09-27 04:56:01, Info                         PnPIBS: Skipping the file CzechLicense.txt because it is not an INF file.
2026-09-27 04:56:01, Info                         PnPIBS: Found the file DPInst.exe
2026-09-27 04:56:01, Info                         PnPIBS: Skipping the file DPInst.exe because it is not an INF file.
2026-09-27 04:56:01, Info                         PnPIBS: Found the file DPInst.xml
2026-09-27 04:56:01, Info                         PnPIBS: Skipping the file DPInst.xml because it is not an INF file.
2026-09-27 04:56:01, Info                         PnPIBS: Found the file DanishLicense.txt
2026-09-27 04:56:01, Info                         PnPIBS: Skipping the file DanishLicense.txt because it is not an INF file.
2026-09-27 04:56:01, Info                         PnPIBS: Found the file DutchLicense.txt
2026-09-27 04:56:01, Info                         PnPIBS: Skipping the file DutchLicense.txt because it is not an INF file.
2026-09-27 04:56:01, Info                         PnPIBS: Found the file EnglishLicense.txt
2026-09-27 04:56:01, Info                         PnPIBS: Skipping the file EnglishLicense.txt because it is not an INF file.
2026-09-27 04:56:01, Info                         PnPIBS: Found the file FinnishLicense.txt
2026-09-27 04:56:01, Info                         PnPIBS: Skipping the file FinnishLicense.txt because it is not an INF file.
2026-09-27 04:56:01, Info                         PnPIBS: Found the file FrenchLicense.txt
2026-09-27 04:56:01, Info                         PnPIBS: Skipping the file FrenchLicense.txt because it is not an INF file.
2026-09-27 04:56:01, Info                         PnPIBS: Found the file GermanLicense.txt
2026-09-27 04:56:01, Info                         PnPIBS: Skipping the file GermanLicense.txt because it is not an INF file.
2026-09-27 04:56:01, Info                         PnPIBS: Found the file HungarianLicense.txt
2026-09-27 04:56:01, Info                         PnPIBS: Skipping the file HungarianLicense.txt because it is not an INF file.
2026-09-27 04:56:01, Info                         PnPIBS: Found the file ItalianLicense.txt
2026-09-27 04:56:01, Info                         PnPIBS: Skipping the file ItalianLicense.txt because it is not an INF file.
2026-09-27 04:56:01, Info                         PnPIBS: Found the file JapaneseLicense.txt
2026-09-27 04:56:01, Info                         PnPIBS: Skipping the file JapaneseLicense.txt because it is not an INF file.
2026-09-27 04:56:01, Info                         PnPIBS: Found the file KoreanLicense.txt
2026-09-27 04:56:01, Info                         PnPIBS: Skipping the file KoreanLicense.txt because it is not an INF file.
2026-09-27 04:56:01, Info                         PnPIBS: Found the file NicCo36.dll
2026-09-27 04:56:01, Info                         PnPIBS: Skipping the file NicCo36.dll because it is not an INF file.
2026-09-27 04:56:01, Info                         PnPIBS: Found the file NicInE1R.dll
2026-09-27 04:56:01, Info                         PnPIBS: Skipping the file NicInE1R.dll because it is not an INF file.
2026-09-27 04:56:01, Info                         PnPIBS: Found the file NicInE6.dll
2026-09-27 04:56:01, Info                         PnPIBS: Skipping the file NicInE6.dll because it is not an INF file.
2026-09-27 04:56:01, Info                         PnPIBS: Found the file NicInstK.dll
2026-09-27 04:56:01, Info                         PnPIBS: Skipping the file NicInstK.dll because it is not an INF file.
2026-09-27 04:56:01, Info                         PnPIBS: Found the file NicInstQ.dll
2026-09-27 04:56:01, Info                         PnPIBS: Skipping the file NicInstQ.dll because it is not an INF file.
2026-09-27 04:56:01, Info                         PnPIBS: Found the file NicInstY.dll
2026-09-27 04:56:01, Info                         PnPIBS: Skipping the file NicInstY.dll because it is not an INF file.
2026-09-27 04:56:01, Info                         PnPIBS: Found the file NorwegianLicense.txt
2026-09-27 04:56:01, Info                         PnPIBS: Skipping the file NorwegianLicense.txt because it is not an INF file.
2026-09-27 04:56:01, Info                         PnPIBS: Found the file PolishLicense.txt
2026-09-27 04:56:01, Info                         PnPIBS: Skipping the file PolishLicense.txt because it is not an INF file.
2026-09-27 04:56:01, Info                         PnPIBS: Found the file PortugueseLicense.txt
2026-09-27 04:56:01, Info                         PnPIBS: Skipping the file PortugueseLicense.txt because it is not an INF file.
2026-09-27 04:56:01, Info                         PnPIBS: Found the file RussianLicense.txt
2026-09-27 04:56:01, Info                         PnPIBS: Skipping the file RussianLicense.txt because it is not an INF file.
2026-09-27 04:56:01, Info                         PnPIBS: Found the file SimplifiedChineseLicense.txt
2026-09-27 04:56:01, Info                         PnPIBS: Skipping the file SimplifiedChineseLicense.txt because it is not an INF file.
2026-09-27 04:56:01, Info                         PnPIBS: Found the file SpanishLicense.txt
2026-09-27 04:56:01, Info                         PnPIBS: Skipping the file SpanishLicense.txt because it is not an INF file.
2026-09-27 04:56:01, Info                         PnPIBS: Found the file SwedishLicense.txt
2026-09-27 04:56:01, Info                         PnPIBS: Skipping the file SwedishLicense.txt because it is not an INF file.
2026-09-27 04:56:01, Info                         PnPIBS: Found the file TraditionalChineseLicense.txt
2026-09-27 04:56:01, Info                         PnPIBS: Skipping the file TraditionalChineseLicense.txt because it is not an INF file.
2026-09-27 04:56:01, Info                         PnPIBS: Found the file TurkishLicense.txt
2026-09-27 04:56:01, Info                         PnPIBS: Skipping the file TurkishLicense.txt because it is not an INF file.
2026-09-27 04:56:01, Info                         PnPIBS: Found the file e1000msg.dll
2026-09-27 04:56:01, Info                         PnPIBS: Skipping the file e1000msg.dll because it is not an INF file.
2026-09-27 04:56:01, Info                         PnPIBS: Found the file e1e6232e.cat
2026-09-27 04:56:01, Info                         PnPIBS: Skipping the file e1e6232e.cat because it is not an INF file.
2026-09-27 04:56:01, Info                         PnPIBS: Found the file e1e6232e.din
2026-09-27 04:56:01, Info                         PnPIBS: Skipping the file e1e6232e.din because it is not an INF file.
2026-09-27 04:56:01, Info                         PnPIBS: Found the file e1e6232e.inf
2026-09-27 04:56:01, Info                         PnPIBS: Added driver E:\$WinPEDriver$\IntelEthernetInstaller64\e1e6232e.inf to the list of drivers.
2026-09-27 04:56:01, Info                         PnPIBS: Found the file e1e6232e.sys
2026-09-27 04:56:01, Info                         PnPIBS: Skipping the file e1e6232e.sys because it is not an INF file.
2026-09-27 04:56:01, Info                         PnPIBS: Found the file e1k62x64.cat
2026-09-27 04:56:01, Info                         PnPIBS: Skipping the file e1k62x64.cat because it is not an INF file.
2026-09-27 04:56:01, Info                         PnPIBS: Found the file e1k62x64.din
2026-09-27 04:56:01, Info                         PnPIBS: Skipping the file e1k62x64.din because it is not an INF file.
2026-09-27 04:56:01, Info                         PnPIBS: Found the file e1k62x64.inf
2026-09-27 04:56:01, Info                         PnPIBS: Added driver E:\$WinPEDriver$\IntelEthernetInstaller64\e1k62x64.inf to the list of drivers.
2026-09-27 04:56:01, Info                         PnPIBS: Found the file e1k62x64.sys
2026-09-27 04:56:01, Info                         PnPIBS: Skipping the file e1k62x64.sys because it is not an INF file.
2026-09-27 04:56:01, Info                         PnPIBS: Found the file e1kmsg.dll
2026-09-27 04:56:01, Info                         PnPIBS: Skipping the file e1kmsg.dll because it is not an INF file.
2026-09-27 04:56:01, Info                         PnPIBS: Found the file e1q62x64.cat
2026-09-27 04:56:01, Info                         PnPIBS: Skipping the file e1q62x64.cat because it is not an INF file.
2026-09-27 04:56:01, Info                         PnPIBS: Found the file e1q62x64.din
2026-09-27 04:56:01, Info                         PnPIBS: Skipping the file e1q62x64.din because it is not an INF file.
2026-09-27 04:56:01, Info                         PnPIBS: Found the file e1q62x64.inf
2026-09-27 04:56:01, Info                         PnPIBS: Added driver E:\$WinPEDriver$\IntelEthernetInstaller64\e1q62x64.inf to the list of drivers.
2026-09-27 04:56:01, Info                         PnPIBS: Found the file e1q62x64.sys
2026-09-27 04:56:01, Info                         PnPIBS: Skipping the file e1q62x64.sys because it is not an INF file.
2026-09-27 04:56:01, Info                         PnPIBS: Found the file e1qmsg.dll
2026-09-27 04:56:01, Info                         PnPIBS: Skipping the file e1qmsg.dll because it is not an INF file.
2026-09-27 04:56:01, Info                         PnPIBS: Found the file e1r62x64.cat
2026-09-27 04:56:01, Info                         PnPIBS: Skipping the file e1r62x64.cat because it is not an INF file.
2026-09-27 04:56:01, Info                         PnPIBS: Found the file e1r62x64.din
2026-09-27 04:56:01, Info                         PnPIBS: Skipping the file e1r62x64.din because it is not an INF file.
2026-09-27 04:56:01, Info                         PnPIBS: Found the file e1r62x64.inf
2026-09-27 04:56:01, Info                         PnPIBS: Added driver E:\$WinPEDriver$\IntelEthernetInstaller64\e1r62x64.inf to the list of drivers.
2026-09-27 04:56:01, Info                         PnPIBS: Found the file e1r62x64.sys
2026-09-27 04:56:01, Info                         PnPIBS: Skipping the file e1r62x64.sys because it is not an INF file.
2026-09-27 04:56:01, Info                         PnPIBS: Found the file e1rmsg.dll
2026-09-27 04:56:01, Info                         PnPIBS: Skipping the file e1rmsg.dll because it is not an INF file.
2026-09-27 04:56:01, Info                         PnPIBS: Found the file e1y62x64.CAT
2026-09-27 04:56:01, Info                         PnPIBS: Skipping the file e1y62x64.CAT because it is not an INF file.
2026-09-27 04:56:01, Info                         PnPIBS: Found the file e1y62x64.din
2026-09-27 04:56:01, Info                         PnPIBS: Skipping the file e1y62x64.din because it is not an INF file.
2026-09-27 04:56:01, Info                         PnPIBS: Found the file e1y62x64.inf
2026-09-27 04:56:01, Info                         PnPIBS: Added driver E:\$WinPEDriver$\IntelEthernetInstaller64\e1y62x64.inf to the list of drivers.
2026-09-27 04:56:01, Info                         PnPIBS: Found the file e1y62x64.sys
2026-09-27 04:56:01, Info                         PnPIBS: Skipping the file e1y62x64.sys because it is not an INF file.
2026-09-27 04:56:01, Info                         PnPIBS: Finished building list of drivers in the path E:\$WinPEDriver$\IntelEthernetInstaller64.
2026-09-27 04:56:01, Info                         PnPIBS: Found the directory SerialIO.
2026-09-27 04:56:01, Info                         PnPIBS: Building the list of drivers in the path E:\$WinPEDriver$\SerialIO ...
2026-09-27 04:56:01, Info                         PnPIBS: Found the file ArabicLicense.txt
2026-09-27 04:56:01, Info                         PnPIBS: Skipping the file ArabicLicense.txt because it is not an INF file.
2026-09-27 04:56:01, Info                         PnPIBS: Found the file BrazilianPortugueseLicense.txt
2026-09-27 04:56:01, Info                         PnPIBS: Skipping the file BrazilianPortugueseLicense.txt because it is not an INF file.
2026-09-27 04:56:01, Info                         PnPIBS: Found the file CzechLicense.txt
2026-09-27 04:56:01, Info                         PnPIBS: Skipping the file CzechLicense.txt because it is not an INF file.
2026-09-27 04:56:01, Info                         PnPIBS: Found the file DPInst.exe
2026-09-27 04:56:01, Info                         PnPIBS: Skipping the file DPInst.exe because it is not an INF file.
2026-09-27 04:56:01, Info                         PnPIBS: Found the file DPInst.xml
2026-09-27 04:56:01, Info                         PnPIBS: Skipping the file DPInst.xml because it is not an INF file.
2026-09-27 04:56:01, Info                         PnPIBS: Found the file DanishLicense.txt
2026-09-27 04:56:01, Info                         PnPIBS: Skipping the file DanishLicense.txt because it is not an INF file.
2026-09-27 04:56:01, Info                         PnPIBS: Found the file DutchLicense.txt
2026-09-27 04:56:01, Info                         PnPIBS: Skipping the file DutchLicense.txt because it is not an INF file.
2026-09-27 04:56:01, Info                         PnPIBS: Found the file EnglishLicense.txt
2026-09-27 04:56:01, Info                         PnPIBS: Skipping the file EnglishLicense.txt because it is not an INF file.
2026-09-27 04:56:01, Info                         PnPIBS: Found the file FinnishLicense.txt
2026-09-27 04:56:01, Info                         PnPIBS: Skipping the file FinnishLicense.txt because it is not an INF file.
2026-09-27 04:56:01, Info                         PnPIBS: Found the file FrenchLicense.txt
2026-09-27 04:56:01, Info                         PnPIBS: Skipping the file FrenchLicense.txt because it is not an INF file.
2026-09-27 04:56:01, Info                         PnPIBS: Found the file GermanLicense.txt
2026-09-27 04:56:01, Info                         PnPIBS: Skipping the file GermanLicense.txt because it is not an INF file.
2026-09-27 04:56:01, Info                         PnPIBS: Found the file HungarianLicense.txt
2026-09-27 04:56:01, Info                         PnPIBS: Skipping the file HungarianLicense.txt because it is not an INF file.
2026-09-27 04:56:01, Info                         PnPIBS: Found the file ItalianLicense.txt
2026-09-27 04:56:01, Info                         PnPIBS: Skipping the file ItalianLicense.txt because it is not an INF file.
2026-09-27 04:56:01, Info                         PnPIBS: Found the file JapaneseLicense.txt
2026-09-27 04:56:01, Info                         PnPIBS: Skipping the file JapaneseLicense.txt because it is not an INF file.
2026-09-27 04:56:01, Info                         PnPIBS: Found the file KoreanLicense.txt
2026-09-27 04:56:01, Info                         PnPIBS: Skipping the file KoreanLicense.txt because it is not an INF file.
2026-09-27 04:56:01, Info                         PnPIBS: Found the file NorwegianLicense.txt
2026-09-27 04:56:01, Info                         PnPIBS: Skipping the file NorwegianLicense.txt because it is not an INF file.
2026-09-27 04:56:01, Info                         PnPIBS: Found the file PolishLicense.txt
2026-09-27 04:56:01, Info                         PnPIBS: Skipping the file PolishLicense.txt because it is not an INF file.
2026-09-27 04:56:01, Info                         PnPIBS: Found the file PortugueseLicense.txt
2026-09-27 04:56:01, Info                         PnPIBS: Skipping the file PortugueseLicense.txt because it is not an INF file.
2026-09-27 04:56:01, Info                         PnPIBS: Found the file RussianLicense.txt
2026-09-27 04:56:01, Info                         PnPIBS: Skipping the file RussianLicense.txt because it is not an INF file.
2026-09-27 04:56:01, Info                         PnPIBS: Found the file SimplifiedChineseLicense.txt
2026-09-27 04:56:01, Info                         PnPIBS: Skipping the file SimplifiedChineseLicense.txt because it is not an INF file.
2026-09-27 04:56:01, Info                         PnPIBS: Found the file SpanishLicense.txt
2026-09-27 04:56:01, Info                         PnPIBS: Skipping the file SpanishLicense.txt because it is not an INF file.
2026-09-27 04:56:01, Info                         PnPIBS: Found the file SwedishLicense.txt
2026-09-27 04:56:01, Info                         PnPIBS: Skipping the file SwedishLicense.txt because it is not an INF file.
2026-09-27 04:56:01, Info                         PnPIBS: Found the file TraditionalChineseLicense.txt
2026-09-27 04:56:01, Info                         PnPIBS: Skipping the file TraditionalChineseLicense.txt because it is not an INF file.
2026-09-27 04:56:01, Info                         PnPIBS: Found the file TurkishLicense.txt
2026-09-27 04:56:01, Info                         PnPIBS: Skipping the file TurkishLicense.txt because it is not an INF file.
2026-09-27 04:56:01, Info                         PnPIBS: Found the file WdfCoinstaller01011.dll
2026-09-27 04:56:01, Info                         PnPIBS: Skipping the file WdfCoinstaller01011.dll because it is not an INF file.
2026-09-27 04:56:01, Info                         PnPIBS: Found the file iaLPSS2_GPIO2.sys
2026-09-27 04:56:01, Info                         PnPIBS: Skipping the file iaLPSS2_GPIO2.sys because it is not an INF file.
2026-09-27 04:56:01, Info                         PnPIBS: Found the file iaLPSS2_GPIO2_SKL.inf
2026-09-27 04:56:01, Info                         PnPIBS: Added driver E:\$WinPEDriver$\SerialIO\iaLPSS2_GPIO2_SKL.inf to the list of drivers.
2026-09-27 04:56:01, Info                         PnPIBS: Found the file iaLPSS2_I2C.sys
2026-09-27 04:56:01, Info                         PnPIBS: Skipping the file iaLPSS2_I2C.sys because it is not an INF file.
2026-09-27 04:56:01, Info                         PnPIBS: Found the file iaLPSS2_I2C_SKL.inf
2026-09-27 04:56:01, Info                         PnPIBS: Added driver E:\$WinPEDriver$\SerialIO\iaLPSS2_I2C_SKL.inf to the list of drivers.
2026-09-27 04:56:01, Info                         PnPIBS: Found the file iaLPSS2_SPI.sys
2026-09-27 04:56:01, Info                         PnPIBS: Skipping the file iaLPSS2_SPI.sys because it is not an INF file.
2026-09-27 04:56:01, Info                         PnPIBS: Found the file iaLPSS2_SPI_SKL.inf
2026-09-27 04:56:01, Info                         PnPIBS: Added driver E:\$WinPEDriver$\SerialIO\iaLPSS2_SPI_SKL.inf to the list of drivers.
2026-09-27 04:56:01, Info                         PnPIBS: Found the file iaLPSS2_UART2.sys
2026-09-27 04:56:01, Info                         PnPIBS: Skipping the file iaLPSS2_UART2.sys because it is not an INF file.
2026-09-27 04:56:01, Info                         PnPIBS: Found the file iaLPSS2_UART2_SKL.inf
2026-09-27 04:56:01, Info                         PnPIBS: Added driver E:\$WinPEDriver$\SerialIO\iaLPSS2_UART2_SKL.inf to the list of drivers.
2026-09-27 04:56:01, Info                         PnPIBS: Found the file iaLPSS_GPIO.inf
2026-09-27 04:56:01, Info                         PnPIBS: Added driver E:\$WinPEDriver$\SerialIO\iaLPSS_GPIO.inf to the list of drivers.
2026-09-27 04:56:01, Info                         PnPIBS: Found the file iaLPSS_GPIO.sys
2026-09-27 04:56:01, Info                         PnPIBS: Skipping the file iaLPSS_GPIO.sys because it is not an INF file.
2026-09-27 04:56:01, Info                         PnPIBS: Found the file iaLPSS_I2C.inf
2026-09-27 04:56:01, Info                         PnPIBS: Added driver E:\$WinPEDriver$\SerialIO\iaLPSS_I2C.inf to the list of drivers.
2026-09-27 04:56:01, Info                         PnPIBS: Found the file iaLPSS_I2C.sys
2026-09-27 04:56:01, Info                         PnPIBS: Skipping the file iaLPSS_I2C.sys because it is not an INF file.
2026-09-27 04:56:01, Info                         PnPIBS: Found the file iaLPSS_SPI.inf
2026-09-27 04:56:01, Info                         PnPIBS: Added driver E:\$WinPEDriver$\SerialIO\iaLPSS_SPI.inf to the list of drivers.
2026-09-27 04:56:01, Info                         PnPIBS: Found the file iaLPSS_SPI.sys
2026-09-27 04:56:01, Info                         PnPIBS: Skipping the file iaLPSS_SPI.sys because it is not an INF file.
2026-09-27 04:56:01, Info                         PnPIBS: Found the file iaLPSS_UART2.inf
2026-09-27 04:56:01, Info                         PnPIBS: Added driver E:\$WinPEDriver$\SerialIO\iaLPSS_UART2.inf to the list of drivers.
2026-09-27 04:56:01, Info                         PnPIBS: Found the file iaLPSS_UART2.sys
2026-09-27 04:56:01, Info                         PnPIBS: Skipping the file iaLPSS_UART2.sys because it is not an INF file.
2026-09-27 04:56:01, Info                         PnPIBS: Found the file ialpss2_gpio2_skl.cat
2026-09-27 04:56:01, Info                         PnPIBS: Skipping the file ialpss2_gpio2_skl.cat because it is not an INF file.
2026-09-27 04:56:01, Info                         PnPIBS: Found the file ialpss2_i2c_skl.cat
2026-09-27 04:56:01, Info                         PnPIBS: Skipping the file ialpss2_i2c_skl.cat because it is not an INF file.
2026-09-27 04:56:01, Info                         PnPIBS: Found the file ialpss2_spi_skl.cat
2026-09-27 04:56:01, Info                         PnPIBS: Skipping the file ialpss2_spi_skl.cat because it is not an INF file.
2026-09-27 04:56:01, Info                         PnPIBS: Found the file ialpss2_uart2_skl.cat
2026-09-27 04:56:01, Info                         PnPIBS: Skipping the file ialpss2_uart2_skl.cat because it is not an INF file.
2026-09-27 04:56:01, Info                         PnPIBS: Found the file ialpss_gpio.cat
2026-09-27 04:56:01, Info                         PnPIBS: Skipping the file ialpss_gpio.cat because it is not an INF file.
2026-09-27 04:56:01, Info                         PnPIBS: Found the file ialpss_i2c.cat
2026-09-27 04:56:01, Info                         PnPIBS: Skipping the file ialpss_i2c.cat because it is not an INF file.
2026-09-27 04:56:01, Info                         PnPIBS: Found the file ialpss_spi.cat
2026-09-27 04:56:01, Info                         PnPIBS: Skipping the file ialpss_spi.cat because it is not an INF file.
2026-09-27 04:56:01, Info                         PnPIBS: Found the file ialpss_uart2.cat
2026-09-27 04:56:01, Info                         PnPIBS: Skipping the file ialpss_uart2.cat because it is not an INF file.
2026-09-27 04:56:01, Info                         PnPIBS: Finished building list of drivers in the path E:\$WinPEDriver$\SerialIO.
2026-09-27 04:56:01, Info                         PnPIBS: Finished building list of drivers in the path E:\$WinPEDriver$.
2026-09-27 04:56:01, Info                         PnPIBS: Driver E:\$WinPEDriver$\AppleBluetoothBroadcom64\AppleBTBC.inf is being queued up for addition to the offline image.
2026-09-27 04:56:01, Info                  IBS    Callback_Compliance_GatherDeviceIDs:Driver package is [E:\$WinPEDriver$\AppleBluetoothBroadcom64\AppleBTBC.inf]
2026-09-27 04:56:01, Info                  IBS    GatherDeviceIDsInDriverPackage:Driver package path is [E:\$WinPEDriver$\AppleBluetoothBroadcom64\AppleBTBC.inf]
2026-09-27 04:56:01, Info                         GetModelSectionNameEx:Using section name [Apple.NTamd64]
2026-09-27 04:56:01, Info                  IBS    AddDeviceIDsToInjectedDriverNodeHelper:Model section name is [Apple.NTamd64]
2026-09-27 04:56:01, Info                  IBS    GatherDeviceIDsInDriverPackage:Successfully gathered device ID's from [E:\$WinPEDriver$\AppleBluetoothBroadcom64\AppleBTBC.inf]
2026-09-27 04:56:01, Info                         PnPIBS: Successfully gathered device ID's from [E:\$WinPEDriver$\AppleBluetoothBroadcom64\AppleBTBC.inf]
2026-09-27 04:56:01, Info                         PnPIBS: Driver E:\$WinPEDriver$\AppleCamera64\AppleCamera64.inf is being queued up for addition to the offline image.
2026-09-27 04:56:01, Info                  IBS    Callback_Compliance_GatherDeviceIDs:Driver package is [E:\$WinPEDriver$\AppleCamera64\AppleCamera64.inf]
2026-09-27 04:56:01, Info                  IBS    GatherDeviceIDsInDriverPackage:Driver package path is [E:\$WinPEDriver$\AppleCamera64\AppleCamera64.inf]
2026-09-27 04:56:01, Info                         GetModelSectionNameEx:Using section name [Apple.NTamd64]
2026-09-27 04:56:01, Info                  IBS    AddDeviceIDsToInjectedDriverNodeHelper:Model section name is [Apple.NTamd64]
2026-09-27 04:56:01, Info                  IBS    GatherDeviceIDsInDriverPackage:Successfully gathered device ID's from [E:\$WinPEDriver$\AppleCamera64\AppleCamera64.inf]
2026-09-27 04:56:01, Info                         PnPIBS: Successfully gathered device ID's from [E:\$WinPEDriver$\AppleCamera64\AppleCamera64.inf]
2026-09-27 04:56:01, Info                         PnPIBS: Driver E:\$WinPEDriver$\AppleDFR64\AppleDFR.inf is being queued up for addition to the offline image.
2026-09-27 04:56:01, Info                  IBS    Callback_Compliance_GatherDeviceIDs:Driver package is [E:\$WinPEDriver$\AppleDFR64\AppleDFR.inf]
2026-09-27 04:56:01, Info                  IBS    GatherDeviceIDsInDriverPackage:Driver package path is [E:\$WinPEDriver$\AppleDFR64\AppleDFR.inf]
2026-09-27 04:56:01, Info                         GetModelSectionNameEx:Using section name [APPLE.NTamd64]
2026-09-27 04:56:01, Info                  IBS    AddDeviceIDsToInjectedDriverNodeHelper:Model section name is [APPLE.NTamd64]
2026-09-27 04:56:01, Info                  IBS    GatherDeviceIDsInDriverPackage:Successfully gathered device ID's from [E:\$WinPEDriver$\AppleDFR64\AppleDFR.inf]
2026-09-27 04:56:01, Info                         PnPIBS: Successfully gathered device ID's from [E:\$WinPEDriver$\AppleDFR64\AppleDFR.inf]
2026-09-27 04:56:01, Info                         PnPIBS: Driver E:\$WinPEDriver$\AppleDisplayInstaller64\aaplmonf64.inf is being queued up for addition to the offline image.
2026-09-27 04:56:01, Info                  IBS    Callback_Compliance_GatherDeviceIDs:Driver package is [E:\$WinPEDriver$\AppleDisplayInstaller64\aaplmonf64.inf]
2026-09-27 04:56:01, Info                  IBS    GatherDeviceIDsInDriverPackage:Driver package path is [E:\$WinPEDriver$\AppleDisplayInstaller64\aaplmonf64.inf]
2026-09-27 04:56:01, Info                         GetModelSectionNameEx:Using section name [Apple.NTamd64]
2026-09-27 04:56:01, Info                  IBS    AddDeviceIDsToInjectedDriverNodeHelper:Model section name is [Apple.NTamd64]
2026-09-27 04:56:01, Info                  IBS    GatherDeviceIDsInDriverPackage:Successfully gathered device ID's from [E:\$WinPEDriver$\AppleDisplayInstaller64\aaplmonf64.inf]
2026-09-27 04:56:01, Info                         PnPIBS: Successfully gathered device ID's from [E:\$WinPEDriver$\AppleDisplayInstaller64\aaplmonf64.inf]
2026-09-27 04:56:01, Info                         PnPIBS: Driver E:\$WinPEDriver$\AppleKeyboardInstaller64\Keymagic64.inf is being queued up for addition to the offline image.
2026-09-27 04:56:01, Info                  IBS    Callback_Compliance_GatherDeviceIDs:Driver package is [E:\$WinPEDriver$\AppleKeyboardInstaller64\Keymagic64.inf]
2026-09-27 04:56:01, Info                  IBS    GatherDeviceIDsInDriverPackage:Driver package path is [E:\$WinPEDriver$\AppleKeyboardInstaller64\Keymagic64.inf]
2026-09-27 04:56:01, Info                         GetModelSectionNameEx:Using section name [USBKeyboard.NTamd64]
2026-09-27 04:56:01, Info                  IBS    AddDeviceIDsToInjectedDriverNodeHelper:Model section name is [USBKeyboard.NTamd64]
2026-09-27 04:56:01, Info                  IBS    GatherDeviceIDsInDriverPackage:Successfully gathered device ID's from [E:\$WinPEDriver$\AppleKeyboardInstaller64\Keymagic64.inf]
2026-09-27 04:56:01, Info                         PnPIBS: Successfully gathered device ID's from [E:\$WinPEDriver$\AppleKeyboardInstaller64\Keymagic64.inf]
2026-09-27 04:56:01, Info                         PnPIBS: Driver E:\$WinPEDriver$\AppleMultiTouchTrackPadInstaller64\AppleMTP64.inf is being queued up for addition to the offline image.
2026-09-27 04:56:01, Info                  IBS    Callback_Compliance_GatherDeviceIDs:Driver package is [E:\$WinPEDriver$\AppleMultiTouchTrackPadInstaller64\AppleMTP64.inf]
2026-09-27 04:56:01, Info                  IBS    GatherDeviceIDsInDriverPackage:Driver package path is [E:\$WinPEDriver$\AppleMultiTouchTrackPadInstaller64\AppleMTP64.inf]
2026-09-27 04:56:01, Info                         GetModelSectionNameEx:Using section name [Apple.NTamd64]
2026-09-27 04:56:01, Info                  IBS    AddDeviceIDsToInjectedDriverNodeHelper:Model section name is [Apple.NTamd64]
2026-09-27 04:56:01, Info                  IBS    GatherDeviceIDsInDriverPackage:Successfully gathered device ID's from [E:\$WinPEDriver$\AppleMultiTouchTrackPadInstaller64\AppleMTP64.inf]
2026-09-27 04:56:01, Info                         PnPIBS: Successfully gathered device ID's from [E:\$WinPEDriver$\AppleMultiTouchTrackPadInstaller64\AppleMTP64.inf]
2026-09-27 04:56:01, Info                         PnPIBS: Driver E:\$WinPEDriver$\AppleMultiTouchTrackPadProInstaller64\AppleTPP64.inf is being queued up for addition to the offline image.
2026-09-27 04:56:01, Info                  IBS    Callback_Compliance_GatherDeviceIDs:Driver package is [E:\$WinPEDriver$\AppleMultiTouchTrackPadProInstaller64\AppleTPP64.inf]
2026-09-27 04:56:01, Info                  IBS    GatherDeviceIDsInDriverPackage:Driver package path is [E:\$WinPEDriver$\AppleMultiTouchTrackPadProInstaller64\AppleTPP64.inf]
2026-09-27 04:56:01, Info                         GetModelSectionNameEx:Using section name [MultitouchPro.NTamd64]
2026-09-27 04:56:01, Info                  IBS    AddDeviceIDsToInjectedDriverNodeHelper:Model section name is [MultitouchPro.NTamd64]
2026-09-27 04:56:01, Info                  IBS    GatherDeviceIDsInDriverPackage:Successfully gathered device ID's from [E:\$WinPEDriver$\AppleMultiTouchTrackPadProInstaller64\AppleTPP64.inf]
2026-09-27 04:56:01, Info                         PnPIBS: Successfully gathered device ID's from [E:\$WinPEDriver$\AppleMultiTouchTrackPadProInstaller64\AppleTPP64.inf]
2026-09-27 04:56:01, Info                         PnPIBS: Driver E:\$WinPEDriver$\AppleNullDriver64\AppleNull64.inf is being queued up for addition to the offline image.
2026-09-27 04:56:01, Info                  IBS    Callback_Compliance_GatherDeviceIDs:Driver package is [E:\$WinPEDriver$\AppleNullDriver64\AppleNull64.inf]
2026-09-27 04:56:01, Info                  IBS    GatherDeviceIDsInDriverPackage:Driver package path is [E:\$WinPEDriver$\AppleNullDriver64\AppleNull64.inf]
2026-09-27 04:56:01, Info                         GetModelSectionNameEx:Using section name [Company.NT.5.1.NTamd64]
2026-09-27 04:56:01, Info                  IBS    AddDeviceIDsToInjectedDriverNodeHelper:Model section name is [Company.NT.5.1.NTamd64]
2026-09-27 04:56:01, Info                  IBS    GatherDeviceIDsInDriverPackage:Successfully gathered device ID's from [E:\$WinPEDriver$\AppleNullDriver64\AppleNull64.inf]
2026-09-27 04:56:01, Info                         PnPIBS: Successfully gathered device ID's from [E:\$WinPEDriver$\AppleNullDriver64\AppleNull64.inf]
2026-09-27 04:56:01, Info                         PnPIBS: Driver E:\$WinPEDriver$\AppleODDInstaller64\AppleODD64.inf is being queued up for addition to the offline image.
2026-09-27 04:56:01, Info                  IBS    Callback_Compliance_GatherDeviceIDs:Driver package is [E:\$WinPEDriver$\AppleODDInstaller64\AppleODD64.inf]
2026-09-27 04:56:01, Info                  IBS    GatherDeviceIDsInDriverPackage:Driver package path is [E:\$WinPEDriver$\AppleODDInstaller64\AppleODD64.inf]
2026-09-27 04:56:01, Info                         GetModelSectionNameEx:Using section name [Apple.NTamd64]
2026-09-27 04:56:01, Info                  IBS    AddDeviceIDsToInjectedDriverNodeHelper:Model section name is [Apple.NTamd64]
2026-09-27 04:56:01, Info                  IBS    GatherDeviceIDsInDriverPackage:Successfully gathered device ID's from [E:\$WinPEDriver$\AppleODDInstaller64\AppleODD64.inf]
2026-09-27 04:56:01, Info                         PnPIBS: Successfully gathered device ID's from [E:\$WinPEDriver$\AppleODDInstaller64\AppleODD64.inf]
2026-09-27 04:56:01, Info                         PnPIBS: Driver E:\$WinPEDriver$\AppleSOC64\AppleSOC.inf is being queued up for addition to the offline image.
2026-09-27 04:56:01, Info                  IBS    Callback_Compliance_GatherDeviceIDs:Driver package is [E:\$WinPEDriver$\AppleSOC64\AppleSOC.inf]
2026-09-27 04:56:01, Info                  IBS    GatherDeviceIDsInDriverPackage:Driver package path is [E:\$WinPEDriver$\AppleSOC64\AppleSOC.inf]
2026-09-27 04:56:01, Info                         GetModelSectionNameEx:Using section name [APPLE.NTamd64]
2026-09-27 04:56:01, Info                  IBS    AddDeviceIDsToInjectedDriverNodeHelper:Model section name is [APPLE.NTamd64]
2026-09-27 04:56:01, Info                  IBS    GatherDeviceIDsInDriverPackage:Successfully gathered device ID's from [E:\$WinPEDriver$\AppleSOC64\AppleSOC.inf]
2026-09-27 04:56:01, Info                         PnPIBS: Successfully gathered device ID's from [E:\$WinPEDriver$\AppleSOC64\AppleSOC.inf]
2026-09-27 04:56:01, Info                         PnPIBS: Driver E:\$WinPEDriver$\AppleSPIDevice\AppleSPIDevice.inf is being queued up for addition to the offline image.
2026-09-27 04:56:01, Info                  IBS    Callback_Compliance_GatherDeviceIDs:Driver package is [E:\$WinPEDriver$\AppleSPIDevice\AppleSPIDevice.inf]
2026-09-27 04:56:01, Info                  IBS    GatherDeviceIDsInDriverPackage:Driver package path is [E:\$WinPEDriver$\AppleSPIDevice\AppleSPIDevice.inf]
2026-09-27 04:56:01, Info                         GetModelSectionNameEx:Using section name [APPLE.NTamd64]
2026-09-27 04:56:01, Info                  IBS    AddDeviceIDsToInjectedDriverNodeHelper:Model section name is [APPLE.NTamd64]
2026-09-27 04:56:01, Info                  IBS    GatherDeviceIDsInDriverPackage:Successfully gathered device ID's from [E:\$WinPEDriver$\AppleSPIDevice\AppleSPIDevice.inf]
2026-09-27 04:56:01, Info                         PnPIBS: Successfully gathered device ID's from [E:\$WinPEDriver$\AppleSPIDevice\AppleSPIDevice.inf]
2026-09-27 04:56:01, Info                         PnPIBS: Driver E:\$WinPEDriver$\AppleSPIKeyboard\AppleSPIKeyboard.inf is being queued up for addition to the offline image.
2026-09-27 04:56:01, Info                  IBS    Callback_Compliance_GatherDeviceIDs:Driver package is [E:\$WinPEDriver$\AppleSPIKeyboard\AppleSPIKeyboard.inf]
2026-09-27 04:56:01, Info                  IBS    GatherDeviceIDsInDriverPackage:Driver package path is [E:\$WinPEDriver$\AppleSPIKeyboard\AppleSPIKeyboard.inf]
2026-09-27 04:56:01, Info                         GetModelSectionNameEx:Using section name [APPLE.NTamd64]
2026-09-27 04:56:01, Info                  IBS    AddDeviceIDsToInjectedDriverNodeHelper:Model section name is [APPLE.NTamd64]
2026-09-27 04:56:01, Info                  IBS    GatherDeviceIDsInDriverPackage:Successfully gathered device ID's from [E:\$WinPEDriver$\AppleSPIKeyboard\AppleSPIKeyboard.inf]
2026-09-27 04:56:01, Info                         PnPIBS: Successfully gathered device ID's from [E:\$WinPEDriver$\AppleSPIKeyboard\AppleSPIKeyboard.inf]
2026-09-27 04:56:01, Info                         PnPIBS: Driver E:\$WinPEDriver$\AppleSPITrackpad\AppleSPITrackpad.inf is being queued up for addition to the offline image.
2026-09-27 04:56:01, Info                  IBS    Callback_Compliance_GatherDeviceIDs:Driver package is [E:\$WinPEDriver$\AppleSPITrackpad\AppleSPITrackpad.inf]
2026-09-27 04:56:01, Info                  IBS    GatherDeviceIDsInDriverPackage:Driver package path is [E:\$WinPEDriver$\AppleSPITrackpad\AppleSPITrackpad.inf]
2026-09-27 04:56:01, Info                         GetModelSectionNameEx:Using section name [APPLE.NTamd64]
2026-09-27 04:56:01, Info                  IBS    AddDeviceIDsToInjectedDriverNodeHelper:Model section name is [APPLE.NTamd64]
2026-09-27 04:56:01, Info                  IBS    GatherDeviceIDsInDriverPackage:Successfully gathered device ID's from [E:\$WinPEDriver$\AppleSPITrackpad\AppleSPITrackpad.inf]
2026-09-27 04:56:01, Info                         PnPIBS: Successfully gathered device ID's from [E:\$WinPEDriver$\AppleSPITrackpad\AppleSPITrackpad.inf]
2026-09-27 04:56:01, Info                         PnPIBS: Driver E:\$WinPEDriver$\AppleSSD64\AppleSSD.inf is being queued up for addition to the offline image.
2026-09-27 04:56:01, Info                  IBS    Callback_Compliance_GatherDeviceIDs:Driver package is [E:\$WinPEDriver$\AppleSSD64\AppleSSD.inf]
2026-09-27 04:56:01, Info                  IBS    GatherDeviceIDsInDriverPackage:Driver package path is [E:\$WinPEDriver$\AppleSSD64\AppleSSD.inf]
2026-09-27 04:56:01, Info                         GetModelSectionNameEx:Using section name [APPLE.NTamd64]
2026-09-27 04:56:01, Info                  IBS    AddDeviceIDsToInjectedDriverNodeHelper:Model section name is [APPLE.NTamd64]
2026-09-27 04:56:01, Info                  IBS    GatherDeviceIDsInDriverPackage:Successfully gathered device ID's from [E:\$WinPEDriver$\AppleSSD64\AppleSSD.inf]
2026-09-27 04:56:01, Info                         PnPIBS: Successfully gathered device ID's from [E:\$WinPEDriver$\AppleSSD64\AppleSSD.inf]
2026-09-27 04:56:01, Info                         PnPIBS: Driver E:\$WinPEDriver$\AppleUSBCompositeDevice64\AppleUSBCompositeDevice.inf is being queued up for addition to the offline image.
2026-09-27 04:56:01, Info                  IBS    Callback_Compliance_GatherDeviceIDs:Driver package is [E:\$WinPEDriver$\AppleUSBCompositeDevice64\AppleUSBCompositeDevice.inf]
2026-09-27 04:56:01, Info                  IBS    GatherDeviceIDsInDriverPackage:Driver package path is [E:\$WinPEDriver$\AppleUSBCompositeDevice64\AppleUSBCompositeDevice.inf]
2026-09-27 04:56:01, Info                         GetModelSectionNameEx:Using section name [UsbCCGPLoader.NTamd64]
2026-09-27 04:56:01, Info                  IBS    AddDeviceIDsToInjectedDriverNodeHelper:Model section name is [UsbCCGPLoader.NTamd64]
2026-09-27 04:56:01, Info                  IBS    GatherDeviceIDsInDriverPackage:Successfully gathered device ID's from [E:\$WinPEDriver$\AppleUSBCompositeDevice64\AppleUSBCompositeDevice.inf]
2026-09-27 04:56:01, Info                         PnPIBS: Successfully gathered device ID's from [E:\$WinPEDriver$\AppleUSBCompositeDevice64\AppleUSBCompositeDevice.inf]
2026-09-27 04:56:01, Info                         PnPIBS: Driver E:\$WinPEDriver$\AppleWirelessMouse64\AppleWirelessMouse.inf is being queued up for addition to the offline image.
2026-09-27 04:56:01, Info                  IBS    Callback_Compliance_GatherDeviceIDs:Driver package is [E:\$WinPEDriver$\AppleWirelessMouse64\AppleWirelessMouse.inf]
2026-09-27 04:56:01, Info                  IBS    GatherDeviceIDsInDriverPackage:Driver package path is [E:\$WinPEDriver$\AppleWirelessMouse64\AppleWirelessMouse.inf]
2026-09-27 04:56:01, Info                         GetModelSectionNameEx:Using section name [Apple.NTamd64]
2026-09-27 04:56:01, Info                  IBS    AddDeviceIDsToInjectedDriverNodeHelper:Model section name is [Apple.NTamd64]
2026-09-27 04:56:01, Info                  IBS    GatherDeviceIDsInDriverPackage:Successfully gathered device ID's from [E:\$WinPEDriver$\AppleWirelessMouse64\AppleWirelessMouse.inf]
2026-09-27 04:56:01, Info                         PnPIBS: Successfully gathered device ID's from [E:\$WinPEDriver$\AppleWirelessMouse64\AppleWirelessMouse.inf]
2026-09-27 04:56:01, Info                         PnPIBS: Driver E:\$WinPEDriver$\AppleWirelessTrackpad64\AppleWTP64.inf is being queued up for addition to the offline image.
2026-09-27 04:56:01, Info                  IBS    Callback_Compliance_GatherDeviceIDs:Driver package is [E:\$WinPEDriver$\AppleWirelessTrackpad64\AppleWTP64.inf]
2026-09-27 04:56:01, Info                  IBS    GatherDeviceIDsInDriverPackage:Driver package path is [E:\$WinPEDriver$\AppleWirelessTrackpad64\AppleWTP64.inf]
2026-09-27 04:56:01, Info                         GetModelSectionNameEx:Using section name [Apple.NTamd64]
2026-09-27 04:56:01, Info                  IBS    AddDeviceIDsToInjectedDriverNodeHelper:Model section name is [Apple.NTamd64]
2026-09-27 04:56:01, Info                  IBS    GatherDeviceIDsInDriverPackage:Successfully gathered device ID's from [E:\$WinPEDriver$\AppleWirelessTrackpad64\AppleWTP64.inf]
2026-09-27 04:56:01, Info                         PnPIBS: Successfully gathered device ID's from [E:\$WinPEDriver$\AppleWirelessTrackpad64\AppleWTP64.inf]
2026-09-27 04:56:01, Info                         PnPIBS: Driver E:\$WinPEDriver$\AsixSetup64\AppleUSBEthernet.inf is being queued up for addition to the offline image.
2026-09-27 04:56:01, Info                  IBS    Callback_Compliance_GatherDeviceIDs:Driver package is [E:\$WinPEDriver$\AsixSetup64\AppleUSBEthernet.inf]
2026-09-27 04:56:01, Info                  IBS    GatherDeviceIDsInDriverPackage:Driver package path is [E:\$WinPEDriver$\AsixSetup64\AppleUSBEthernet.inf]
2026-09-27 04:56:01, Info                         GetModelSectionNameEx:Using section name [USB.NTamd64]
2026-09-27 04:56:01, Info                  IBS    AddDeviceIDsToInjectedDriverNodeHelper:Model section name is [USB.NTamd64]
2026-09-27 04:56:01, Info                  IBS    GatherDeviceIDsInDriverPackage:Successfully gathered device ID's from [E:\$WinPEDriver$\AsixSetup64\AppleUSBEthernet.inf]
2026-09-27 04:56:01, Info                         PnPIBS: Successfully gathered device ID's from [E:\$WinPEDriver$\AsixSetup64\AppleUSBEthernet.inf]
2026-09-27 04:56:01, Info                         PnPIBS: Driver E:\$WinPEDriver$\BroadcomBluetooth64\BtwSerialBus-dev.inf is being queued up for addition to the offline image.
2026-09-27 04:56:01, Info                  IBS    Callback_Compliance_GatherDeviceIDs:Driver package is [E:\$WinPEDriver$\BroadcomBluetooth64\BtwSerialBus-dev.inf]
2026-09-27 04:56:01, Info                  IBS    GatherDeviceIDsInDriverPackage:Driver package path is [E:\$WinPEDriver$\BroadcomBluetooth64\BtwSerialBus-dev.inf]
2026-09-27 04:56:01, Info                         GetModelSectionNameEx:Using section name [VendorModels.NTamd64.10.0]
2026-09-27 04:56:01, Info                  IBS    AddDeviceIDsToInjectedDriverNodeHelper:Model section name is [VendorModels.NTamd64.10.0]
2026-09-27 04:56:01, Info                  IBS    GatherDeviceIDsInDriverPackage:Successfully gathered device ID's from [E:\$WinPEDriver$\BroadcomBluetooth64\BtwSerialBus-dev.inf]
2026-09-27 04:56:01, Info                         PnPIBS: Successfully gathered device ID's from [E:\$WinPEDriver$\BroadcomBluetooth64\BtwSerialBus-dev.inf]
2026-09-27 04:56:01, Info                         PnPIBS: Driver E:\$WinPEDriver$\BroadcomBluetoothHID64\UheBtHid.inf is being queued up for addition to the offline image.
2026-09-27 04:56:01, Info                  IBS    Callback_Compliance_GatherDeviceIDs:Driver package is [E:\$WinPEDriver$\BroadcomBluetoothHID64\UheBtHid.inf]
2026-09-27 04:56:01, Info                  IBS    GatherDeviceIDsInDriverPackage:Driver package path is [E:\$WinPEDriver$\BroadcomBluetoothHID64\UheBtHid.inf]
2026-09-27 04:56:01, Info                         GetModelSectionNameEx:Using section name [WIDCOMM.NTamd64]
2026-09-27 04:56:01, Info                  IBS    AddDeviceIDsToInjectedDriverNodeHelper:Model section name is [WIDCOMM.NTamd64]
2026-09-27 04:56:01, Info                  IBS    GatherDeviceIDsInDriverPackage:Successfully gathered device ID's from [E:\$WinPEDriver$\BroadcomBluetoothHID64\UheBtHid.inf]
2026-09-27 04:56:01, Info                         PnPIBS: Successfully gathered device ID's from [E:\$WinPEDriver$\BroadcomBluetoothHID64\UheBtHid.inf]
2026-09-27 04:56:01, Info                         PnPIBS: Driver E:\$WinPEDriver$\BroadcomBluetoothHID64\UheSerialBus.inf is being queued up for addition to the offline image.
2026-09-27 04:56:01, Info                  IBS    Callback_Compliance_GatherDeviceIDs:Driver package is [E:\$WinPEDriver$\BroadcomBluetoothHID64\UheSerialBus.inf]
2026-09-27 04:56:01, Info                  IBS    GatherDeviceIDsInDriverPackage:Driver package path is [E:\$WinPEDriver$\BroadcomBluetoothHID64\UheSerialBus.inf]
2026-09-27 04:56:01, Info                         GetModelSectionNameEx:Using section name [VendorModels.NTamd64]
2026-09-27 04:56:01, Info                  IBS    AddDeviceIDsToInjectedDriverNodeHelper:Model section name is [VendorModels.NTamd64]
2026-09-27 04:56:01, Info                  IBS    GatherDeviceIDsInDriverPackage:Successfully gathered device ID's from [E:\$WinPEDriver$\BroadcomBluetoothHID64\UheSerialBus.inf]
2026-09-27 04:56:01, Info                         PnPIBS: Successfully gathered device ID's from [E:\$WinPEDriver$\BroadcomBluetoothHID64\UheSerialBus.inf]
2026-09-27 04:56:01, Info                         PnPIBS: Driver E:\$WinPEDriver$\BroadcomCardReader64\bScsiSDa.inf is being queued up for addition to the offline image.
2026-09-27 04:56:01, Info                  IBS    Callback_Compliance_GatherDeviceIDs:Driver package is [E:\$WinPEDriver$\BroadcomCardReader64\bScsiSDa.inf]
2026-09-27 04:56:01, Info                  IBS    GatherDeviceIDsInDriverPackage:Driver package path is [E:\$WinPEDriver$\BroadcomCardReader64\bScsiSDa.inf]
2026-09-27 04:56:01, Info                         GetModelSectionNameEx:Using section name [Broadcom.NTAMD64]
2026-09-27 04:56:01, Info                  IBS    AddDeviceIDsToInjectedDriverNodeHelper:Model section name is [Broadcom.NTAMD64]
2026-09-27 04:56:01, Info                  IBS    GatherDeviceIDsInDriverPackage:Successfully gathered device ID's from [E:\$WinPEDriver$\BroadcomCardReader64\bScsiSDa.inf]
2026-09-27 04:56:01, Info                         PnPIBS: Successfully gathered device ID's from [E:\$WinPEDriver$\BroadcomCardReader64\bScsiSDa.inf]
2026-09-27 04:56:01, Info                         PnPIBS: Driver E:\$WinPEDriver$\BroadcomComController64\B57Ports.inf is being queued up for addition to the offline image.
2026-09-27 04:56:01, Info                  IBS    Callback_Compliance_GatherDeviceIDs:Driver package is [E:\$WinPEDriver$\BroadcomComController64\B57Ports.inf]
2026-09-27 04:56:01, Info                  IBS    GatherDeviceIDsInDriverPackage:Driver package path is [E:\$WinPEDriver$\BroadcomComController64\B57Ports.inf]
2026-09-27 04:56:01, Info                         GetModelSectionNameEx:Using section name [BRCM.NTamd64]
2026-09-27 04:56:01, Info                  IBS    AddDeviceIDsToInjectedDriverNodeHelper:Model section name is [BRCM.NTamd64]
2026-09-27 04:56:01, Info                  IBS    GatherDeviceIDsInDriverPackage:Successfully gathered device ID's from [E:\$WinPEDriver$\BroadcomComController64\B57Ports.inf]
2026-09-27 04:56:01, Info                         PnPIBS: Successfully gathered device ID's from [E:\$WinPEDriver$\BroadcomComController64\B57Ports.inf]
2026-09-27 04:56:01, Info                         PnPIBS: Driver E:\$WinPEDriver$\BroadcomEthernet64\b57nd60a.inf is being queued up for addition to the offline image.
2026-09-27 04:56:01, Info                  IBS    Callback_Compliance_GatherDeviceIDs:Driver package is [E:\$WinPEDriver$\BroadcomEthernet64\b57nd60a.inf]
2026-09-27 04:56:01, Info                  IBS    GatherDeviceIDsInDriverPackage:Driver package path is [E:\$WinPEDriver$\BroadcomEthernet64\b57nd60a.inf]
2026-09-27 04:56:01, Info                         GetModelSectionNameEx:Using section name [Broadcom.NTamd64.6.1]
2026-09-27 04:56:01, Info                  IBS    AddDeviceIDsToInjectedDriverNodeHelper:Model section name is [Broadcom.NTamd64.6.1]
2026-09-27 04:56:01, Info                  IBS    GatherDeviceIDsInDriverPackage:Successfully gathered device ID's from [E:\$WinPEDriver$\BroadcomEthernet64\b57nd60a.inf]
2026-09-27 04:56:01, Info                         PnPIBS: Successfully gathered device ID's from [E:\$WinPEDriver$\BroadcomEthernet64\b57nd60a.inf]
2026-09-27 04:56:01, Info                         PnPIBS: Driver E:\$WinPEDriver$\BroadcomWirelessWin8x64\bcmwl63.inf is being queued up for addition to the offline image.
2026-09-27 04:56:01, Info                  IBS    Callback_Compliance_GatherDeviceIDs:Driver package is [E:\$WinPEDriver$\BroadcomWirelessWin8x64\bcmwl63.inf]
2026-09-27 04:56:01, Info                  IBS    GatherDeviceIDsInDriverPackage:Driver package path is [E:\$WinPEDriver$\BroadcomWirelessWin8x64\bcmwl63.inf]
2026-09-27 04:56:01, Info                         GetModelSectionNameEx:Using section name [BROADCOM.NTamd64.6.3]
2026-09-27 04:56:01, Info                  IBS    AddDeviceIDsToInjectedDriverNodeHelper:Model section name is [BROADCOM.NTamd64.6.3]
2026-09-27 04:56:01, Info                  IBS    GatherDeviceIDsInDriverPackage:Successfully gathered device ID's from [E:\$WinPEDriver$\BroadcomWirelessWin8x64\bcmwl63.inf]
2026-09-27 04:56:01, Info                         PnPIBS: Successfully gathered device ID's from [E:\$WinPEDriver$\BroadcomWirelessWin8x64\bcmwl63.inf]
2026-09-27 04:56:01, Info                         PnPIBS: Driver E:\$WinPEDriver$\CirrusAudioCS4208x64\cs4208_36.inf is being queued up for addition to the offline image.
2026-09-27 04:56:01, Info                  IBS    Callback_Compliance_GatherDeviceIDs:Driver package is [E:\$WinPEDriver$\CirrusAudioCS4208x64\cs4208_36.inf]
2026-09-27 04:56:01, Info                  IBS    GatherDeviceIDsInDriverPackage:Driver package path is [E:\$WinPEDriver$\CirrusAudioCS4208x64\cs4208_36.inf]
2026-09-27 04:56:01, Info                         GetModelSectionNameEx:Using section name [CirrusHDA.ntamd64.6.1]
2026-09-27 04:56:01, Info                  IBS    AddDeviceIDsToInjectedDriverNodeHelper:Model section name is [CirrusHDA.ntamd64.6.1]
2026-09-27 04:56:01, Info                  IBS    GatherDeviceIDsInDriverPackage:Successfully gathered device ID's from [E:\$WinPEDriver$\CirrusAudioCS4208x64\cs4208_36.inf]
2026-09-27 04:56:01, Info                         PnPIBS: Successfully gathered device ID's from [E:\$WinPEDriver$\CirrusAudioCS4208x64\cs4208_36.inf]
2026-09-27 04:56:01, Info                         PnPIBS: Driver E:\$WinPEDriver$\IntelEthernetInstaller64\e1e6232e.inf is being queued up for addition to the offline image.
2026-09-27 04:56:01, Info                  IBS    Callback_Compliance_GatherDeviceIDs:Driver package is [E:\$WinPEDriver$\IntelEthernetInstaller64\e1e6232e.inf]
2026-09-27 04:56:01, Info                  IBS    GatherDeviceIDsInDriverPackage:Driver package path is [E:\$WinPEDriver$\IntelEthernetInstaller64\e1e6232e.inf]
2026-09-27 04:56:01, Info                         GetModelSectionNameEx:Using section name [Intel.NTamd64.6.1.1]
2026-09-27 04:56:01, Info                  IBS    AddDeviceIDsToInjectedDriverNodeHelper:Model section name is [Intel.NTamd64.6.1.1]
2026-09-27 04:56:01, Info                  IBS    GatherDeviceIDsInDriverPackage:Successfully gathered device ID's from [E:\$WinPEDriver$\IntelEthernetInstaller64\e1e6232e.inf]
2026-09-27 04:56:01, Info                         PnPIBS: Successfully gathered device ID's from [E:\$WinPEDriver$\IntelEthernetInstaller64\e1e6232e.inf]
2026-09-27 04:56:01, Info                         PnPIBS: Driver E:\$WinPEDriver$\IntelEthernetInstaller64\e1k62x64.inf is being queued up for addition to the offline image.
2026-09-27 04:56:01, Info                  IBS    Callback_Compliance_GatherDeviceIDs:Driver package is [E:\$WinPEDriver$\IntelEthernetInstaller64\e1k62x64.inf]
2026-09-27 04:56:01, Info                  IBS    GatherDeviceIDsInDriverPackage:Driver package path is [E:\$WinPEDriver$\IntelEthernetInstaller64\e1k62x64.inf]
2026-09-27 04:56:01, Info                         GetModelSectionNameEx:Using section name [Intel.NTamd64.6.1.1]
2026-09-27 04:56:01, Info                  IBS    AddDeviceIDsToInjectedDriverNodeHelper:Model section name is [Intel.NTamd64.6.1.1]
2026-09-27 04:56:01, Info                  IBS    GatherDeviceIDsInDriverPackage:Successfully gathered device ID's from [E:\$WinPEDriver$\IntelEthernetInstaller64\e1k62x64.inf]
2026-09-27 04:56:01, Info                         PnPIBS: Successfully gathered device ID's from [E:\$WinPEDriver$\IntelEthernetInstaller64\e1k62x64.inf]
2026-09-27 04:56:01, Info                         PnPIBS: Driver E:\$WinPEDriver$\IntelEthernetInstaller64\e1q62x64.inf is being queued up for addition to the offline image.
2026-09-27 04:56:01, Info                  IBS    Callback_Compliance_GatherDeviceIDs:Driver package is [E:\$WinPEDriver$\IntelEthernetInstaller64\e1q62x64.inf]
2026-09-27 04:56:01, Info                  IBS    GatherDeviceIDsInDriverPackage:Driver package path is [E:\$WinPEDriver$\IntelEthernetInstaller64\e1q62x64.inf]
2026-09-27 04:56:01, Info                         GetModelSectionNameEx:Using section name [Intel.NTamd64.6.1.1]
2026-09-27 04:56:01, Info                  IBS    AddDeviceIDsToInjectedDriverNodeHelper:Model section name is [Intel.NTamd64.6.1.1]
2026-09-27 04:56:01, Info                  IBS    GatherDeviceIDsInDriverPackage:Successfully gathered device ID's from [E:\$WinPEDriver$\IntelEthernetInstaller64\e1q62x64.inf]
2026-09-27 04:56:01, Info                         PnPIBS: Successfully gathered device ID's from [E:\$WinPEDriver$\IntelEthernetInstaller64\e1q62x64.inf]
2026-09-27 04:56:01, Info                         PnPIBS: Driver E:\$WinPEDriver$\IntelEthernetInstaller64\e1r62x64.inf is being queued up for addition to the offline image.
2026-09-27 04:56:01, Info                  IBS    Callback_Compliance_GatherDeviceIDs:Driver package is [E:\$WinPEDriver$\IntelEthernetInstaller64\e1r62x64.inf]
2026-09-27 04:56:01, Info                  IBS    GatherDeviceIDsInDriverPackage:Driver package path is [E:\$WinPEDriver$\IntelEthernetInstaller64\e1r62x64.inf]
2026-09-27 04:56:01, Info                         GetModelSectionNameEx:Using section name [Intel.NTamd64.6.1.1]
2026-09-27 04:56:01, Info                  IBS    AddDeviceIDsToInjectedDriverNodeHelper:Model section name is [Intel.NTamd64.6.1.1]
2026-09-27 04:56:01, Info                  IBS    GatherDeviceIDsInDriverPackage:Successfully gathered device ID's from [E:\$WinPEDriver$\IntelEthernetInstaller64\e1r62x64.inf]
2026-09-27 04:56:01, Info                         PnPIBS: Successfully gathered device ID's from [E:\$WinPEDriver$\IntelEthernetInstaller64\e1r62x64.inf]
2026-09-27 04:56:01, Info                         PnPIBS: Driver E:\$WinPEDriver$\IntelEthernetInstaller64\e1y62x64.inf is being queued up for addition to the offline image.
2026-09-27 04:56:01, Info                  IBS    Callback_Compliance_GatherDeviceIDs:Driver package is [E:\$WinPEDriver$\IntelEthernetInstaller64\e1y62x64.inf]
2026-09-27 04:56:01, Info                  IBS    GatherDeviceIDsInDriverPackage:Driver package path is [E:\$WinPEDriver$\IntelEthernetInstaller64\e1y62x64.inf]
2026-09-27 04:56:01, Info                         GetModelSectionNameEx:Using section name [Intel.NTamd64.6.1.1]
2026-09-27 04:56:01, Info                  IBS    AddDeviceIDsToInjectedDriverNodeHelper:Model section name is [Intel.NTamd64.6.1.1]
2026-09-27 04:56:01, Info                  IBS    GatherDeviceIDsInDriverPackage:Successfully gathered device ID's from [E:\$WinPEDriver$\IntelEthernetInstaller64\e1y62x64.inf]
2026-09-27 04:56:01, Info                         PnPIBS: Successfully gathered device ID's from [E:\$WinPEDriver$\IntelEthernetInstaller64\e1y62x64.inf]
2026-09-27 04:56:01, Info                         PnPIBS: Driver E:\$WinPEDriver$\SerialIO\iaLPSS2_GPIO2_SKL.inf is being queued up for addition to the offline image.
2026-09-27 04:56:01, Info                  IBS    Callback_Compliance_GatherDeviceIDs:Driver package is [E:\$WinPEDriver$\SerialIO\iaLPSS2_GPIO2_SKL.inf]
2026-09-27 04:56:01, Info                  IBS    GatherDeviceIDsInDriverPackage:Driver package path is [E:\$WinPEDriver$\SerialIO\iaLPSS2_GPIO2_SKL.inf]
2026-09-27 04:56:01, Info                         GetModelSectionNameEx:Using section name [Intel.NTamd64.6.3]
2026-09-27 04:56:01, Info                  IBS    AddDeviceIDsToInjectedDriverNodeHelper:Model section name is [Intel.NTamd64.6.3]
2026-09-27 04:56:01, Info                  IBS    GatherDeviceIDsInDriverPackage:Successfully gathered device ID's from [E:\$WinPEDriver$\SerialIO\iaLPSS2_GPIO2_SKL.inf]
2026-09-27 04:56:01, Info                         PnPIBS: Successfully gathered device ID's from [E:\$WinPEDriver$\SerialIO\iaLPSS2_GPIO2_SKL.inf]
2026-09-27 04:56:01, Info                         PnPIBS: Driver E:\$WinPEDriver$\SerialIO\iaLPSS2_I2C_SKL.inf is being queued up for addition to the offline image.
2026-09-27 04:56:01, Info                  IBS    Callback_Compliance_GatherDeviceIDs:Driver package is [E:\$WinPEDriver$\SerialIO\iaLPSS2_I2C_SKL.inf]
2026-09-27 04:56:01, Info                  IBS    GatherDeviceIDsInDriverPackage:Driver package path is [E:\$WinPEDriver$\SerialIO\iaLPSS2_I2C_SKL.inf]
2026-09-27 04:56:01, Info                         GetModelSectionNameEx:Using section name [Intel.NTamd64.6.3]
2026-09-27 04:56:01, Info                  IBS    AddDeviceIDsToInjectedDriverNodeHelper:Model section name is [Intel.NTamd64.6.3]
2026-09-27 04:56:01, Info                  IBS    GatherDeviceIDsInDriverPackage:Successfully gathered device ID's from [E:\$WinPEDriver$\SerialIO\iaLPSS2_I2C_SKL.inf]
2026-09-27 04:56:01, Info                         PnPIBS: Successfully gathered device ID's from [E:\$WinPEDriver$\SerialIO\iaLPSS2_I2C_SKL.inf]
2026-09-27 04:56:01, Info                         PnPIBS: Driver E:\$WinPEDriver$\SerialIO\iaLPSS2_SPI_SKL.inf is being queued up for addition to the offline image.
2026-09-27 04:56:01, Info                  IBS    Callback_Compliance_GatherDeviceIDs:Driver package is [E:\$WinPEDriver$\SerialIO\iaLPSS2_SPI_SKL.inf]
2026-09-27 04:56:01, Info                  IBS    GatherDeviceIDsInDriverPackage:Driver package path is [E:\$WinPEDriver$\SerialIO\iaLPSS2_SPI_SKL.inf]
2026-09-27 04:56:01, Info                         GetModelSectionNameEx:Using section name [Intel.NTamd64]
2026-09-27 04:56:01, Info                  IBS    AddDeviceIDsToInjectedDriverNodeHelper:Model section name is [Intel.NTamd64]
2026-09-27 04:56:01, Info                  IBS    GatherDeviceIDsInDriverPackage:Successfully gathered device ID's from [E:\$WinPEDriver$\SerialIO\iaLPSS2_SPI_SKL.inf]
2026-09-27 04:56:01, Info                         PnPIBS: Successfully gathered device ID's from [E:\$WinPEDriver$\SerialIO\iaLPSS2_SPI_SKL.inf]
2026-09-27 04:56:01, Info                         PnPIBS: Driver E:\$WinPEDriver$\SerialIO\iaLPSS2_UART2_SKL.inf is being queued up for addition to the offline image.
2026-09-27 04:56:01, Info                  IBS    Callback_Compliance_GatherDeviceIDs:Driver package is [E:\$WinPEDriver$\SerialIO\iaLPSS2_UART2_SKL.inf]
2026-09-27 04:56:01, Info                  IBS    GatherDeviceIDsInDriverPackage:Driver package path is [E:\$WinPEDriver$\SerialIO\iaLPSS2_UART2_SKL.inf]
2026-09-27 04:56:01, Info                         GetModelSectionNameEx:Using section name [Intel.NTamd64.6.3]
2026-09-27 04:56:01, Info                  IBS    AddDeviceIDsToInjectedDriverNodeHelper:Model section name is [Intel.NTamd64.6.3]
2026-09-27 04:56:01, Info                  IBS    GatherDeviceIDsInDriverPackage:Successfully gathered device ID's from [E:\$WinPEDriver$\SerialIO\iaLPSS2_UART2_SKL.inf]
2026-09-27 04:56:01, Info                         PnPIBS: Successfully gathered device ID's from [E:\$WinPEDriver$\SerialIO\iaLPSS2_UART2_SKL.inf]
2026-09-27 04:56:01, Info                         PnPIBS: Driver E:\$WinPEDriver$\SerialIO\iaLPSS_GPIO.inf is being queued up for addition to the offline image.
2026-09-27 04:56:01, Info                  IBS    Callback_Compliance_GatherDeviceIDs:Driver package is [E:\$WinPEDriver$\SerialIO\iaLPSS_GPIO.inf]
2026-09-27 04:56:01, Info                  IBS    GatherDeviceIDsInDriverPackage:Driver package path is [E:\$WinPEDriver$\SerialIO\iaLPSS_GPIO.inf]
2026-09-27 04:56:01, Info                         GetModelSectionNameEx:Using section name [Intel.NTamd64.6.3]
2026-09-27 04:56:01, Info                  IBS    AddDeviceIDsToInjectedDriverNodeHelper:Model section name is [Intel.NTamd64.6.3]
2026-09-27 04:56:01, Info                  IBS    GatherDeviceIDsInDriverPackage:Successfully gathered device ID's from [E:\$WinPEDriver$\SerialIO\iaLPSS_GPIO.inf]
2026-09-27 04:56:01, Info                         PnPIBS: Successfully gathered device ID's from [E:\$WinPEDriver$\SerialIO\iaLPSS_GPIO.inf]
2026-09-27 04:56:01, Info                         PnPIBS: Driver E:\$WinPEDriver$\SerialIO\iaLPSS_I2C.inf is being queued up for addition to the offline image.
2026-09-27 04:56:01, Info                  IBS    Callback_Compliance_GatherDeviceIDs:Driver package is [E:\$WinPEDriver$\SerialIO\iaLPSS_I2C.inf]
2026-09-27 04:56:01, Info                  IBS    GatherDeviceIDsInDriverPackage:Driver package path is [E:\$WinPEDriver$\SerialIO\iaLPSS_I2C.inf]
2026-09-27 04:56:01, Info                         GetModelSectionNameEx:Using section name [Intel.NTamd64.6.3]
2026-09-27 04:56:01, Info                  IBS    AddDeviceIDsToInjectedDriverNodeHelper:Model section name is [Intel.NTamd64.6.3]
2026-09-27 04:56:01, Info                  IBS    GatherDeviceIDsInDriverPackage:Successfully gathered device ID's from [E:\$WinPEDriver$\SerialIO\iaLPSS_I2C.inf]
2026-09-27 04:56:01, Info                         PnPIBS: Successfully gathered device ID's from [E:\$WinPEDriver$\SerialIO\iaLPSS_I2C.inf]
2026-09-27 04:56:01, Info                         PnPIBS: Driver E:\$WinPEDriver$\SerialIO\iaLPSS_SPI.inf is being queued up for addition to the offline image.
2026-09-27 04:56:01, Info                  IBS    Callback_Compliance_GatherDeviceIDs:Driver package is [E:\$WinPEDriver$\SerialIO\iaLPSS_SPI.inf]
2026-09-27 04:56:01, Info                  IBS    GatherDeviceIDsInDriverPackage:Driver package path is [E:\$WinPEDriver$\SerialIO\iaLPSS_SPI.inf]
2026-09-27 04:56:01, Info                         GetModelSectionNameEx:Using section name [Intel.NTamd64.6.3]
2026-09-27 04:56:01, Info                  IBS    AddDeviceIDsToInjectedDriverNodeHelper:Model section name is [Intel.NTamd64.6.3]
2026-09-27 04:56:01, Info                  IBS    GatherDeviceIDsInDriverPackage:Successfully gathered device ID's from [E:\$WinPEDriver$\SerialIO\iaLPSS_SPI.inf]
2026-09-27 04:56:01, Info                         PnPIBS: Successfully gathered device ID's from [E:\$WinPEDriver$\SerialIO\iaLPSS_SPI.inf]
2026-09-27 04:56:01, Info                         PnPIBS: Driver E:\$WinPEDriver$\SerialIO\iaLPSS_UART2.inf is being queued up for addition to the offline image.
2026-09-27 04:56:01, Info                  IBS    Callback_Compliance_GatherDeviceIDs:Driver package is [E:\$WinPEDriver$\SerialIO\iaLPSS_UART2.inf]
2026-09-27 04:56:01, Info                  IBS    GatherDeviceIDsInDriverPackage:Driver package path is [E:\$WinPEDriver$\SerialIO\iaLPSS_UART2.inf]
2026-09-27 04:56:01, Info                         GetModelSectionNameEx:Using section name [Intel.NTamd64.6.3]
2026-09-27 04:56:01, Info                  IBS    AddDeviceIDsToInjectedDriverNodeHelper:Model section name is [Intel.NTamd64.6.3]
2026-09-27 04:56:01, Info                  IBS    GatherDeviceIDsInDriverPackage:Successfully gathered device ID's from [E:\$WinPEDriver$\SerialIO\iaLPSS_UART2.inf]
2026-09-27 04:56:01, Info                         PnPIBS: Successfully gathered device ID's from [E:\$WinPEDriver$\SerialIO\iaLPSS_UART2.inf]
2026-09-27 04:56:01, Info                         Callback_GatherDiskInfo: Entry: flags = [0x1]; major = [DriveInformation] / minor = [0x90001]
2026-09-27 04:56:01, Info                         RefreshDiskInfo: Using VDS
2026-09-27 04:56:01, Info                         RefreshDiskInfo: Found flag DISKINFO_REENUMERATE_DISKS
2026-09-27 04:56:01, Info       [0x0606cc] IBS    GatherDiskInfo_ThreadFunc:Reenumerating disk devices...
2026-09-27 04:56:01, Info       [0x0606cc] IBS    GatherDiskInfo_ThreadFunc:Successfully reenumerated disks...
2026-09-27 04:56:06, Info       [0x0606cc] IBS    GatherDiskInfo_ThreadFunc:Successfully waited for pending device installs.
2026-09-27 04:56:06, Info       [0x0606cc] IBS    GatherDiskInfo_ThreadFunc:Querying disk information...
2026-09-27 04:56:06, Info       [0x0606cc] IBS    GatherVolumeInfo: Found volume with NULL GUID; must use alternate path...
2026-09-27 04:56:06, Info       [0x0606cc] IBS    GatherVolumeInfo did not succeed (hr = 0x80070032); trying legacy path...
2026-09-27 04:56:06, Info       [0x0606cc] IBS    GatherVolumeInfo: Found volume with NULL GUID; must use alternate path...
2026-09-27 04:56:06, Info       [0x0606cc] IBS    GatherVolumeInfo did not succeed (hr = 0x80070032); trying legacy path...
2026-09-27 04:56:07, Warning    [0x0606cc] IBS    LegacyGatherVolumeInfo: Unable to determine FS type for <disk 1 offset 0x12c06000>; GLE = 0x3ED.
2026-09-27 04:56:07, Info       [0x0606cc] IBS    GatherVolumeDriveLetters: Querying drive letters...
2026-09-27 04:56:07, Info       [0x0606cc] IBS    GatherVolumeDriveLetters: Done querying drive letters.
2026-09-27 04:56:07, Info       [0x0606cc] IBS    GatherDiskInfo_ThreadFunc:Finished gathering disk information.
2026-09-27 04:56:07, Info       [0x0606cc] IBS    DiskInfo:===== Disk number [1] =====
2026-09-27 04:56:07, Info       [0x0606cc] IBS    DiskInfo:  Friendly name: [Apple APPLE SSD AP0256 SCSI Disk Device]
2026-09-27 04:56:07, Info       [0x0606cc] IBS    DiskInfo:  Arc path: [multi(0)disk(0)rdisk(0)]
2026-09-27 04:56:07, Info       [0x0606cc] IBS    DiskInfo:  Disk ID guid [{6BCE4322-AE07-477A-9049-AD23DEC6AEF6}]
2026-09-27 04:56:07, Info       [0x0606cc] IBS    DiskInfo:  Size (bytes) [251000193024 / 0x3a70c70000]
2026-09-27 04:56:07, Info       [0x0606cc] IBS    DiskInfo:  Sector size (bytes) [4096]
2026-09-27 04:56:07, Info       [0x0606cc] IBS    DiskInfo:  Disk bus type: [SCSI]
2026-09-27 04:56:07, Info       [0x0606cc] IBS    DiskInfo:  SMART health status = OK
2026-09-27 04:56:07, Info       [0x0606cc] IBS    DiskInfo:  Partition style: GPT
2026-09-27 04:56:07, Info       [0x0606cc] IBS    DiskInfo:  3 region(s), 2 partition(s), 2 toplevel partition(s)
2026-09-27 04:56:07, Info       [0x0606cc] IBS    DiskInfo:  ------- Unallocated disk region --------
2026-09-27 04:56:07, Info       [0x0606cc] IBS    DiskInfo:    Offset (bytes) [0 / 0x0]
2026-09-27 04:56:07, Info       [0x0606cc] IBS    DiskInfo:    Size (bytes) [24576 / 0x6000]
2026-09-27 04:56:07, Info       [0x0606cc] IBS    DiskInfo:  ------ NT partition number [1] -------
2026-09-27 04:56:07, Info       [0x0606cc] IBS    DiskInfo:    Offset (bytes) [24576 / 0x6000]
2026-09-27 04:56:07, Info       [0x0606cc] IBS    DiskInfo:    Size (bytes) [314572800 / 0x12c00000]
2026-09-27 04:56:07, Info       [0x0606cc] IBS    DiskInfo:    Simple index: [1]
2026-09-27 04:56:07, Info       [0x0606cc] IBS    DiskInfo:    GPT partition type: [{C12A7328-F81F-11D2-BA4B-00A0C93EC93B}] (recognized)
2026-09-27 04:56:07, Info       [0x0606cc] IBS    DiskInfo:    EFI system partition
2026-09-27 04:56:07, Info       [0x0606cc] IBS    DiskInfo:    NT path: [\Device\HarddiskVolume3]
2026-09-27 04:56:07, Info       [0x0606cc] IBS    DiskInfo:    File system type: [FAT32]
2026-09-27 04:56:07, Info       [0x0606cc] IBS    DiskInfo:    Volume label: [EFI]
2026-09-27 04:56:07, Info       [0x0606cc] IBS    DiskInfo:    Volume free space (bytes) [238338048]
2026-09-27 04:56:07, Info       [0x0606cc] IBS    DiskInfo:  ------ NT partition number [2] -------
2026-09-27 04:56:07, Info       [0x0606cc] IBS    DiskInfo:    Offset (bytes) [314597376 / 0x12c06000]
2026-09-27 04:56:07, Info       [0x0606cc] IBS    DiskInfo:    Size (bytes) [250685575168 / 0x3a5e065000]
2026-09-27 04:56:07, Info       [0x0606cc] IBS    DiskInfo:    Simple index: [2]
2026-09-27 04:56:07, Info       [0x0606cc] IBS    DiskInfo:    GPT partition type: [{7C3457EF-0000-11AA-AA11-00306543ECAC}] (not recognized)
2026-09-27 04:56:07, Info       [0x0606cc] IBS    DiskInfo:    NT path: [\Device\HarddiskVolume4]
2026-09-27 04:56:07, Info       [0x0606cc] IBS    DiskInfo:    File system type: [UNKNOWN]
2026-09-27 04:56:07, Info       [0x0606cc] IBS    DiskInfo:    Volume free space (bytes) [0]
2026-09-27 04:56:07, Info                         PublishDiskInfoOnBlackboard: Serializing disk info...
2026-09-27 04:56:07, Info                         GatherCapabilityParams: Can't tell if user is attempting cross-architecture install (image selection may not be done)
2026-09-27 04:56:07, Info       [0x0606cc] IBS    GetSystemDiskNTPath: Found system disk at [\Device\Harddisk1\DR1].
2026-09-27 04:56:07, Info       [0x0606cc] IBS    GetSystemDiskNumber: Disk [1] is the system disk.
2026-09-27 04:56:07, Info                  IBS    IsDiskSupported:Checking if disk [1] has the necessary driver support.
2026-09-27 04:56:07, Info                  IBS    IsDeviceSupported:Device description is [Disk drive]
2026-09-27 04:56:07, Info                  IBS    DumpDeviceIDs:      H/w    ID [SCSI\DiskApple___APPLE_SSD_AP025614.1]
2026-09-27 04:56:07, Info                  IBS    DumpDeviceIDs:      H/w    ID [SCSI\DiskApple___APPLE_SSD_AP0256]
2026-09-27 04:56:07, Info                  IBS    DumpDeviceIDs:      H/w    ID [SCSI\DiskApple___]
2026-09-27 04:56:07, Info                  IBS    DumpDeviceIDs:      H/w    ID [SCSI\Apple___APPLE_SSD_AP02561]
2026-09-27 04:56:07, Info                  IBS    DumpDeviceIDs:      H/w    ID [Apple___APPLE_SSD_AP02561]
2026-09-27 04:56:07, Info                  IBS    DumpDeviceIDs:      H/w    ID [GenDisk]
2026-09-27 04:56:07, Info                  IBS    DumpDeviceIDs:      Compat ID [SCSI\Disk]
2026-09-27 04:56:07, Info                  IBS    DumpDeviceIDs:      Compat ID [SCSI\RAW]
2026-09-27 04:56:07, Info                  IBS    IsDeviceIDPresent:Found device ID [GenDisk] in hwcompat list
2026-09-27 04:56:07, Info                  IBS    IsDeviceSupported:Device [Disk drive] is supported
2026-09-27 04:56:07, Info                  IBS    IsDeviceSupported:Device description is [Apple Solid State Drive Device]
2026-09-27 04:56:07, Info                  IBS    DumpDeviceIDs:      H/w    ID [PCI\VEN_106B&DEV_2003&SUBSYS_2003106B&REV_12]
2026-09-27 04:56:07, Info                  IBS    DumpDeviceIDs:      H/w    ID [PCI\VEN_106B&DEV_2003&SUBSYS_2003106B]
2026-09-27 04:56:07, Info                  IBS    DumpDeviceIDs:      H/w    ID [PCI\VEN_106B&DEV_2003&CC_018002]
2026-09-27 04:56:07, Info                  IBS    DumpDeviceIDs:      H/w    ID [PCI\VEN_106B&DEV_2003&CC_0180]
2026-09-27 04:56:07, Info                  IBS    DumpDeviceIDs:      Compat ID [PCI\VEN_106B&DEV_2003&REV_12]
2026-09-27 04:56:07, Info                  IBS    DumpDeviceIDs:      Compat ID [PCI\VEN_106B&DEV_2003]
2026-09-27 04:56:07, Info                  IBS    DumpDeviceIDs:      Compat ID [PCI\VEN_106B&CC_018002]
2026-09-27 04:56:07, Info                  IBS    DumpDeviceIDs:      Compat ID [PCI\VEN_106B&CC_0180]
2026-09-27 04:56:07, Info                  IBS    DumpDeviceIDs:      Compat ID [PCI\VEN_106B]
2026-09-27 04:56:07, Info                  IBS    DumpDeviceIDs:      Compat ID [PCI\CC_018002]
2026-09-27 04:56:07, Info                  IBS    DumpDeviceIDs:      Compat ID [PCI\CC_0180]
2026-09-27 04:56:07, Info                         DeviceIDPresent:Found device with ID [PCI\VEN_106B&CC_0180] in the list.
2026-09-27 04:56:07, Info                  IBS    LookupDeviceIDsInInjectedDriverPackage:Found the device ID in the injected driver list.
2026-09-27 04:56:07, Info                  IBS    IsDeviceSupported:Device [Apple Solid State Drive Device] is supported
2026-09-27 04:56:07, Info                  IBS    IsDeviceSupported:Device description is [PCI-to-PCI Bridge]
2026-09-27 04:56:07, Info                  IBS    DumpDeviceIDs:      H/w    ID [PCI\VEN_8086&DEV_9D10&SUBSYS_72708086&REV_F1]
2026-09-27 04:56:07, Info                  IBS    DumpDeviceIDs:      H/w    ID [PCI\VEN_8086&DEV_9D10&SUBSYS_72708086]
2026-09-27 04:56:07, Info                  IBS    DumpDeviceIDs:      H/w    ID [PCI\VEN_8086&DEV_9D10&CC_060400]
2026-09-27 04:56:07, Info                  IBS    DumpDeviceIDs:      H/w    ID [PCI\VEN_8086&DEV_9D10&CC_0604]
2026-09-27 04:56:07, Info                  IBS    DumpDeviceIDs:      Compat ID [PCI\VEN_8086&DEV_9D10&REV_F1]
2026-09-27 04:56:07, Info                  IBS    DumpDeviceIDs:      Compat ID [PCI\VEN_8086&DEV_9D10]
2026-09-27 04:56:07, Info                  IBS    DumpDeviceIDs:      Compat ID [PCI\VEN_8086&CC_060400]
2026-09-27 04:56:07, Info                  IBS    DumpDeviceIDs:      Compat ID [PCI\VEN_8086&CC_0604]
2026-09-27 04:56:07, Info                  IBS    DumpDeviceIDs:      Compat ID [PCI\VEN_8086]
2026-09-27 04:56:07, Info                  IBS    DumpDeviceIDs:      Compat ID [PCI\CC_060400]
2026-09-27 04:56:07, Info                  IBS    DumpDeviceIDs:      Compat ID [PCI\CC_0604]
2026-09-27 04:56:07, Info                  IBS    IsDeviceIDPresent:Found device ID [PCI\CC_0604] in hwcompat list
2026-09-27 04:56:07, Info                  IBS    IsDeviceSupported:Device [PCI-to-PCI Bridge] is supported
2026-09-27 04:56:07, Info                  IBS    IsDeviceSupported:Device description is [PCI Express Root Complex]
2026-09-27 04:56:07, Info                  IBS    DumpDeviceIDs:      H/w    ID [ACPI\VEN_PNP&DEV_0A08]
2026-09-27 04:56:07, Info                  IBS    DumpDeviceIDs:      H/w    ID [ACPI\PNP0A08]
2026-09-27 04:56:07, Info                  IBS    DumpDeviceIDs:      H/w    ID [*PNP0A08]
2026-09-27 04:56:07, Info                  IBS    DumpDeviceIDs:      Compat ID [*PNP0A03]
2026-09-27 04:56:07, Info                  IBS    IsDeviceIDPresent:Found device ID [*PNP0A08] in hwcompat list
2026-09-27 04:56:07, Info                  IBS    IsDeviceSupported:Device [PCI Express Root Complex] is supported
2026-09-27 04:56:07, Info                  IBS    IsDeviceSupported:Device description is [Microsoft ACPI-Compliant System]
2026-09-27 04:56:07, Info                  IBS    DumpDeviceIDs:      H/w    ID [ACPI_HAL\PNP0C08]
2026-09-27 04:56:07, Info                  IBS    DumpDeviceIDs:      H/w    ID [*PNP0C08]
2026-09-27 04:56:07, Info                  IBS    IsDeviceIDPresent:Found device ID [*PNP0C08] in hwcompat list
2026-09-27 04:56:07, Info                  IBS    IsDeviceSupported:Device [Microsoft ACPI-Compliant System] is supported
2026-09-27 04:56:07, Info                  IBS    IsDeviceSupported:Device description is [ACPI x64-based PC]
2026-09-27 04:56:07, Info                  IBS    DumpDeviceIDs:      H/w    ID [acpiapic]
2026-09-27 04:56:07, Info                  IBS    DumpDeviceIDs:      Compat ID [DETECTEDInternal\ACPI_HAL]
2026-09-27 04:56:07, Info                  IBS    DumpDeviceIDs:      Compat ID [DETECTED\ACPI_HAL]
2026-09-27 04:56:07, Info                  IBS    IsDeviceIDPresent:Found device ID [acpiapic] in hwcompat list
2026-09-27 04:56:07, Info                  IBS    IsDeviceSupported:Device [ACPI x64-based PC] is supported
2026-09-27 04:56:07, Info                  IBS    DetermineDeviceSupport:Disk 1 has the necessary driver support
2026-09-27 04:56:07, Info                         PublishDiskInfoOnBlackboard: Successfully serialized disk info.
2026-09-27 04:56:07, Info                         Callback_GatherDiskInfo: Exit
2026-09-27 04:56:07, Info                         PnPIBS: Exiting PnP callback to add drivers to the offline image ...
2026-09-27 04:56:07, Info                  IBS    Callback_WinPE_SetSourceMediaInfo_Unattend:Trying to determine source path.
2026-09-27 04:56:07, Info                  IBS    Callback_WinPE_SetSourceMediaInfo_Unattend:Media boot.
2026-09-27 04:56:07, Info                  IBS    FindSetupMedia:Checking source type 1.
2026-09-27 04:56:07, Info                  IBS    FindSetupMedia:Checking source type 2.
2026-09-27 04:56:07, Info       [0x0605af] IBS    Callback_WinPE_SetSourceMediaInfo:Sources folder path is [E:\Sources]
2026-09-27 04:56:07, Info       [0x0606cc] IBS    LogMediaDriveInfo: Media drive is of type CD/DVD (5)
2026-09-27 04:56:07, Info       [0x0606cc] IBS    LogMediaDriveInfo: Media drive [E:] is known as disk [0]
2026-09-27 04:56:07, Info       [0x0606cc] IBS    LogDeviceInfo: ----- Device instance ID: [SCSI\CDROM&VEN_MSFT&PROD_VIRTUAL_DVD-ROM\2&1F4ADFFE&0&000001] -----
2026-09-27 04:56:07, Info       [0x0606cc] IBS    LogDeviceInfo: 	Physical device name = [\Device\0000003f]
2026-09-27 04:56:07, Info       [0x0606cc] IBS    LogDeviceInfo: 	Description = [CD-ROM Drive]
2026-09-27 04:56:07, Info       [0x0606cc] IBS    LogDeviceInfo: 	Friendly name = [Microsoft Virtual DVD-ROM]
2026-09-27 04:56:07, Info       [0x0606cc] IBS    LogDeviceInfo: 	Service = [cdrom]
2026-09-27 04:56:07, Info       [0x0606cc] IBS    LogDeviceInfo: 	Driver description = [CD-ROM Drive]
2026-09-27 04:56:07, Info       [0x0606cc] IBS    LogDeviceInfo: 	Driver version = [10.0.19041.3636]
2026-09-27 04:56:07, Info       [0x0606cc] IBS    LogDeviceInfo: 	Hardware IDs =
2026-09-27 04:56:07, Info       [0x0606cc] IBS    LogDeviceInfo: 	      SCSI\CdRomMsft____Virtual_DVD-ROM_1.0_
2026-09-27 04:56:07, Info       [0x0606cc] IBS    LogDeviceInfo: 	      SCSI\CdRomMsft____Virtual_DVD-ROM_
2026-09-27 04:56:07, Info       [0x0606cc] IBS    LogDeviceInfo: 	      SCSI\CdRomMsft____
2026-09-27 04:56:07, Info       [0x0606cc] IBS    LogDeviceInfo: 	      SCSI\Msft____Virtual_DVD-ROM_1
2026-09-27 04:56:07, Info       [0x0606cc] IBS    LogDeviceInfo: 	      Msft____Virtual_DVD-ROM_1
2026-09-27 04:56:07, Info       [0x0606cc] IBS    LogDeviceInfo: 	      GenCdRom
2026-09-27 04:56:07, Info       [0x0606cc] IBS    LogDeviceInfo: 	Compatible IDs =
2026-09-27 04:56:07, Info       [0x0606cc] IBS    LogDeviceInfo: 	      SCSI\CdRom
2026-09-27 04:56:07, Info       [0x0606cc] IBS    LogDeviceInfo: 	      SCSI\RAW
2026-09-27 04:56:07, Info       [0x0606cc] IBS    LogDeviceInfo: ----- Device instance ID: [{8E7BD593-6E6C-4C52-86A6-77175494DD8E}\MSVHDHBA\1&3030E83&0&01] -----
2026-09-27 04:56:07, Info       [0x0606cc] IBS    LogDeviceInfo: 	Physical device name = [\Device\0000003d]
2026-09-27 04:56:07, Info       [0x0606cc] IBS    LogDeviceInfo: 	Description = [Microsoft VHD Loopback Controller]
2026-09-27 04:56:07, Info       [0x0606cc] IBS    LogDeviceInfo: 	Service = [vhdmp]
2026-09-27 04:56:07, Info       [0x0606cc] IBS    LogDeviceInfo: 	Driver description = [Microsoft VHD Loopback Controller]
2026-09-27 04:56:07, Info       [0x0606cc] IBS    LogDeviceInfo: 	Driver version = [10.0.19041.3693]
2026-09-27 04:56:07, Info       [0x0606cc] IBS    LogDeviceInfo: 	Hardware IDs =
2026-09-27 04:56:07, Info       [0x0606cc] IBS    LogDeviceInfo: 	      {8e7bd593-6e6c-4c52-86a6-77175494dd8e}\MsVhdHba
2026-09-27 04:56:07, Info       [0x0606cc] IBS    LogDeviceInfo: 	Compatible IDs =
2026-09-27 04:56:07, Info       [0x0606cc] IBS    LogDeviceInfo: 	      {8e7bd593-6e6c-4c52-86a6-77175494dd8e}\MsCompatibleVhdHba
2026-09-27 04:56:07, Info       [0x0606cc] IBS    LogDeviceInfo: ----- Device instance ID: [ROOT\VDRVROOT\0000] -----
2026-09-27 04:56:07, Info       [0x0606cc] IBS    LogDeviceInfo: 	Physical device name = [\Device\0000001f]
2026-09-27 04:56:07, Info       [0x0606cc] IBS    LogDeviceInfo: 	Description = [Microsoft Virtual Drive Enumerator]
2026-09-27 04:56:07, Info       [0x0606cc] IBS    LogDeviceInfo: 	Service = [vdrvroot]
2026-09-27 04:56:07, Info       [0x0606cc] IBS    LogDeviceInfo: 	Driver description = [Microsoft Virtual Drive Enumerator]
2026-09-27 04:56:07, Info       [0x0606cc] IBS    LogDeviceInfo: 	Driver version = [10.0.19041.1]
2026-09-27 04:56:07, Info       [0x0606cc] IBS    LogDeviceInfo: 	Hardware IDs =
2026-09-27 04:56:07, Info       [0x0606cc] IBS    LogDeviceInfo: 	      ROOT\vdrvroot
2026-09-27 04:56:07, Info       [0x0606cc] IBS    LogDeviceInfo: ----- Device instance ID: [HTREE\ROOT\0] -----
2026-09-27 04:56:07, Info                         Callback_SetWinPEAndOSImageInfoOnBB: Not running from downlevel; skipping check for WinPE image
2026-09-27 04:56:07, Info                         SetOSImageInfoOnBB: Entry
2026-09-27 04:56:07, Info                  IBS    GetWindowsImageFilePath:Path specified on the command line [E:\sources\install.wim]
2026-09-27 04:56:07, Info                         SetOSImageInfoOnBB: Windows image file location is [E:\sources\install.wim]
2026-09-27 04:56:07, Info                  IBS    CollectInformationForImage: Size of 'E:\sources\install.wim' is 5254581193
2026-09-27 04:56:07, Info                  IBS    CollectInformationForImage: Source image file 'E:\sources\install.wim' has 1 sub-image(s)
2026-09-27 04:56:07, Info                         CDepImageInfoSetCache::UpdateCachedInfoSet: Caching image info for [E:\sources\install.wim]
2026-09-27 04:56:07, Info                  IBS    CollectInformationForImage: Saved reference to image set container 'E:\sources\install.wim'
2026-09-27 04:56:07, Info                         SetOSImageInfoOnBB: Successfully collected information for Windows image file
2026-09-27 04:56:07, Info                         Callback_SetWinPEAndOSImageInfoOnBB: Successfully collected WinPE and Windows image XML info.
2026-09-27 04:56:07, Info       [0x0605b0] IBS    Callback_WinPE_SetSourceMediaInfo:Install source path is [E:\Sources]
2026-09-27 04:56:07, Info       [0x0605b3] IBS    Callback_WinPE_SetSourceMediaInfo_Unattend:Show flag for early F6 UI page is being to set to [Hide]
2026-09-27 04:56:07, Info       [0x064047] IBSLIB MarkUnattendSettingAsProcessed: Marking unattend setting [Diagnostics] as processed.
2026-09-27 04:56:07, Info       [0x064047] IBSLIB MarkUnattendSettingAsProcessed: Marking unattend setting [ProductKey\ProductKey] as processed.
2026-09-27 04:56:07, Info       [0x060114] IBS    Callback_Productkey_Validate_Unattend:User specified an unattend xml file.
2026-09-27 04:56:07, Info       [0x060115] IBS    Callback_Productkey_Validate_Unattend:Using ProductKey WillShowUI value of [OnError]; retrieving key from unattend file...
2026-09-27 04:56:07, Info                  IBS    Callback_Productkey_Validate_Unattend:Look for ei.cfg.
2026-09-27 04:56:07, Info                  IBS    Callback_Productkey_Validate_Unattend: [Retail] is defined as the Channel in EI.cfg file
2026-09-27 04:56:07, Info                  IBS    Callback_Productkey_Validate_Unattend:This is keyless setup.
2026-09-27 04:56:07, Info       [0x060118] IBS    Callback_Productkey_Validate_Unattend:Validating Product key
2026-09-27 04:56:07, Info       [0x060122] IBS    Callback_Productkey_Validate: Entry
2026-09-27 04:56:07, Info       [0x06012c] IBS    Callback_Productkey_Validate: No product key provided on the blackboard. Running keyless setup.
2026-09-27 04:56:07, Info                  IBS    Callback_Productkey_Validate: Using EulaType (a.k.a. ChannelType) for keyless setup. Eula type is [Retail].
2026-09-27 04:56:07, Info                  IBS    ConstructOSImageConstraints: Setup is in keyless mode.
2026-09-27 04:56:07, Info                  IBS    ConstructOSImageConstraints: Setup is not using ei.cfg.
2026-09-27 04:56:07, Info                  IBS    ConstructOSImageConstraints: Not using editionid for metadata constraint.
2026-09-27 04:56:07, Info                         CDepImageInfoSetCache::GetCachedInfoSet: Found cached image info for [E:\sources\install.wim]
2026-09-27 04:56:07, Info                         ImageXmlInfo::LogImages: Start
2026-09-27 04:56:07, Info                         ImageXmlInfo::LogImages:   Index = 1
2026-09-27 04:56:07, Info                         ImageXmlInfo::LogImages:     Name = Windows 10 Pro
2026-09-27 04:56:07, Info                         ImageXmlInfo::LogImages:     Description = Windows 10 Pro
2026-09-27 04:56:07, Info                         ImageXmlInfo::LogImages:     Total bytes = 17131783734
2026-09-27 04:56:07, Info                         ImageXmlInfo::LogImages:     Architecture = 9
2026-09-27 04:56:07, Info                         ImageXmlInfo::LogImages:     Default language = en-US
2026-09-27 04:56:07, Info                         ImageXmlInfo::LogImages:     Edition ID = Professional
2026-09-27 04:56:07, Info                         ImageXmlInfo::LogImages:     Major version = 10
2026-09-27 04:56:07, Info                         ImageXmlInfo::LogImages:     Minor version = 0
2026-09-27 04:56:07, Info                         ImageXmlInfo::LogImages:     Build number = 19045
2026-09-27 04:56:07, Info                         ImageXmlInfo::LogImages:     SP Build = 3803
2026-09-27 04:56:07, Info                         ImageXmlInfo::LogImages:     SP Level = 0
2026-09-27 04:56:07, Info                         ImageXmlInfo::LogImages:     Installation type = Client
2026-09-27 04:56:07, Info                         ImageXmlInfo::LogImages: End
2026-09-27 04:56:07, Info                  IBS    DumpXmlInfoConstraints: Begin to dump XML info constraints for image selection
2026-09-27 04:56:07, Info                  IBS    DumpXmlInfoConstraints: End of dump.
2026-09-27 04:56:07, Info       [0x0603eb] IBS    CallBack_SelectImageOrShowUi: There is only a single matching OS image (index = 1)
2026-09-27 04:56:07, Info                         CDepImageInfoSetCache::GetCachedInfoSet: Found cached image info for [E:\sources\install.wim]
2026-09-27 04:56:07, Info       [0x0606cc] IBS    CDepImageXMLInfo::GetEditionID:EditionID=Professional, Flags=Professional : Returning Professional, hr=0x0
2026-09-27 04:56:07, Info                  IBS     This is a keyless install. Determine whether image is staged or foundation
2026-09-27 04:56:07, Info                         CallBack_SelectImageOrShowUi: This is a keyless install of a staged image. Writing out EditionId of [Professional] to the blackboard.
2026-09-27 04:56:07, Info                  IBS    Callback_License_LoadLicenseText: Could not find locale information on blackboard; assuming default locale.
2026-09-27 04:56:07, Info                  IBS    Callback_License_LoadLicenseText: Parameters used to identify EULA : Language - [en-us]    Channel - [Retail]    Edition - [Professional]    Region - []
2026-09-27 04:56:07, Info                  IBS    Callback_License_LoadLicenseText: Image Information: WIM - [E:\sources\install.wim]    ImageIndex - [1]    WorkingDirectory - [X:\windows\panther]
2026-09-27 04:56:07, Info                  IBS    Callback_License_LoadLicenseText: Calling SkuGetImageEulaAsString to extract the EULA content
2026-09-27 04:56:08, Info       [0x0603d6] IBS    Callback_SetSelectedImageInfoOnBB: Entry
2026-09-27 04:56:08, Info                         Callback_SetSelectedImageInfoOnBB: Not running from downlevel; skipping check for WinPE image
2026-09-27 04:56:08, Info       [0x060076] IBS    Callback_SetSelectedImageInfoOnBB:Successfully read and cached the WinPE image's metadata.
2026-09-27 04:56:08, Info                         CDepImageInfoSetCache::GetCachedInfoSet: Found cached image info for [E:\sources\install.wim]
2026-09-27 04:56:08, Info       [0x0606cc] IBS    CDepImageXMLInfo::GetEditionID:EditionID=Professional, Flags=Professional : Returning Professional, hr=0x0
2026-09-27 04:56:08, Info                  IBS    SetSelectedWindowsImageInfoOnBB:EditionID is [Professional].
2026-09-27 04:56:08, Info       [0x060088] IBS    CheckAdditionalMediaRequirements:Image part count is [1]
2026-09-27 04:56:08, Info       [0x060078] IBS    Callback_SetSelectedImageInfoOnBB:Successfully read and cached the Windows image's metadata.
2026-09-27 04:56:08, Info                         Callback_RefreshDiskCapabilities: Refreshing disk capabilities...
2026-09-27 04:56:08, Info                         PublishDiskInfoOnBlackboard: Serializing disk info...
2026-09-27 04:56:08, Info       [0x0606cc] IBS    GetSystemDiskNTPath: Found system disk at [\Device\Harddisk1\DR1].
2026-09-27 04:56:08, Info       [0x0606cc] IBS    GetSystemDiskNumber: Disk [1] is the system disk.
2026-09-27 04:56:08, Info                  IBS    IsDiskSupported:Checking if disk [1] has the necessary driver support.
2026-09-27 04:56:08, Info                  IBS    IsDeviceSupported:Device description is [Disk drive]
2026-09-27 04:56:08, Info                  IBS    DumpDeviceIDs:      H/w    ID [SCSI\DiskApple___APPLE_SSD_AP025614.1]
2026-09-27 04:56:08, Info                  IBS    DumpDeviceIDs:      H/w    ID [SCSI\DiskApple___APPLE_SSD_AP0256]
2026-09-27 04:56:08, Info                  IBS    DumpDeviceIDs:      H/w    ID [SCSI\DiskApple___]
2026-09-27 04:56:08, Info                  IBS    DumpDeviceIDs:      H/w    ID [SCSI\Apple___APPLE_SSD_AP02561]
2026-09-27 04:56:08, Info                  IBS    DumpDeviceIDs:      H/w    ID [Apple___APPLE_SSD_AP02561]
2026-09-27 04:56:08, Info                  IBS    DumpDeviceIDs:      H/w    ID [GenDisk]
2026-09-27 04:56:08, Info                  IBS    DumpDeviceIDs:      Compat ID [SCSI\Disk]
2026-09-27 04:56:08, Info                  IBS    DumpDeviceIDs:      Compat ID [SCSI\RAW]
2026-09-27 04:56:08, Info                  IBS    IsDeviceIDPresent:Found device ID [GenDisk] in hwcompat list
2026-09-27 04:56:08, Info                  IBS    IsDeviceSupported:Device [Disk drive] is supported
2026-09-27 04:56:08, Info                  IBS    IsDeviceSupported:Device description is [Apple Solid State Drive Device]
2026-09-27 04:56:08, Info                  IBS    DumpDeviceIDs:      H/w    ID [PCI\VEN_106B&DEV_2003&SUBSYS_2003106B&REV_12]
2026-09-27 04:56:08, Info                  IBS    DumpDeviceIDs:      H/w    ID [PCI\VEN_106B&DEV_2003&SUBSYS_2003106B]
2026-09-27 04:56:08, Info                  IBS    DumpDeviceIDs:      H/w    ID [PCI\VEN_106B&DEV_2003&CC_018002]
2026-09-27 04:56:08, Info                  IBS    DumpDeviceIDs:      H/w    ID [PCI\VEN_106B&DEV_2003&CC_0180]
2026-09-27 04:56:08, Info                  IBS    DumpDeviceIDs:      Compat ID [PCI\VEN_106B&DEV_2003&REV_12]
2026-09-27 04:56:08, Info                  IBS    DumpDeviceIDs:      Compat ID [PCI\VEN_106B&DEV_2003]
2026-09-27 04:56:08, Info                  IBS    DumpDeviceIDs:      Compat ID [PCI\VEN_106B&CC_018002]
2026-09-27 04:56:08, Info                  IBS    DumpDeviceIDs:      Compat ID [PCI\VEN_106B&CC_0180]
2026-09-27 04:56:08, Info                  IBS    DumpDeviceIDs:      Compat ID [PCI\VEN_106B]
2026-09-27 04:56:08, Info                  IBS    DumpDeviceIDs:      Compat ID [PCI\CC_018002]
2026-09-27 04:56:08, Info                  IBS    DumpDeviceIDs:      Compat ID [PCI\CC_0180]
2026-09-27 04:56:08, Info                         DeviceIDPresent:Found device with ID [PCI\VEN_106B&CC_0180] in the list.
2026-09-27 04:56:08, Info                  IBS    LookupDeviceIDsInInjectedDriverPackage:Found the device ID in the injected driver list.
2026-09-27 04:56:08, Info                  IBS    IsDeviceSupported:Device [Apple Solid State Drive Device] is supported
2026-09-27 04:56:08, Info                  IBS    IsDeviceSupported:Device description is [PCI-to-PCI Bridge]
2026-09-27 04:56:08, Info                  IBS    DumpDeviceIDs:      H/w    ID [PCI\VEN_8086&DEV_9D10&SUBSYS_72708086&REV_F1]
2026-09-27 04:56:08, Info                  IBS    DumpDeviceIDs:      H/w    ID [PCI\VEN_8086&DEV_9D10&SUBSYS_72708086]
2026-09-27 04:56:08, Info                  IBS    DumpDeviceIDs:      H/w    ID [PCI\VEN_8086&DEV_9D10&CC_060400]
2026-09-27 04:56:08, Info                  IBS    DumpDeviceIDs:      H/w    ID [PCI\VEN_8086&DEV_9D10&CC_0604]
2026-09-27 04:56:08, Info                  IBS    DumpDeviceIDs:      Compat ID [PCI\VEN_8086&DEV_9D10&REV_F1]
2026-09-27 04:56:08, Info                  IBS    DumpDeviceIDs:      Compat ID [PCI\VEN_8086&DEV_9D10]
2026-09-27 04:56:08, Info                  IBS    DumpDeviceIDs:      Compat ID [PCI\VEN_8086&CC_060400]
2026-09-27 04:56:08, Info                  IBS    DumpDeviceIDs:      Compat ID [PCI\VEN_8086&CC_0604]
2026-09-27 04:56:08, Info                  IBS    DumpDeviceIDs:      Compat ID [PCI\VEN_8086]
2026-09-27 04:56:08, Info                  IBS    DumpDeviceIDs:      Compat ID [PCI\CC_060400]
2026-09-27 04:56:08, Info                  IBS    DumpDeviceIDs:      Compat ID [PCI\CC_0604]
2026-09-27 04:56:08, Info                  IBS    IsDeviceIDPresent:Found device ID [PCI\CC_0604] in hwcompat list
2026-09-27 04:56:08, Info                  IBS    IsDeviceSupported:Device [PCI-to-PCI Bridge] is supported
2026-09-27 04:56:08, Info                  IBS    IsDeviceSupported:Device description is [PCI Express Root Complex]
2026-09-27 04:56:08, Info                  IBS    DumpDeviceIDs:      H/w    ID [ACPI\VEN_PNP&DEV_0A08]
2026-09-27 04:56:08, Info                  IBS    DumpDeviceIDs:      H/w    ID [ACPI\PNP0A08]
2026-09-27 04:56:08, Info                  IBS    DumpDeviceIDs:      H/w    ID [*PNP0A08]
2026-09-27 04:56:08, Info                  IBS    DumpDeviceIDs:      Compat ID [*PNP0A03]
2026-09-27 04:56:08, Info                  IBS    IsDeviceIDPresent:Found device ID [*PNP0A08] in hwcompat list
2026-09-27 04:56:08, Info                  IBS    IsDeviceSupported:Device [PCI Express Root Complex] is supported
2026-09-27 04:56:08, Info                  IBS    IsDeviceSupported:Device description is [Microsoft ACPI-Compliant System]
2026-09-27 04:56:08, Info                  IBS    DumpDeviceIDs:      H/w    ID [ACPI_HAL\PNP0C08]
2026-09-27 04:56:08, Info                  IBS    DumpDeviceIDs:      H/w    ID [*PNP0C08]
2026-09-27 04:56:08, Info                  IBS    IsDeviceIDPresent:Found device ID [*PNP0C08] in hwcompat list
2026-09-27 04:56:08, Info                  IBS    IsDeviceSupported:Device [Microsoft ACPI-Compliant System] is supported
2026-09-27 04:56:08, Info                  IBS    IsDeviceSupported:Device description is [ACPI x64-based PC]
2026-09-27 04:56:08, Info                  IBS    DumpDeviceIDs:      H/w    ID [acpiapic]
2026-09-27 04:56:08, Info                  IBS    DumpDeviceIDs:      Compat ID [DETECTEDInternal\ACPI_HAL]
2026-09-27 04:56:08, Info                  IBS    DumpDeviceIDs:      Compat ID [DETECTED\ACPI_HAL]
2026-09-27 04:56:08, Info                  IBS    IsDeviceIDPresent:Found device ID [acpiapic] in hwcompat list
2026-09-27 04:56:08, Info                  IBS    IsDeviceSupported:Device [ACPI x64-based PC] is supported
2026-09-27 04:56:08, Info                  IBS    DetermineDeviceSupport:Disk 1 has the necessary driver support
2026-09-27 04:56:08, Info                         PublishDiskInfoOnBlackboard: Successfully serialized disk info.
2026-09-27 04:56:08, Info                         Callback_RefreshDiskCapabilities: Successfully refreshed capabilities.
2026-09-27 04:56:08, Info                  DIAG   CallBack_EditionID: Called with notification for TransferImage
2026-09-27 04:56:08, Info                  DIAG   GetVolumePath - E:\sources\install.wim-- E:\-- ESD-ISO,-- 1806362632
2026-09-27 04:56:08, Info       [0x07003e] DIAG   CallBack_EditionID: Build is staged
2026-09-27 04:56:08, Info       [0x0601a7] IBS    Callback_CalculateDiskSpaceRequirements:Trying to calculate disk space requirements.
2026-09-27 04:56:08, Info       [0x0601ba] IBS    DiskSpaceReqs: Windows image size (from metadata) = [11084309482] bytes
2026-09-27 04:56:08, Info       [0x0601bb] IBS    DiskSpaceReqs: Windows image size (after padding) = [12998046798] bytes
2026-09-27 04:56:08, Info       [0x0601a9] IBS    Callback_CalculateDiskSpaceRequirements:Successfully calculated the disk space requirements for Windows
2026-09-27 04:56:08, Info                  IBS    DiskSpaceReqs: Windows image contents: [12998046798] bytes
2026-09-27 04:56:08, Info                  IBS    DiskSpaceReqs: ~BT volume (estimate): [0] bytes
2026-09-27 04:56:08, Info                  IBS    DiskSpaceReqs: Install volume (estimate): [12998046798] bytes
2026-09-27 04:56:08, Info                  IBS    DiskSpaceReqs: ~LS volume (estimate w/o padding): [0] bytes
2026-09-27 04:56:08, Info                  IBS    Callback_CalculateDiskSpaceRequirements:Successfully summarized and updated the disk space requirement in the blackboard
2026-09-27 04:56:08, Info                  MIG    Callback_CompliancePrerequisites: event MigLoader:0x170005 occured
2026-09-27 04:56:08, Info       [0x080036] MIG    Callback_Compliance: entering
2026-09-27 04:56:08, Info       [0x090056] PANTHR User selected clean install option
2026-09-27 04:56:08, Info       [0x08003f] MIG    Callback_Compliance: leaving
2026-09-27 04:56:08, Info                  IBS    CheckStagingMemoryRequirements:This is a staged image; skipping check
2026-09-27 04:56:08, Info                  IBS    Callback_SetSelectedImageInfoOnBB: Sufficient memory for SKU assembly: available [0 MB] >= required [0 MB]
2026-09-27 04:56:08, Info       [0x0603d7] IBS    Callback_SetSelectedImageInfoOnBB: Exit
2026-09-27 04:56:08, Info                  DIAG   CallBack_EditionID: Called with notification for ProductKey
2026-09-27 04:56:08, Info       [0x070040] DIAG   CallBack_EditionID: Obtaining Machine information
2026-09-27 04:56:09, Warning    [0x070026] DIAG   Win32_Processor : Unable to retrieve Stepping, vtType = 8. Error code = 0x0
2026-09-27 04:56:09, Info       [0x07005e] DIAG   HARDWARE CONFIG=Ram in KB: Total phys=8249976 avail phys=6976736 Procs=4 Arch=9 Family=205 Width=64 Speed=2901 MHz 
2026-09-27 04:56:09, Info       [0x07002d] DIAG   Logging MachineHardWare to BB
2026-09-27 04:56:09, Info                  IBS    Callback_Productkey_Validate: Found a matching image and gathered its info.
2026-09-27 04:56:09, Info                  DIAG   CallBack_EditionID: Called with notification for ProductKey
2026-09-27 04:56:09, Info       [0x070040] DIAG   CallBack_EditionID: Obtaining Machine information
2026-09-27 04:56:10, Warning    [0x070026] DIAG   Win32_Processor : Unable to retrieve Stepping, vtType = 8. Error code = 0x0
2026-09-27 04:56:10, Info                  IBS    Callback_Productkey_Validate: Storing return code 0x0 on the blackboard.
2026-09-27 04:56:10, Info       [0x060130] IBS    Callback_Productkey_Validate: Exit
2026-09-27 04:56:10, Info       [0x060119] IBS    Callback_Productkey_Validate_Unattend:Product key is valid
2026-09-27 04:56:10, Info       [0x06011d] IBS    Callback_Productkey_Validate_Unattend:Setting ShowUI flag to [0]
2026-09-27 04:56:10, Info       [0x064047] IBSLIB MarkUnattendSettingAsProcessed: Marking unattend setting [UserData\ComputerName] as processed.
2026-09-27 04:56:10, Info       [0x0603c3] IBS    Callback_ComputerName_Unattend:Found no fullname in the unattend.xml
2026-09-27 04:56:10, Info       [0x0603c4] IBS    Callback_ComputerName_Unattend:Found no Organization in the unattend.xml
2026-09-27 04:56:10, Info       [0x060264] IBS    Callback_ComputerName_Unattend:ComputerName is * or was missing from unattend file; auto-generating a ComputerName
2026-09-27 04:56:10, Info       [0x060258] IBS    GenerateName: Failed to read the Key UserData\FullName\Value from Blackboard defaulting to WIN
2026-09-27 04:56:10, Info       [0x060259] IBS    GenerateName: Failed to read the Key UserData\OrgName\Value from Blackboard
2026-09-27 04:56:10, Info       [0x06025d] IBS    Callback_ComputerName_Validate:Computer name is WIN-DGPUV0PUK8R
2026-09-27 04:56:10, Info       [0x06025a] IBS    Callback_ComputerName_Generate:Computer name [WIN-DGPUV0PUK8R] is valid.
2026-09-27 04:56:10, Info       [0x064047] IBSLIB MarkUnattendSettingAsProcessed: Marking unattend setting [SetupUI\SkipEula] as processed.
2026-09-27 04:56:10, Info       [0x06029c] IBS    Callback_License_Unattend:User accepted the EULA in the unattend file.
2026-09-27 04:56:10, Info       [0x064047] IBSLIB MarkUnattendSettingAsProcessed: Marking unattend setting [PrepareDisks] as processed.
2026-09-27 04:56:10, Info       [0x0603ce] IBS    CallBack_DiskConfiguration_ParseUnattend: Parsing unattend.xml's DiskConfiguration setting...
2026-09-27 04:56:10, Info       [0x0606cc] IBS    <DiskConfiguration>: DisableEncryptedDiskProvisioning value was specificed
2026-09-27 04:56:10, Info                  IBS    CallBack_DiskConfiguration_ParseUnattend: Setting the blackboard value to indicate eDrive activation policy
2026-09-27 04:56:10, Info       [0x064047] IBSLIB MarkUnattendSettingAsProcessed: Marking unattend setting [LangPacks] as processed.
2026-09-27 04:56:10, Info       [0x060587] IBS    CallBack_LanguagePacks_Unattend:Processing unattend.
2026-09-27 04:56:10, Info       [0x060588] IBS    CallBack_LanguagePacks_Unattend:Show UI value is [2]
2026-09-27 04:56:10, Info       [0x0605a1] IBS    CallBack_LanguagePacks_Unattend:No Setup language specified in the unattend file
2026-09-27 04:56:10, Info       [0x0605a2] IBS    CallBack_LanguagePacks_Unattend:No Target language specified in the unattend file
2026-09-27 04:56:10, Info       [0x060597] IBS    DetermineSetupLanguage:Media default language is [en-us]
2026-09-27 04:56:10, Info       [0x060598] IBS    DetermineSetupLanguage:Setting setup language to be [en-us]
2026-09-27 04:56:10, Info       [0x06058c] IBS    CallBack_LanguagePacks_Unattend:Setup language is [en-us]
2026-09-27 04:56:10, Info                  IBS    CallBack_LanguagePacks_Unattend: Successfully updated setup's resources to use the unattend selected language [en-us].
2026-09-27 04:56:10, Info       [0x0605a4] IBS    CallBack_LanguagePacks_Unattend:Could not determine Target language. Will ask to show UI
2026-09-27 04:56:10, Info                         PnPIBS: Entering PnP callback to validate unattend.xml settings for component Microsoft-Windows-PnPCustomizationsWinPE ...
2026-09-27 04:56:10, Info                         PnPIBS: Reading driver paths from unattend.xml ...
2026-09-27 04:56:10, Info                         PnPIBS: \$WinPEDriver$ is listed as a driver path in unattend.xml ...
2026-09-27 04:56:10, Info                         PnPIBS: Finished reading driver paths from unattend.xml.
2026-09-27 04:56:10, Info                         PnPIBS: Error 0x2 occurred while checking if \$WinPEDriver$ is a valid path.
2026-09-27 04:56:10, Info       [0x064047] IBSLIB MarkUnattendSettingAsProcessed: Marking unattend setting [SetupComplianceCheck] as processed.
2026-09-27 04:56:10, Info                  IBS    Callback_Compliance_Unattend:User specified an unattend xml file.
2026-09-27 04:56:10, Info                  IBS    Callback_Compliance_Unattend: The user specified a DisplayReport value of [2] in the unattend answer file.
2026-09-27 04:56:10, Info                  IBS    Callback_Compliance_Unattend: Running in WinPE. Compliance checks do not execute, we do not need to read the DisplayReport value from the unattend file.
2026-09-27 04:56:10, Info                  IBS    Callback_Compliance_Unattend:Setting ShowUI flag to [0]
2026-09-27 04:56:10, Info       [0x064047] IBSLIB MarkUnattendSettingAsProcessed: Marking unattend setting [RegionalSettings] as processed.
2026-09-27 04:56:10, Info       [0x0605f8] IBS    SaveUnattendDwordValueonBB:Unattend property [unattend\settings[pass=windowsPE]\component[name=Microsoft-Windows-International-Core-WinPE]\LayeredDriver] value is [0]
2026-09-27 04:56:10, Info       [0x0605f9] IBS    SaveUnattendDwordValueonBB:Successfully saved the value [0] value on black board.
2026-09-27 04:56:10, Info       [0x0605fb] IBS    Callback_Locale_ProcessUnattendSettings: Layered Driver from downlevel system [1]
2026-09-27 04:56:10, Info       [0x060576] IBS    Callback_Locale_SetSetupKeyboardLayout:No inputs available to change the key board layout.
2026-09-27 04:56:10, Info       [0x0a018c] UI     Setup UI language is set to en-US.
2026-09-27 04:56:10, Info       [0x0a0031] UI     Initializing Page 
2026-09-27 04:56:10, Info       [0x0a0032] UI     Initializing Page 
2026-09-27 04:56:10, Info                  UI     Initializing Page 
2026-09-27 04:56:10, Info                  UI     AppWindow has layout style 0
2026-09-27 04:56:10, Info                  UI     NavWindow has layout style 0
2026-09-27 04:56:10, Info       [0x0a017d] UI     User has specified the language thru command line. Language neutral selection UI won't be shown
2026-09-27 04:56:10, Info       [0x0a0035] UI     Allowing Page '' to be shown
2026-09-27 04:56:10, Info       [0x0a011c] UI     WizardDialogPost::SetActive
